game_id,game_date,event_index,player_id,team,shot_distance,shot_angle,shot_type,strength_state,is_powerplay,is_rebound,seconds_since_last_event,is_empty_net,score_differential,period,x_coord,y_coord,prior_event_type,prior_event_distance,is_goal
2025020990,2026-03-07,4,8483489,BOS,41.04,43.03,snap,5v5,0,0,0,0,0,1,59,28,giveaway,9.9,0
2025020990,2026-03-07,10,8477956,BOS,43.83,34.78,slap,5v4,1,0,0,0,0,1,53,-25,blocked-shot,6.4,0
2025020990,2026-03-07,15,8482088,WSH,87.93,17.2,snap,5v5,0,0,0,0,0,1,5,-26,hit,13.45,0
2025020990,2026-03-07,22,8481656,WSH,54.64,34.56,snap,5v5,0,0,0,0,0,1,44,31,faceoff,29.73,0
2025020990,2026-03-07,24,8479345,WSH,81.39,5.64,backhand,5v5,0,0,0,0,0,1,8,8,takeaway,80.62,0
2025020990,2026-03-07,27,8471214,WSH,22.67,48.58,snap,5v5,0,0,0,0,0,1,74,17,faceoff,29.73,0
2025020990,2026-03-07,30,8484186,WSH,41.48,15.38,snap,5v5,0,0,0,0,0,1,49,11,blocked-shot,36.22,0
2025020990,2026-03-07,31,8479520,WSH,38.47,8.97,snap,5v5,0,1,0,0,0,1,51,-6,missed-shot,41.48,0
2025020990,2026-03-07,32,8479520,WSH,46.04,55.62,snap,5v5,0,1,0,0,0,1,63,38,missed-shot,38.47,0
2025020990,2026-03-07,35,8480355,BOS,15.81,34.7,deflected,5v5,0,0,0,0,0,1,76,9,blocked-shot,9.85,0
2025020990,2026-03-07,36,8480355,BOS,6.08,80.54,snap,5v5,0,1,0,0,0,1,88,6,shot-on-goal,15.81,0
2025020990,2026-03-07,43,8476880,WSH,9.85,66.04,snap,5v4,1,0,0,0,0,1,85,-9,faceoff,29.73,0
2025020990,2026-03-07,45,8477496,BOS,12.37,14.04,snap,4v5,0,0,0,0,0,1,77,-3,hit,8.6,0
2025020990,2026-03-07,46,8476880,WSH,19.7,23.96,snap,5v4,1,1,0,0,0,1,71,-8,missed-shot,12.37,0
2025020990,2026-03-07,52,8477496,BOS,11.66,30.96,tip-in,5v5,0,0,0,0,0,1,79,-6,giveaway,34.41,0
2025020990,2026-03-07,53,8477496,BOS,7.21,33.69,snap,5v5,0,1,0,0,0,1,83,-4,shot-on-goal,11.66,0
2025020990,2026-03-07,58,8477496,BOS,10.05,5.71,tip-in,5v4,1,0,0,0,0,1,79,-1,faceoff,29.73,0
2025020990,2026-03-07,59,8477496,BOS,8.25,14.04,snap,5v4,1,1,0,0,0,1,81,2,shot-on-goal,10.05,0
2025020990,2026-03-07,60,8476880,WSH,11.66,30.96,snap,4v5,0,1,0,0,0,1,79,-6,missed-shot,8.25,0
2025020990,2026-03-07,61,8477956,BOS,25.63,20.56,snap,5v4,1,1,0,0,0,1,65,9,shot-on-goal,11.66,0
2025020990,2026-03-07,62,8477956,BOS,40.31,23.39,snap,5v4,1,1,0,0,0,1,52,-16,shot-on-goal,25.63,0
2025020990,2026-03-07,72,8479520,WSH,51.89,25.08,snap,5v5,0,0,0,0,0,1,42,22,giveaway,34.21,0
2025020990,2026-03-07,78,8479345,WSH,25.63,20.56,snap,5v5,0,0,0,0,0,1,65,9,giveaway,84.43,0
2025020990,2026-03-07,79,8479987,BOS,47.51,30.34,snap,5v5,0,1,0,0,0,1,48,24,missed-shot,25.63,0
2025020990,2026-03-07,83,8479345,WSH,32.53,45.0,snap,5v5,0,0,0,0,0,1,66,23,giveaway,67.68,0
2025020990,2026-03-07,85,8480873,WSH,51.01,1.12,snap,5v5,0,0,0,0,0,1,38,-1,takeaway,9.06,0
2025020990,2026-03-07,101,8476854,BOS,49.68,49.9,snap,5v5,0,0,0,0,0,2,57,38,blocked-shot,47.3,0
2025020990,2026-03-07,103,8476880,WSH,7.07,45.0,snap,5v5,0,0,0,0,0,2,84,-5,blocked-shot,7.21,0
2025020990,2026-03-07,107,8484186,WSH,34.48,16.86,snap,5v4,1,0,0,0,0,2,56,-10,faceoff,29.73,0
2025020990,2026-03-07,108,8477507,BOS,22.2,89.74,snap,4v5,0,1,0,0,0,2,92,-22,shot-on-goal,34.48,0
2025020990,2026-03-07,111,8477956,BOS,13.42,63.43,backhand,5v5,0,0,0,0,0,2,83,12,blocked-shot,9.85,0
2025020990,2026-03-07,115,8478401,BOS,8.06,29.74,snap,5v4,1,0,0,0,0,2,82,-4,faceoff,29.73,0
2025020990,2026-03-07,116,8478401,BOS,5.0,36.87,bat,5v4,1,1,0,0,1,2,85,-3,shot-on-goal,8.06,1
2025020990,2026-03-07,118,8479520,WSH,6.71,26.57,tip-in,5v5,0,0,0,0,0,2,83,3,faceoff,89.0,0
2025020990,2026-03-07,119,8477845,WSH,60.42,12.43,slap,5v5,0,1,0,0,0,2,30,-13,missed-shot,6.71,0
2025020990,2026-03-07,122,8471214,WSH,52.5,49.64,snap,5v5,0,0,0,0,0,2,55,-40,faceoff,89.0,0
2025020990,2026-03-07,123,8477507,BOS,51.35,6.71,snap,5v5,0,1,0,0,0,2,38,-6,missed-shot,52.5,0
2025020990,2026-03-07,124,8481656,WSH,42.0,0.0,snap,5v5,0,1,0,0,0,2,47,0,missed-shot,51.35,0
2025020990,2026-03-07,126,8479987,BOS,33.29,57.26,slap,5v5,0,0,0,0,0,2,71,28,hit,8.54,0
2025020990,2026-03-07,127,8479345,WSH,11.4,37.87,snap,5v5,0,1,0,0,0,2,80,-7,shot-on-goal,33.29,0
2025020990,2026-03-07,128,8481656,WSH,10.2,11.31,tip-in,5v5,0,1,0,0,0,2,79,2,shot-on-goal,11.4,1
2025020990,2026-03-07,130,8481219,BOS,32.2,64.23,snap,5v5,0,0,0,0,0,2,75,29,faceoff,89.0,0
2025020990,2026-03-07,136,8478911,WSH,8.49,89.05,snap,4v5,0,0,0,0,0,2,95,6,faceoff,29.73,0
2025020990,2026-03-07,137,8477956,BOS,25.3,71.57,snap,5v4,1,1,0,0,0,2,81,24,shot-on-goal,8.49,0
2025020990,2026-03-07,142,8480796,WSH,19.42,55.49,snap,4v5,0,0,0,0,0,2,78,16,blocked-shot,19.85,0
2025020990,2026-03-07,143,8478042,BOS,36.77,22.38,snap,5v4,1,1,0,0,0,2,55,14,shot-on-goal,19.42,0
2025020990,2026-03-07,144,8483489,BOS,16.28,10.62,bat,5v4,1,1,0,0,0,2,73,3,shot-on-goal,36.77,0
2025020990,2026-03-07,148,8479999,BOS,28.44,79.88,snap,5v5,0,0,0,0,0,2,84,28,hit,43.86,0
2025020990,2026-03-07,150,8480355,BOS,22.63,45.0,wrist,5v5,0,0,0,0,0,2,73,16,giveaway,71.0,0
2025020990,2026-03-07,152,8479325,BOS,64.9,33.69,snap,5v5,0,0,0,0,0,2,35,-36,blocked-shot,23.35,0
2025020990,2026-03-07,159,8482634,BOS,29.73,19.65,snap,5v5,0,0,0,0,0,2,61,10,faceoff,29.73,0
2025020990,2026-03-07,160,8481656,WSH,36.67,64.13,snap,5v5,0,1,0,0,0,2,73,33,missed-shot,29.73,0
2025020990,2026-03-07,164,8479325,BOS,56.52,13.3,slap,5v4,1,0,0,0,0,2,34,-13,faceoff,29.73,0
2025020990,2026-03-07,168,8477956,BOS,47.2,36.38,slap,5v4,1,0,0,0,0,2,51,28,takeaway,25.5,0
2025020990,2026-03-07,172,8477507,BOS,57.8,30.11,slap,5v5,0,0,0,0,0,2,39,-29,giveaway,55.15,0
2025020990,2026-03-07,174,8482088,WSH,5.66,45.0,backhand,5v5,0,0,0,0,0,2,85,-4,giveaway,40.45,0
2025020990,2026-03-07,176,8479345,WSH,64.01,28.97,snap,5v5,0,0,0,0,0,2,33,-31,hit,37.34,0
2025020990,2026-03-07,177,8479345,WSH,52.33,26.08,slap,5v5,0,1,0,0,0,2,42,-23,shot-on-goal,64.01,0
2025020990,2026-03-07,182,8477496,BOS,38.47,27.9,snap,5v5,0,0,0,0,0,2,55,18,hit,96.18,0
2025020990,2026-03-07,188,8471214,WSH,31.95,20.14,snap,5v4,1,0,0,0,0,2,59,11,faceoff,29.73,0
2025020990,2026-03-07,189,8479345,WSH,57.71,27.9,slap,5v4,1,1,0,0,0,2,38,-27,missed-shot,31.95,0
2025020990,2026-03-07,192,8471214,WSH,41.62,35.22,slap,5v4,1,0,0,0,0,2,55,24,faceoff,29.73,0
2025020990,2026-03-07,206,8478401,BOS,7.81,39.81,backhand,5v4,1,0,0,0,0,3,83,-5,blocked-shot,61.72,0
2025020990,2026-03-07,207,8477496,BOS,17.46,13.24,tip-in,5v4,1,1,0,0,0,3,72,4,shot-on-goal,7.81,0
2025020990,2026-03-07,208,8477956,BOS,41.01,45.0,slap,5v4,1,1,0,0,0,3,60,29,missed-shot,17.46,0
2025020990,2026-03-07,212,8483489,BOS,33.12,61.11,snap,5v5,0,0,0,0,0,3,73,29,giveaway,68.26,0
2025020990,2026-03-07,214,8476854,BOS,52.01,52.03,snap,5v5,0,0,0,0,0,3,57,41,giveaway,28.64,0
2025020990,2026-03-07,228,8478042,BOS,21.0,0.0,snap,5v5,0,0,0,0,1,3,68,0,giveaway,63.07,1
2025020990,2026-03-07,234,8483489,BOS,30.41,62.59,snap,5v5,0,0,0,0,0,3,75,27,giveaway,76.94,0
2025020990,2026-03-07,239,8479325,BOS,66.24,28.89,snap,5v5,0,0,0,0,0,3,31,-32,hit,43.08,0
2025020990,2026-03-07,243,8477496,BOS,38.95,60.8,snap,5v5,0,0,0,0,0,3,70,-34,takeaway,40.5,0
2025020990,2026-03-07,246,8478042,BOS,53.26,50.33,backhand,5v5,0,0,0,0,0,3,55,41,hit,77.08,0
2025020990,2026-03-07,249,8478042,BOS,10.44,16.7,backhand,5v5,0,0,0,0,0,3,79,3,faceoff,29.73,0
2025020990,2026-03-07,253,8479325,BOS,19.31,21.25,snap,5v5,0,0,0,0,0,3,71,-7,blocked-shot,15.26,0
2025020990,2026-03-07,256,8480873,WSH,13.42,26.57,deflected,5v5,0,0,0,0,0,3,77,6,faceoff,29.73,0
2025020990,2026-03-07,266,8482634,BOS,31.06,56.82,snap,5v5,0,0,0,0,0,3,72,26,blocked-shot,45.88,0
2025020990,2026-03-07,269,8479987,BOS,35.13,4.9,snap,5v5,0,0,0,0,0,3,54,-3,blocked-shot,14.04,0
2025020990,2026-03-07,274,8478911,WSH,49.24,23.96,slap,5v5,0,0,0,0,0,3,44,-20,faceoff,29.73,0
2025020990,2026-03-07,275,8478911,WSH,67.54,25.43,snap,5v5,0,1,0,0,0,3,28,-29,shot-on-goal,49.24,0
2025020990,2026-03-07,280,8481219,BOS,67.68,34.16,snap,5v5,0,0,0,0,0,3,33,38,hit,83.24,0
2025020990,2026-03-07,290,8481580,WSH,14.87,42.27,snap,5v5,0,0,0,0,0,3,78,-10,faceoff,29.73,0
2025020990,2026-03-07,293,8478440,WSH,91.76,20.41,wrist,5v5,0,0,0,0,0,3,3,32,hit,21.54,0
2025020990,2026-03-07,297,8479345,WSH,41.0,0.0,snap,5v5,0,0,0,0,0,3,48,0,giveaway,45.28,0
2025020990,2026-03-07,300,8479987,BOS,58.82,17.82,snap,5v5,0,0,0,0,0,3,33,18,hit,34.0,0
2025020990,2026-03-07,302,8478463,WSH,58.0,0.0,slap,6v5,1,0,0,0,0,3,31,0,hit,40.26,0
2025020990,2026-03-07,307,8471214,WSH,32.89,19.54,snap,6v5,1,0,0,0,0,3,58,-11,faceoff,29.73,0
2025020990,2026-03-07,312,8471214,WSH,38.29,49.24,snap,6v5,1,0,0,0,0,3,64,29,faceoff,29.73,0
2025020990,2026-03-07,313,8477496,BOS,53.16,16.39,snap,5v6,0,1,0,1,2,3,38,-15,shot-on-goal,38.29,1
2025020991,2026-03-07,2,8478882,NYR,59.91,33.42,slap,5v5,0,0,0,0,0,1,39,33,faceoff,89.0,0
2025020991,2026-03-07,3,8479323,NYR,51.35,6.71,wrist,5v5,0,1,0,0,0,1,38,-6,missed-shot,59.91,0
2025020991,2026-03-07,4,8479407,NJD,21.63,33.69,snap,5v5,0,1,0,0,1,1,71,-12,shot-on-goal,51.35,1
2025020991,2026-03-07,12,8475455,NJD,8.6,35.54,tip-in,5v5,0,0,0,0,0,1,82,5,hit,12.53,0
2025020991,2026-03-07,13,8484958,NJD,31.38,67.52,poke,5v5,0,1,0,0,0,1,77,-29,missed-shot,8.6,0
2025020991,2026-03-07,23,8482073,NYR,40.5,57.09,wrist,5v5,0,0,0,0,0,1,67,-34,faceoff,72.42,0
2025020991,2026-03-07,26,8478414,NJD,33.62,30.38,slap,5v5,0,0,0,0,0,1,60,-17,faceoff,29.73,0
2025020991,2026-03-07,30,8482684,NJD,31.0,0.0,wrist,5v5,0,0,0,0,0,1,58,0,hit,63.82,0
2025020991,2026-03-07,31,8478840,NYR,42.15,22.31,wrist,5v5,0,1,0,0,0,1,50,16,shot-on-goal,31.0,1
2025020991,2026-03-07,34,8482157,NYR,25.3,18.43,snap,5v5,0,0,0,0,0,1,65,-8,hit,50.25,0
2025020991,2026-03-07,41,8478414,NJD,10.2,78.69,snap,5v5,0,0,0,0,0,1,87,-10,faceoff,72.42,0
2025020991,2026-03-07,44,8475760,NJD,29.02,1.97,wrist,5v5,0,0,0,0,0,1,60,1,hit,90.47,0
2025020991,2026-03-07,48,8478882,NYR,48.7,19.18,slap,5v5,0,0,0,0,1,1,43,16,giveaway,12.81,1
2025020991,2026-03-07,57,8481726,NYR,10.63,41.19,wrist,5v5,0,0,0,0,0,1,81,7,giveaway,26.93,0
2025020991,2026-03-07,58,8481726,NYR,22.14,89.73,wrist,5v5,0,1,0,0,0,1,96,21,shot-on-goal,10.63,0
2025020991,2026-03-07,59,8482109,NYR,7.07,45.0,backhand,5v5,0,1,0,0,0,1,84,-5,shot-on-goal,22.14,0
2025020991,2026-03-07,62,8482684,NJD,54.2,37.5,wrist,5v5,0,0,0,0,0,1,46,-33,faceoff,29.73,0
2025020991,2026-03-07,65,8482684,NJD,47.54,14.62,wrist,5v5,0,0,0,0,0,1,43,12,faceoff,29.73,0
2025020991,2026-03-07,68,8482110,NJD,15.26,31.61,snap,5v5,0,0,0,0,0,1,76,-8,faceoff,29.73,0
2025020991,2026-03-07,69,8480002,NJD,58.6,36.67,slap,5v5,0,1,0,0,0,1,42,-35,missed-shot,15.26,0
2025020991,2026-03-07,75,8481789,NYR,36.77,45.0,wrist,5v5,0,0,0,0,0,1,63,26,giveaway,49.16,0
2025020991,2026-03-07,80,8477015,NJD,31.11,45.0,wrist,5v5,0,0,0,0,0,1,67,-22,hit,45.65,0
2025020991,2026-03-07,83,8482157,NYR,17.0,28.07,tip-in,5v5,0,0,0,0,0,1,74,8,faceoff,29.73,0
2025020991,2026-03-07,86,8484210,NYR,24.17,24.44,tip-in,5v5,0,0,0,0,0,1,67,-10,giveaway,25.71,0
2025020991,2026-03-07,95,8482110,NJD,25.0,0.0,tip-in,5v4,1,0,0,0,0,1,64,0,faceoff,72.42,0
2025020991,2026-03-07,96,8482110,NJD,18.97,18.43,snap,5v4,1,1,0,0,0,1,71,-6,missed-shot,25.0,0
2025020991,2026-03-07,97,8482110,NJD,15.52,14.93,tip-in,5v4,1,1,0,0,0,1,74,-4,missed-shot,18.97,1
2025020991,2026-03-07,106,8478414,NJD,19.65,14.74,tip-in,5v5,0,0,0,0,0,2,70,5,faceoff,72.42,0
2025020991,2026-03-07,120,8484958,NJD,55.23,5.19,wrist,5v5,0,0,0,0,0,2,34,5,hit,30.07,0
2025020991,2026-03-07,121,8483495,NJD,40.02,77.01,wrist,5v5,0,1,0,0,0,2,80,-39,shot-on-goal,55.23,0
2025020991,2026-03-07,122,8479407,NJD,25.5,41.82,wrist,5v5,0,1,0,0,0,2,70,-17,missed-shot,40.02,0
2025020991,2026-03-07,131,8475455,NJD,47.51,30.34,wrist,5v5,0,0,0,0,0,2,48,24,blocked-shot,41.59,0
2025020991,2026-03-07,132,8481559,NJD,33.6,36.53,wrist,5v5,0,1,0,0,0,2,62,-20,shot-on-goal,47.51,0
2025020991,2026-03-07,135,8476462,NJD,63.81,32.2,snap,5v5,0,0,0,0,0,2,35,-34,faceoff,72.42,0
2025020991,2026-03-07,137,8483690,NYR,35.85,22.99,wrist,5v5,0,0,0,0,0,2,56,-14,hit,42.49,0
2025020991,2026-03-07,138,8477839,NYR,11.0,0.0,wrist,5v5,0,1,0,0,0,2,78,0,shot-on-goal,35.85,0
2025020991,2026-03-07,140,8480192,NJD,57.31,6.01,slap,5v5,0,0,0,0,0,2,32,-6,giveaway,57.2,0
2025020991,2026-03-07,149,8478414,NJD,47.71,56.98,wrist,5v5,0,0,0,0,0,2,63,40,giveaway,65.49,0
2025020991,2026-03-07,155,8482109,NYR,7.0,0.0,tip-in,5v4,1,0,0,0,0,2,82,0,faceoff,29.73,0
2025020991,2026-03-07,156,8482109,NYR,8.0,0.0,wrist,5v4,1,1,0,0,0,2,81,0,shot-on-goal,7.0,0
2025020991,2026-03-07,157,8484210,NYR,28.3,32.01,wrist,5v4,1,1,0,0,0,2,65,-15,missed-shot,8.0,0
2025020991,2026-03-07,163,8475760,NJD,20.25,57.09,backhand,4v5,0,0,0,0,0,2,78,17,faceoff,29.73,0
2025020991,2026-03-07,166,8478414,NJD,20.25,32.91,snap,5v5,0,0,0,0,0,2,72,-11,blocked-shot,11.0,0
2025020991,2026-03-07,167,8482684,NJD,46.14,29.9,wrist,5v5,0,1,0,0,0,2,49,23,shot-on-goal,20.25,0
2025020991,2026-03-07,173,8483495,NJD,35.0,0.0,wrist,5v5,0,0,0,0,0,2,54,0,giveaway,25.0,0
2025020991,2026-03-07,177,8479407,NJD,34.71,48.5,snap,6v5,1,0,0,0,0,2,66,-26,delayed-penalty,89.0,0
2025020991,2026-03-07,180,8478414,NJD,26.0,0.0,snap,5v4,1,0,0,0,0,2,63,0,faceoff,29.73,0
2025020991,2026-03-07,181,8478414,NJD,14.21,50.71,wrist,5v4,1,1,0,0,0,2,80,-11,shot-on-goal,26.0,0
2025020991,2026-03-07,182,8480002,NJD,44.18,5.19,snap,5v4,1,1,0,0,0,2,45,4,shot-on-goal,14.21,0
2025020991,2026-03-07,186,8481559,NJD,49.16,4.67,slap,5v4,1,0,0,0,1,2,40,4,faceoff,29.73,1
2025020991,2026-03-07,190,8476462,NJD,43.83,55.22,slap,5v5,0,0,0,0,0,2,64,-36,blocked-shot,22.83,0
2025020991,2026-03-07,192,8482157,NYR,19.1,6.01,slap,5v5,0,0,0,0,0,2,70,2,takeaway,54.2,1
2025020991,2026-03-07,198,8478882,NYR,44.6,47.73,slap,5v5,0,0,0,0,0,2,59,33,blocked-shot,52.17,0
2025020991,2026-03-07,201,8482110,NJD,9.85,66.04,tip-in,5v5,0,0,0,0,0,2,85,9,faceoff,72.42,0
2025020991,2026-03-07,213,8477839,NYR,41.18,29.05,wrist,5v5,0,0,0,0,0,3,53,-20,faceoff,29.73,0
2025020991,2026-03-07,218,8484210,NYR,9.9,45.0,wrist,5v4,1,0,0,0,0,3,82,7,faceoff,29.73,0
2025020991,2026-03-07,219,8482110,NJD,26.17,83.42,wrist,4v5,0,1,0,0,0,3,86,26,shot-on-goal,9.9,0
2025020991,2026-03-07,220,8479323,NYR,62.03,20.77,wrist,5v4,1,1,0,0,0,3,31,-22,shot-on-goal,26.17,0
2025020991,2026-03-07,223,8477015,NJD,38.47,8.97,wrist,4v5,0,0,0,0,0,3,51,-6,faceoff,29.73,0
2025020991,2026-03-07,225,8476462,NJD,22.47,32.28,wrist,4v5,0,0,0,0,0,3,70,-12,blocked-shot,6.71,0
2025020991,2026-03-07,228,8483495,NJD,33.42,51.07,snap,5v5,0,0,0,0,0,3,68,-26,faceoff,29.73,0
2025020991,2026-03-07,235,8478399,NJD,63.41,37.95,wrist,5v5,0,0,0,0,0,3,39,39,faceoff,72.42,0
2025020991,2026-03-07,238,8482110,NJD,42.11,4.09,wrist,5v5,0,0,0,0,0,3,47,3,blocked-shot,59.03,0
2025020991,2026-03-07,239,8480192,NJD,52.48,30.96,wrist,5v5,0,1,0,0,0,3,44,-27,missed-shot,42.11,0
2025020991,2026-03-07,241,8482684,NJD,43.68,15.95,wrist,5v5,0,0,0,0,0,3,47,12,hit,53.74,0
2025020991,2026-03-07,245,8481559,NJD,20.52,46.97,wrist,5v4,1,0,0,0,0,3,75,-15,faceoff,29.73,0
2025020991,2026-03-07,247,8479407,NJD,52.92,22.2,wrist,5v4,1,0,0,0,0,3,40,-20,blocked-shot,38.63,0
2025020991,2026-03-07,248,8480002,NJD,20.0,0.0,wrist,5v4,1,1,0,0,1,3,69,0,shot-on-goal,52.92,1
2025020991,2026-03-07,250,8484177,NJD,33.11,64.98,wrist,5v5,0,0,0,0,0,3,75,-30,faceoff,89.0,0
2025020991,2026-03-07,260,8482109,NYR,21.95,59.93,backhand,5v5,0,0,0,0,0,3,78,-19,giveaway,37.2,0
2025020991,2026-03-07,262,8482109,NYR,29.61,11.69,snap,5v5,0,0,0,0,0,3,60,6,giveaway,54.67,0
2025020991,2026-03-07,267,8479323,NYR,49.5,8.13,wrist,5v4,1,0,0,0,0,3,40,-7,faceoff,29.73,0
2025020991,2026-03-07,268,8476459,NYR,41.01,45.0,slap,5v4,1,1,0,0,0,3,60,29,missed-shot,49.5,0
2025020991,2026-03-07,272,8481721,NJD,43.93,48.69,wrist,5v5,0,0,0,0,0,3,60,33,blocked-shot,27.59,0
2025020991,2026-03-07,273,8478840,NYR,65.86,30.07,slap,5v5,0,1,0,0,0,3,32,-33,shot-on-goal,43.93,0
2025020991,2026-03-07,274,8481704,NYR,7.07,45.0,wrist,5v5,0,1,0,0,0,3,84,-5,shot-on-goal,65.86,0
2025020991,2026-03-07,275,8481704,NYR,6.4,51.34,wrist,5v5,0,1,0,0,0,3,85,-5,shot-on-goal,7.07,0
2025020991,2026-03-07,281,8483495,NJD,59.82,38.21,wrist,5v5,0,0,0,0,0,3,42,-37,giveaway,65.3,0
2025020991,2026-03-07,285,8479407,NJD,10.44,16.7,wrist,5v5,0,0,0,0,0,3,79,-3,giveaway,45.97,0
2025020991,2026-03-07,287,8478414,NJD,46.23,38.85,slap,5v5,0,0,0,0,0,3,53,29,blocked-shot,40.5,0
2025020991,2026-03-07,293,8481559,NJD,20.1,5.71,wrist,5v5,0,0,0,0,2,3,69,2,giveaway,44.41,1
2025020991,2026-03-07,297,8476389,NYR,20.0,0.0,wrist,6v5,1,0,0,0,0,3,69,0,faceoff,29.73,0
2025020991,2026-03-07,298,8484210,NYR,30.41,46.33,wrist,6v5,1,1,0,0,0,3,68,-22,missed-shot,20.0,0
2025020991,2026-03-07,299,8476459,NYR,44.01,21.32,wrist,6v5,1,1,0,0,0,3,48,16,shot-on-goal,30.41,0
2025020991,2026-03-07,301,8476389,NYR,21.84,74.05,wrist,6v5,1,0,0,0,0,3,83,21,blocked-shot,18.38,0
2025020991,2026-03-07,304,8481559,NJD,22.85,23.2,wrist,5v6,0,0,0,1,3,3,68,9,giveaway,36.88,1
2025020991,2026-03-07,309,8484177,NJD,65.8,24.23,wrist,5v5,0,0,0,0,0,3,29,-27,faceoff,72.42,0
2025020992,2026-03-07,5,8481524,BUF,44.28,64.59,wrist,5v5,0,0,0,0,0,1,70,40,faceoff,29.73,0
2025020992,2026-03-07,13,8481524,BUF,4.12,75.96,wrap-around,5v5,0,0,0,0,0,1,88,-4,giveaway,13.0,0
2025020992,2026-03-07,16,8480807,BUF,61.91,31.12,wrist,5v5,0,0,0,0,0,1,36,-32,faceoff,29.73,0
2025020992,2026-03-07,20,8477949,BUF,20.25,57.09,snap,5v5,0,0,0,0,0,1,78,17,blocked-shot,34.21,0
2025020992,2026-03-07,22,8480246,NSH,46.65,59.04,backhand,5v5,0,0,0,0,0,1,65,40,giveaway,15.52,0
2025020992,2026-03-07,32,8476887,NSH,26.48,10.89,tip-in,4v4,0,0,0,0,0,1,63,-5,faceoff,72.42,0
2025020992,2026-03-07,33,8476887,NSH,37.66,10.71,snap,4v4,0,1,0,0,0,1,52,-7,missed-shot,26.48,0
2025020992,2026-03-07,39,8479980,NSH,28.6,36.47,snap,4v5,0,0,0,0,0,1,66,-17,faceoff,29.73,0
2025020992,2026-03-07,52,8480891,BUF,28.23,22.93,backhand,5v5,0,0,0,0,0,1,63,11,hit,31.14,0
2025020992,2026-03-07,53,8482671,BUF,50.77,32.12,wrist,5v5,0,1,0,0,0,1,46,-27,shot-on-goal,28.23,0
2025020992,2026-03-07,58,8482742,NSH,68.15,14.44,snap,5v5,0,0,0,0,0,1,23,17,faceoff,29.73,0
2025020992,2026-03-07,63,8476887,NSH,37.58,25.2,snap,5v5,0,0,0,0,0,1,55,-16,hit,21.1,0
2025020992,2026-03-07,65,8482146,NSH,16.12,29.74,bat,5v5,0,0,0,0,0,1,75,-8,blocked-shot,15.65,0
2025020992,2026-03-07,70,8479980,NSH,39.41,35.71,slap,5v5,0,0,0,0,0,1,57,23,hit,37.22,0
2025020992,2026-03-07,72,8482146,NSH,4.12,14.04,poke,5v5,0,0,0,0,0,1,85,1,blocked-shot,6.71,0
2025020992,2026-03-07,76,8483500,BUF,62.68,33.94,snap,5v5,0,0,0,0,0,1,37,-35,hit,79.4,0
2025020992,2026-03-07,77,8480246,NSH,52.5,17.74,snap,5v5,0,1,0,0,0,1,39,16,missed-shot,62.68,0
2025020992,2026-03-07,84,8483500,BUF,23.0,0.0,tip-in,5v5,0,0,0,0,0,1,66,0,faceoff,29.73,0
2025020992,2026-03-07,87,8479420,BUF,58.42,6.88,slap,5v5,0,0,0,0,0,1,31,-7,faceoff,72.42,0
2025020992,2026-03-07,99,8482097,BUF,33.24,21.16,backhand,5v5,0,0,0,0,0,2,58,-12,hit,43.86,0
2025020992,2026-03-07,101,8482742,NSH,27.73,25.64,wrist,5v5,0,0,0,0,1,2,64,12,giveaway,70.21,1
2025020992,2026-03-07,109,8482742,NSH,4.0,0.0,tip-in,5v5,0,0,0,0,0,2,85,0,blocked-shot,29.21,0
2025020992,2026-03-07,110,8480246,NSH,39.2,37.75,slap,5v5,0,1,0,0,0,2,58,-24,missed-shot,4.0,0
2025020992,2026-03-07,111,8481522,BUF,25.0,53.13,backhand,5v5,0,1,0,0,0,2,74,-20,shot-on-goal,39.2,0
2025020992,2026-03-07,118,8482671,BUF,55.15,22.38,wrist,5v5,0,0,0,0,0,2,38,-21,faceoff,29.73,0
2025020992,2026-03-07,122,8484145,BUF,85.43,25.67,tip-in,5v5,0,0,0,0,0,2,12,37,faceoff,89.0,0
2025020992,2026-03-07,125,8484145,BUF,61.4,6.55,snap,5v5,0,0,0,0,0,2,28,-7,giveaway,6.08,0
2025020992,2026-03-07,131,8482097,BUF,29.7,45.0,snap,5v5,0,0,0,0,0,2,68,21,faceoff,29.73,0
2025020992,2026-03-07,134,8479420,BUF,5.1,78.69,tip-in,5v5,0,0,0,0,0,2,88,-5,faceoff,29.73,0
2025020992,2026-03-07,135,8479420,BUF,7.62,89.18,wrist,5v5,0,1,0,0,0,2,92,7,shot-on-goal,5.1,0
2025020992,2026-03-07,138,8482659,BUF,6.32,89.05,backhand,5v5,0,0,0,0,0,2,91,-6,faceoff,29.73,0
2025020992,2026-03-07,139,8480839,BUF,32.28,73.81,wrist,5v5,0,1,0,0,0,2,80,31,missed-shot,6.32,0
2025020992,2026-03-07,145,8475722,BUF,39.2,52.25,snap,5v5,0,0,0,0,0,2,65,31,faceoff,72.42,0
2025020992,2026-03-07,150,8474564,NSH,24.35,19.18,snap,5v4,1,0,0,0,0,2,66,8,faceoff,29.73,0
2025020992,2026-03-07,153,8474600,NSH,63.57,19.29,wrist,5v4,1,0,0,0,0,2,29,21,faceoff,29.73,0
2025020992,2026-03-07,154,8476887,NSH,41.87,40.16,slap,5v4,1,1,0,0,0,2,57,-27,shot-on-goal,63.57,0
2025020992,2026-03-07,157,8475158,NSH,15.0,53.13,wrist,5v4,1,0,0,0,0,2,80,-12,faceoff,29.73,0
2025020992,2026-03-07,160,8482146,NSH,25.18,6.84,snap,5v4,1,0,0,0,0,2,64,3,faceoff,29.73,0
2025020992,2026-03-07,163,8480807,BUF,59.62,22.69,snap,5v5,0,0,0,0,0,2,34,-23,faceoff,29.73,0
2025020992,2026-03-07,167,8479980,NSH,51.66,42.65,snap,5v5,0,0,0,0,0,2,51,-35,hit,82.3,0
2025020992,2026-03-07,175,8475722,BUF,41.23,50.91,wrist,5v5,0,0,0,0,0,2,63,32,blocked-shot,43.68,0
2025020992,2026-03-07,176,8476887,NSH,36.06,19.44,snap,5v5,0,1,0,0,0,2,55,12,shot-on-goal,41.23,0
2025020992,2026-03-07,183,8479420,BUF,17.09,20.56,slap,5v5,0,0,0,0,0,2,73,-6,giveaway,31.02,1
2025020992,2026-03-07,187,8476887,NSH,33.94,45.0,snap,5v5,0,0,0,0,0,2,65,24,faceoff,29.73,0
2025020992,2026-03-07,188,8476539,NSH,53.91,40.49,wrist,5v5,0,1,0,0,0,2,48,35,shot-on-goal,33.94,0
2025020992,2026-03-07,189,8482097,BUF,26.93,15.07,snap,5v5,0,1,0,0,0,2,63,-7,missed-shot,53.91,0
2025020992,2026-03-07,190,8475722,BUF,2.83,45.0,wrist,5v5,0,1,0,0,1,2,87,-2,shot-on-goal,26.93,1
2025020992,2026-03-07,196,8482659,BUF,11.0,0.0,wrist,5v5,0,0,0,0,0,2,78,0,faceoff,29.73,0
2025020992,2026-03-07,200,8482671,BUF,47.42,24.94,slap,5v5,0,0,0,0,0,2,46,-20,faceoff,29.73,0
2025020992,2026-03-07,206,8475287,NSH,60.44,38.96,wrist,5v5,0,0,0,0,0,2,42,38,faceoff,29.73,0
2025020992,2026-03-07,207,8482742,NSH,5.66,45.0,snap,5v5,0,1,0,0,0,2,85,4,shot-on-goal,60.44,0
2025020992,2026-03-07,209,8475722,BUF,30.61,38.37,wrist,5v5,0,0,0,0,0,2,65,19,hit,44.6,0
2025020992,2026-03-07,212,8481522,BUF,29.27,7.85,tip-in,5v5,0,0,0,0,0,2,60,-4,faceoff,29.73,0
2025020992,2026-03-07,217,8482659,BUF,15.81,18.43,snap,5v5,0,0,0,0,2,3,74,-5,faceoff,89.0,1
2025020992,2026-03-07,219,8479420,BUF,36.0,0.0,wrist,5v5,0,0,0,0,0,3,53,0,faceoff,89.0,0
2025020992,2026-03-07,226,8484145,BUF,40.52,74.25,backhand,5v5,0,0,0,0,0,3,78,39,takeaway,19.21,0
2025020992,2026-03-07,227,8475842,BUF,39.96,58.3,snap,5v5,0,1,0,0,0,3,68,-34,missed-shot,40.52,0
2025020992,2026-03-07,234,8482659,BUF,39.41,35.71,snap,5v5,0,0,0,0,0,3,57,-23,takeaway,50.22,0
2025020992,2026-03-07,240,8484241,NSH,7.62,66.8,backhand,5v5,0,0,0,0,0,3,86,7,takeaway,41.63,0
2025020992,2026-03-07,244,8475722,BUF,29.55,66.04,snap,5v5,0,0,0,0,0,3,77,27,blocked-shot,35.78,0
2025020992,2026-03-07,249,8475842,BUF,54.49,47.23,snap,5v5,0,0,0,0,0,3,52,-40,giveaway,20.4,0
2025020992,2026-03-07,257,8484241,NSH,10.0,36.87,tip-in,5v5,0,0,0,0,0,3,81,-6,faceoff,29.73,0
2025020992,2026-03-07,258,8476887,NSH,30.89,29.05,tip-in,5v5,0,1,0,0,0,3,62,15,missed-shot,10.0,0
2025020992,2026-03-07,259,8479980,NSH,62.59,12.93,slap,5v5,0,1,0,0,0,3,28,14,missed-shot,30.89,0
2025020992,2026-03-07,262,8475158,NSH,9.06,6.34,deflected,5v4,1,0,0,0,0,3,80,-1,faceoff,29.73,0
2025020992,2026-03-07,264,8480839,BUF,67.74,31.11,backhand,4v5,0,0,0,0,0,3,31,-35,takeaway,65.86,0
2025020992,2026-03-07,265,8484241,NSH,33.53,17.35,snap,5v4,1,1,0,0,0,3,57,10,shot-on-goal,67.74,0
2025020992,2026-03-07,266,8482146,NSH,35.85,67.01,slap,5v5,0,1,0,0,0,3,75,-33,shot-on-goal,33.53,0
2025020992,2026-03-07,270,8481524,BUF,31.38,30.65,wrist,5v5,0,0,0,0,0,3,62,16,hit,11.4,0
2025020992,2026-03-07,271,8484305,BUF,69.77,27.3,snap,5v5,0,1,0,0,0,3,27,-32,shot-on-goal,31.38,0
2025020992,2026-03-07,272,8475287,NSH,32.65,49.97,snap,5v5,0,1,0,0,0,3,68,25,shot-on-goal,69.77,0
2025020992,2026-03-07,275,8475158,NSH,8.94,26.57,tip-in,5v5,0,0,0,0,0,3,81,4,faceoff,29.73,0
2025020992,2026-03-07,284,8484145,BUF,17.69,42.71,snap,5v5,0,0,0,0,0,3,76,12,delayed-penalty,89.0,0
2025020992,2026-03-07,288,8482097,BUF,7.81,39.81,snap,5v4,1,0,0,0,0,3,83,5,giveaway,27.86,0
2025020992,2026-03-07,289,8475158,NSH,29.12,15.95,wrist,4v5,0,1,0,0,0,3,61,8,shot-on-goal,7.81,0
2025020992,2026-03-07,298,8475287,NSH,15.65,26.57,wrist,5v5,0,0,0,0,0,3,75,7,delayed-penalty,89.0,0
2025020992,2026-03-07,302,8484241,NSH,13.04,4.4,tip-in,6v4,1,0,0,0,-1,3,76,1,faceoff,29.73,1
2025020992,2026-03-07,308,8482659,BUF,45.12,12.8,snap,5v5,0,0,0,0,0,3,45,-10,faceoff,72.42,0
2025020992,2026-03-07,309,8474600,NSH,51.62,31.53,wrist,6v5,1,1,0,0,0,3,45,27,shot-on-goal,45.12,0
2025020992,2026-03-07,310,8476887,NSH,33.24,43.78,slap,6v5,1,1,0,0,0,3,65,-23,missed-shot,51.62,0
2025020992,2026-03-07,311,8484241,NSH,34.93,13.24,slap,6v5,1,1,0,0,0,3,55,-8,missed-shot,33.24,0
2025020992,2026-03-07,312,8474600,NSH,47.17,21.12,snap,6v5,1,1,0,0,0,3,45,17,shot-on-goal,34.93,0
2025020992,2026-03-07,316,8480807,BUF,8.49,45.0,wrist,5v6,0,0,0,1,0,3,83,-6,giveaway,28.28,0
2025020993,2026-03-07,2,8478569,PIT,19.21,38.66,tip-in,5v5,0,0,0,0,0,1,74,-12,faceoff,89.0,0
2025020993,2026-03-07,3,8480980,PIT,17.49,59.04,wrist,5v5,0,1,0,0,0,1,80,15,missed-shot,19.21,0
2025020993,2026-03-07,17,8478438,PIT,33.96,13.63,wrist,5v4,1,0,0,0,1,1,56,8,faceoff,29.73,1
2025020993,2026-03-07,22,8482993,PIT,23.77,14.62,tip-in,5v5,0,0,0,0,0,1,66,-6,faceoff,29.73,0
2025020993,2026-03-07,26,8480015,PHI,23.77,14.62,wrist,5v5,0,0,0,0,0,1,66,6,giveaway,52.4,1
2025020993,2026-03-07,28,8482475,PIT,15.81,55.3,backhand,5v5,0,0,0,0,0,1,80,13,faceoff,89.0,0
2025020993,2026-03-07,30,8475810,PIT,13.04,4.4,backhand,5v5,0,0,0,0,0,1,76,1,blocked-shot,14.14,0
2025020993,2026-03-07,33,8482142,PHI,61.77,29.05,slap,5v5,0,0,0,0,0,1,35,-30,blocked-shot,11.4,0
2025020993,2026-03-07,35,8478569,PIT,88.0,0.0,wrist,5v5,0,0,0,0,0,1,1,0,giveaway,18.36,0
2025020993,2026-03-07,42,8481533,PHI,49.65,18.8,wrist,5v5,0,0,0,0,0,1,42,16,faceoff,29.73,0
2025020993,2026-03-07,43,8480015,PHI,26.08,85.6,wrist,5v5,0,1,0,0,0,1,87,-26,missed-shot,49.65,0
2025020993,2026-03-07,63,8479398,PIT,67.6,29.22,snap,5v5,0,0,0,0,0,1,30,33,hit,41.11,0
2025020993,2026-03-07,65,8481533,PHI,24.41,34.99,wrist,5v5,0,0,0,0,0,1,69,14,takeaway,92.11,0
2025020993,2026-03-07,68,8477948,PHI,52.35,28.52,slap,5v5,0,0,0,0,0,1,43,25,faceoff,29.73,0
2025020993,2026-03-07,69,8484387,PHI,7.62,66.8,tip-in,5v5,0,1,0,0,0,1,86,7,missed-shot,52.35,0
2025020993,2026-03-07,79,8478569,PIT,19.1,6.01,wrist,4v5,0,0,0,0,0,1,70,2,hit,17.09,0
2025020993,2026-03-07,84,8482475,PIT,12.21,55.01,tip-in,5v5,0,0,0,0,0,1,82,10,giveaway,33.06,0
2025020993,2026-03-07,89,8478438,PIT,14.42,56.31,wrist,5v5,0,0,0,0,0,1,81,12,blocked-shot,10.77,0
2025020993,2026-03-07,91,8484387,PHI,19.24,27.9,backhand,5v5,0,0,0,0,0,1,72,9,giveaway,32.06,0
2025020993,2026-03-07,92,8485414,PIT,21.26,41.19,wrist,5v5,0,1,0,0,0,1,73,-14,missed-shot,19.24,0
2025020993,2026-03-07,103,8485414,PIT,10.77,68.2,wrist,5v4,1,0,0,0,0,2,85,-10,faceoff,89.0,0
2025020993,2026-03-07,104,8476461,PHI,25.32,89.77,wrist,4v5,0,1,0,0,0,2,93,-25,missed-shot,10.77,0
2025020993,2026-03-07,114,8477948,PHI,56.86,23.86,wrist,5v5,0,0,0,0,0,2,37,23,faceoff,29.73,0
2025020993,2026-03-07,119,8478454,PHI,49.34,17.7,slap,5v5,0,0,0,0,0,2,42,15,hit,45.49,0
2025020993,2026-03-07,120,8479336,PHI,39.66,33.69,wrist,5v5,0,1,0,0,0,2,56,22,shot-on-goal,49.34,0
2025020993,2026-03-07,124,8476483,PIT,40.8,17.1,wrist,5v5,0,0,0,0,1,2,50,-12,faceoff,29.73,1
2025020993,2026-03-07,132,8483731,PHI,25.5,25.56,wrist,5v5,0,0,0,0,0,2,66,-11,giveaway,44.38,1
2025020993,2026-03-07,134,8478854,PIT,60.01,23.57,slap,5v5,0,0,0,0,0,2,34,24,faceoff,89.0,0
2025020993,2026-03-07,138,8474578,PIT,51.88,27.55,slap,5v5,0,0,0,0,1,2,43,24,faceoff,29.73,1
2025020993,2026-03-07,144,8484387,PHI,45.25,45.0,wrist,5v5,0,0,0,0,0,2,57,32,hit,89.01,0
2025020993,2026-03-07,148,8477989,PHI,7.28,15.95,wrist,5v5,0,0,0,0,0,2,82,2,hit,49.0,0
2025020993,2026-03-07,151,8482126,PHI,61.35,19.03,snap,5v5,0,0,0,0,0,2,31,-20,faceoff,29.73,0
2025020993,2026-03-07,152,8480980,PIT,8.06,7.13,tip-in,5v5,0,1,0,0,0,2,81,-1,missed-shot,61.35,0
2025020993,2026-03-07,158,8471724,PIT,61.72,40.4,snap,5v5,0,0,0,0,0,2,42,-40,faceoff,72.42,0
2025020993,2026-03-07,159,8480980,PIT,8.94,63.43,wrist,5v5,0,1,0,0,0,2,85,8,shot-on-goal,61.72,0
2025020993,2026-03-07,161,8478569,PIT,21.4,52.59,tip-in,5v5,0,0,0,0,0,2,76,-17,hit,70.72,0
2025020993,2026-03-07,164,8484142,PHI,5.0,53.13,backhand,5v5,0,0,0,0,0,2,86,-4,faceoff,29.73,1
2025020993,2026-03-07,168,8479638,PIT,16.64,32.74,tip-in,5v5,0,0,0,0,0,2,75,-9,blocked-shot,18.36,0
2025020993,2026-03-07,173,8480980,PIT,39.05,13.32,slap,5v5,0,0,0,0,0,2,51,9,blocked-shot,25.71,0
2025020993,2026-03-07,180,8477948,PHI,21.21,45.0,wrist,5v5,0,0,0,0,0,2,74,15,delayed-penalty,89.0,0
2025020993,2026-03-07,183,8481533,PHI,41.34,32.15,slap,5v4,1,0,0,0,0,2,54,-22,faceoff,29.73,0
2025020993,2026-03-07,185,8484142,PHI,6.4,38.66,tip-in,5v4,1,0,0,0,0,2,84,4,takeaway,68.24,0
2025020993,2026-03-07,186,8483731,PHI,28.6,53.53,wrist,5v4,1,1,0,0,0,2,72,23,missed-shot,6.4,0
2025020993,2026-03-07,187,8477989,PHI,9.0,0.0,tip-in,5v4,1,1,0,0,0,2,80,0,missed-shot,28.6,0
2025020993,2026-03-07,189,8480980,PIT,28.02,2.05,wrist,4v5,0,0,0,0,0,2,61,-1,takeaway,45.54,0
2025020993,2026-03-07,191,8478450,PIT,53.37,12.99,slap,5v5,0,0,0,0,0,2,37,12,hit,7.21,0
2025020993,2026-03-07,199,8481533,PHI,21.63,33.69,tip-in,5v5,0,0,0,0,0,2,71,-12,hit,22.56,0
2025020993,2026-03-07,200,8477903,PHI,15.81,18.43,tip-in,5v5,0,1,0,0,0,2,74,-5,missed-shot,21.63,0
2025020993,2026-03-07,207,8482475,PIT,24.6,26.57,snap,5v5,0,0,0,0,0,3,67,11,faceoff,89.0,0
2025020993,2026-03-07,213,8477365,PIT,53.41,38.16,wrist,5v5,0,0,0,0,0,3,47,-33,hit,47.43,0
2025020993,2026-03-07,217,8478438,PIT,14.87,47.73,tip-in,5v5,0,0,0,0,0,3,79,-11,faceoff,29.73,0
2025020993,2026-03-07,221,8476483,PIT,19.92,17.53,wrist,5v5,0,0,0,0,0,3,70,-6,hit,9.85,0
2025020993,2026-03-07,229,8478438,PIT,6.32,71.57,backhand,5v4,1,0,0,0,0,3,87,-6,faceoff,29.73,0
2025020993,2026-03-07,237,8475810,PIT,6.32,18.43,tip-in,5v5,0,0,0,0,0,3,83,-2,blocked-shot,25.55,0
2025020993,2026-03-07,239,8483731,PHI,43.05,59.26,wrist,5v5,0,0,0,0,0,3,67,37,giveaway,16.12,0
2025020993,2026-03-07,245,8479638,PIT,30.53,31.61,wrist,5v5,0,0,0,0,0,3,63,-16,faceoff,72.42,0
2025020993,2026-03-07,246,8479638,PIT,31.38,59.35,wrist,5v5,0,1,0,0,0,3,73,-27,shot-on-goal,30.53,0
2025020993,2026-03-07,247,8479638,PIT,17.69,47.29,tip-in,5v5,0,1,0,0,0,3,77,-13,missed-shot,31.38,0
2025020993,2026-03-07,252,8477365,PIT,33.94,45.0,wrist,5v5,0,0,0,0,0,3,65,-24,giveaway,12.37,0
2025020993,2026-03-07,261,8483731,PHI,27.73,64.36,wrist,5v5,0,0,0,0,0,3,77,25,faceoff,29.73,0
2025020993,2026-03-07,262,8482142,PHI,60.3,5.71,slap,5v5,0,1,0,0,0,3,29,-6,missed-shot,27.73,0
2025020993,2026-03-07,266,8482142,PHI,50.8,10.2,slap,5v5,0,0,0,0,0,3,39,-9,blocked-shot,43.68,0
2025020993,2026-03-07,271,8484142,PHI,7.21,33.69,backhand,5v5,0,0,0,0,0,3,83,-4,faceoff,29.73,0
2025020993,2026-03-07,275,8479336,PHI,41.15,64.06,wrist,5v5,0,0,0,0,0,3,71,-37,faceoff,29.73,0
2025020993,2026-03-07,285,8485414,PIT,34.06,3.37,wrist,5v4,1,0,0,0,0,3,55,2,faceoff,29.73,0
2025020993,2026-03-07,286,8471724,PIT,43.01,1.33,wrist,5v4,1,1,0,0,0,3,46,1,missed-shot,34.06,0
2025020993,2026-03-07,290,8476483,PIT,12.08,65.56,wrist,5v4,1,0,0,0,0,3,84,11,blocked-shot,8.0,0
2025020993,2026-03-07,294,8482142,PHI,66.65,27.72,wrist,5v5,0,0,0,0,0,3,30,-31,faceoff,29.73,0
2025020993,2026-03-07,306,8480980,PIT,11.4,37.87,tip-in,5v5,0,0,0,0,0,3,80,7,blocked-shot,5.39,0
2025020993,2026-03-07,309,8471724,PIT,91.79,23.77,wrist,5v5,0,0,0,0,0,3,5,-37,faceoff,29.73,0
2025020993,2026-03-07,313,8482142,PHI,6.08,9.46,wrist,3v3,0,0,0,0,0,4,83,1,faceoff,89.0,0
2025020993,2026-03-07,314,8481533,PHI,11.66,59.04,wrist,3v3,0,1,0,0,0,4,83,-10,missed-shot,6.08,0
2025020993,2026-03-07,317,8471724,PIT,11.4,74.74,wrist,3v3,0,0,0,0,0,4,86,-11,faceoff,29.73,0
2025020993,2026-03-07,318,8476483,PIT,13.6,53.97,backhand,3v3,0,1,0,0,0,4,81,11,missed-shot,11.4,0
2025020993,2026-03-07,320,8482475,PIT,35.69,11.31,snap,3v3,0,0,0,0,0,4,54,-7,hit,29.02,0
2025020993,2026-03-07,324,8474578,PIT,37.22,6.17,wrist,4v3,1,0,0,0,0,4,52,-4,faceoff,29.73,0
2025020993,2026-03-07,325,8476483,PIT,8.06,29.74,tip-in,4v3,1,1,0,0,0,4,82,4,missed-shot,37.22,0
2025020993,2026-03-07,326,8476483,PIT,10.05,5.71,tip-in,4v3,1,1,0,0,0,4,79,-1,shot-on-goal,8.06,0
2025020993,2026-03-07,327,8482475,PIT,35.78,26.57,wrist,4v3,1,1,0,0,0,4,57,16,shot-on-goal,10.05,0
2025020993,2026-03-07,331,8477511,PIT,13.04,32.47,wrist,1v0,1,0,0,0,0,5,78,7,period-start,89.0,0
2025020993,2026-03-07,332,8484387,PHI,19.0,0.0,wrist,1v0,1,1,0,0,0,5,70,0,shot-on-goal,13.04,0
2025020993,2026-03-07,333,8476483,PIT,17.46,13.24,wrist,1v0,1,1,0,0,0,5,72,-4,shot-on-goal,19.0,0
2025020993,2026-03-07,334,8481533,PHI,16.12,7.13,wrist,1v0,1,1,0,0,0,5,73,2,shot-on-goal,17.46,1
2025020993,2026-03-07,335,8482475,PIT,17.03,3.37,wrist,1v0,1,1,0,0,0,5,72,1,goal,16.12,0
2025020994,2026-03-07,5,8481582,TOR,6.4,51.34,tip-in,5v5,0,0,0,0,0,1,85,-5,faceoff,29.73,0
2025020994,2026-03-07,8,8475167,TBL,62.61,26.57,slap,5v5,0,0,0,0,0,1,33,28,faceoff,72.42,0
2025020994,2026-03-07,13,8477939,TOR,11.7,19.98,backhand,5v5,0,0,0,0,0,1,78,4,takeaway,81.88,0
2025020994,2026-03-07,19,8478443,TOR,23.77,14.62,wrist,5v5,0,0,0,0,0,1,66,6,hit,78.41,0
2025020994,2026-03-07,24,8481711,TOR,27.46,10.49,wrist,5v5,0,0,0,0,1,1,62,5,giveaway,65.6,1
2025020994,2026-03-07,26,8476878,TBL,77.82,25.91,tip-in,5v5,0,0,0,0,0,1,19,-34,faceoff,89.0,0
2025020994,2026-03-07,31,8474151,TBL,36.36,58.5,wrist,5v5,0,0,0,0,0,1,70,31,hit,20.62,1
2025020994,2026-03-07,34,8482655,TBL,47.71,33.02,wrist,5v5,0,0,0,0,0,1,49,26,hit,27.0,0
2025020994,2026-03-07,38,8475166,TOR,31.05,14.93,snap,6v5,1,0,0,0,0,1,59,8,delayed-penalty,89.0,0
2025020994,2026-03-07,39,8478904,TOR,7.07,45.0,wrist,6v5,1,1,0,0,0,1,84,5,shot-on-goal,31.05,0
2025020994,2026-03-07,45,8478519,TBL,10.0,53.13,backhand,4v5,0,0,0,0,0,1,83,8,giveaway,26.48,0
2025020994,2026-03-07,47,8484901,TOR,34.71,48.5,wrist,5v5,0,0,0,0,0,1,66,-26,hit,32.0,0
2025020994,2026-03-07,50,8478178,TBL,9.9,45.0,backhand,5v5,0,0,0,0,0,1,82,-7,faceoff,29.73,0
2025020994,2026-03-07,55,8476878,TBL,12.17,80.54,backhand,5v5,0,0,0,0,0,1,87,-12,faceoff,29.73,0
2025020994,2026-03-07,56,8482655,TBL,6.4,38.66,backhand,5v5,0,1,0,0,0,1,84,-4,missed-shot,12.17,0
2025020994,2026-03-07,57,8478178,TBL,29.12,15.95,wrist,5v5,0,1,0,0,0,1,61,-8,shot-on-goal,6.4,0
2025020994,2026-03-07,70,8478010,TBL,5.66,45.0,tip-in,5v5,0,0,0,0,0,1,85,4,faceoff,29.73,0
2025020994,2026-03-07,72,8477404,TBL,10.0,0.0,backhand,5v5,0,0,0,0,1,1,79,0,delayed-penalty,89.0,1
2025020994,2026-03-07,75,8478178,TBL,69.64,32.09,slap,5v5,0,0,0,0,0,1,30,-37,hit,15.65,0
2025020994,2026-03-07,76,8479318,TOR,14.21,50.71,backhand,5v5,0,1,0,0,0,1,80,-11,shot-on-goal,69.64,0
2025020994,2026-03-07,77,8479318,TOR,5.39,88.85,backhand,5v5,0,1,0,0,0,1,91,-5,shot-on-goal,14.21,0
2025020994,2026-03-07,78,8477939,TOR,8.94,26.57,wrist,5v5,0,1,0,0,0,1,81,-4,shot-on-goal,5.39,0
2025020994,2026-03-07,82,8470621,TBL,19.85,49.09,snap,5v5,0,0,0,0,2,1,76,15,takeaway,11.31,1
2025020994,2026-03-07,85,8478178,TBL,5.0,36.87,backhand,5v5,0,0,0,0,0,1,85,-3,blocked-shot,25.0,0
2025020994,2026-03-07,89,8477416,TBL,26.91,48.01,slap,5v4,1,0,0,0,3,1,71,20,faceoff,29.73,1
2025020994,2026-03-07,97,8483447,TBL,43.57,58.13,wrist,5v5,0,0,0,0,0,1,66,37,hit,25.02,0
2025020994,2026-03-07,102,8477149,TBL,7.0,0.0,tip-in,5v5,0,0,0,0,0,1,82,0,faceoff,29.73,0
2025020994,2026-03-07,107,8475166,TOR,45.18,27.7,tip-in,5v4,1,0,0,0,0,1,49,21,faceoff,29.73,0
2025020994,2026-03-07,109,8479318,TOR,21.02,25.35,snap,5v4,1,0,0,0,0,1,70,-9,hit,8.0,0
2025020994,2026-03-07,119,8475167,TBL,46.86,50.19,snap,5v5,0,0,0,0,0,2,59,36,giveaway,17.0,0
2025020994,2026-03-07,127,8479442,TOR,53.67,26.57,wrist,5v5,0,0,0,0,0,2,41,-24,faceoff,72.42,0
2025020994,2026-03-07,138,8478416,TBL,40.31,60.26,wrist,5v5,0,0,0,0,0,2,69,-35,hit,14.42,0
2025020994,2026-03-07,146,8484158,TOR,23.26,64.54,wrist,5v5,0,0,0,0,0,2,79,21,hit,63.25,0
2025020994,2026-03-07,147,8484158,TOR,8.25,75.96,deflected,5v5,0,1,0,0,0,2,87,8,shot-on-goal,23.26,0
2025020994,2026-03-07,154,8478010,TBL,16.55,25.02,wrist,6v5,1,0,0,0,0,2,74,-7,delayed-penalty,89.0,0
2025020994,2026-03-07,158,8484901,TOR,32.53,45.0,snap,4v5,0,0,0,0,0,2,66,-23,faceoff,29.73,0
2025020994,2026-03-07,159,8476453,TBL,34.54,22.11,snap,5v4,1,1,0,0,0,2,57,-13,shot-on-goal,32.53,0
2025020994,2026-03-07,162,8476853,TOR,35.85,59.86,wrist,4v5,0,0,0,0,0,2,71,31,blocked-shot,11.05,0
2025020994,2026-03-07,163,8476453,TBL,37.01,1.55,wrist,5v5,0,1,0,0,0,2,52,-1,shot-on-goal,35.85,0
2025020994,2026-03-07,173,8479318,TOR,22.02,50.53,wrist,5v4,1,0,0,0,0,2,75,-17,faceoff,29.73,0
2025020994,2026-03-07,177,8481711,TOR,15.3,78.69,wrist,5v4,1,0,0,0,0,2,86,15,giveaway,51.66,0
2025020994,2026-03-07,178,8481582,TOR,34.0,28.07,snap,5v5,0,1,0,0,0,2,59,16,missed-shot,15.3,0
2025020994,2026-03-07,187,8478178,TBL,54.34,12.76,slap,5v4,1,0,0,0,0,2,36,12,faceoff,29.73,0
2025020994,2026-03-07,188,8478010,TBL,14.04,4.09,tip-in,5v4,1,1,0,0,0,2,75,-1,shot-on-goal,54.34,0
2025020994,2026-03-07,191,8478519,TBL,13.45,41.99,deflected,5v4,1,0,0,0,0,2,79,-9,giveaway,52.01,0
2025020994,2026-03-07,201,8481582,TOR,9.9,45.0,wrist,5v5,0,0,0,0,0,2,82,-7,hit,25.18,0
2025020994,2026-03-07,202,8479442,TOR,59.21,4.84,slap,5v5,0,1,0,0,0,2,30,5,shot-on-goal,9.9,0
2025020994,2026-03-07,203,8477503,TOR,50.04,2.29,wrist,5v5,0,1,0,0,0,2,39,-2,missed-shot,59.21,0
2025020994,2026-03-07,209,8470621,TBL,41.4,37.15,slap,5v5,0,0,0,0,0,2,56,-25,hit,34.37,0
2025020994,2026-03-07,215,8478178,TBL,48.37,7.13,slap,5v4,1,0,0,0,0,3,41,-6,faceoff,29.73,0
2025020994,2026-03-07,218,8478010,TBL,20.12,26.57,wrist,5v4,1,0,0,0,0,3,71,-9,faceoff,72.42,0
2025020994,2026-03-07,219,8479542,TBL,43.38,25.97,snap,5v4,1,1,0,0,0,3,50,19,missed-shot,20.12,0
2025020994,2026-03-07,224,8484158,TOR,32.02,38.66,wrist,5v5,0,0,0,0,0,3,64,20,giveaway,10.0,0
2025020994,2026-03-07,228,8479318,TOR,14.14,8.13,wrist,5v5,0,0,0,0,0,3,75,-2,hit,31.02,0
2025020994,2026-03-07,234,8477404,TBL,13.15,8.75,wrist,5v5,0,0,0,0,0,3,76,-2,hit,5.39,0
2025020994,2026-03-07,237,8477416,TBL,40.61,38.0,wrist,5v5,0,0,0,0,0,3,57,-25,hit,46.32,0
2025020994,2026-03-07,240,8482720,TOR,12.53,28.61,wrist,5v5,0,0,0,0,0,3,78,6,faceoff,29.73,0
2025020994,2026-03-07,247,8479318,TOR,10.82,33.69,wrist,5v5,0,0,0,0,0,3,80,-6,hit,45.22,0
2025020994,2026-03-07,248,8478519,TBL,35.0,53.13,wrist,5v5,0,1,0,0,0,3,68,-28,shot-on-goal,10.82,0
2025020994,2026-03-07,249,8482655,TBL,6.71,26.57,deflected,5v5,0,1,0,0,0,3,83,-3,shot-on-goal,35.0,0
2025020994,2026-03-07,250,8482720,TOR,6.71,26.57,tip-in,5v5,0,1,0,0,0,3,83,-3,shot-on-goal,6.71,0
2025020994,2026-03-07,251,8475171,TOR,34.99,59.04,wrist,5v5,0,1,0,0,0,3,71,-30,shot-on-goal,6.71,0
2025020994,2026-03-07,253,8478178,TBL,71.85,34.8,wrist,5v5,0,0,0,0,0,3,30,-41,blocked-shot,11.4,0
2025020994,2026-03-07,254,8478519,TBL,25.81,54.46,backhand,5v5,0,1,0,0,0,3,74,21,shot-on-goal,71.85,0
2025020994,2026-03-07,257,8482655,TBL,46.75,48.47,wrist,5v5,0,0,0,0,0,3,58,35,faceoff,29.73,0
2025020994,2026-03-07,258,8479542,TBL,14.87,47.73,wrist,5v5,0,1,0,0,0,3,79,-11,missed-shot,46.75,0
2025020994,2026-03-07,264,8480995,TBL,12.81,38.66,wrist,5v5,0,0,0,0,0,3,79,8,takeaway,12.73,0
2025020994,2026-03-07,266,8477939,TOR,60.83,9.46,wrist,5v5,0,0,0,0,0,3,29,10,giveaway,90.47,0
2025020994,2026-03-07,269,8475171,TOR,60.0,0.0,wrist,5v5,0,0,0,0,0,3,29,0,faceoff,29.73,0
2025020994,2026-03-07,272,8478519,TBL,24.74,14.04,wrist,5v5,0,0,0,0,0,3,65,-6,hit,7.07,0
2025020994,2026-03-07,274,8475714,TOR,15.0,36.87,tip-in,5v5,0,0,0,0,0,3,77,9,giveaway,10.82,0
2025020994,2026-03-07,278,8479542,TBL,8.25,14.04,wrist,5v6,0,0,0,1,4,3,81,-2,hit,94.02,1
2025020994,2026-03-07,280,8481582,TOR,38.01,35.36,wrist,5v5,0,0,0,0,0,3,58,-22,faceoff,89.0,0
2025020994,2026-03-07,284,8470621,TBL,7.07,45.0,tip-in,5v5,0,0,0,0,0,3,84,5,hit,6.0,0
2025020994,2026-03-07,285,8470621,TBL,7.07,8.13,backhand,5v5,0,1,0,0,0,3,82,-1,shot-on-goal,7.07,0
2025020994,2026-03-07,288,8475167,TBL,63.25,39.23,wrist,5v5,0,0,0,0,0,3,40,40,faceoff,29.73,0
2025020994,2026-03-07,291,8474151,TBL,70.18,32.78,wrist,5v5,0,0,0,0,0,3,30,38,giveaway,37.7,0
2025020994,2026-03-07,293,8481582,TOR,24.19,7.13,backhand,5v5,0,0,0,0,0,3,65,3,giveaway,81.71,0
2025020994,2026-03-07,295,8481582,TOR,5.66,45.0,wrap-around,5v5,0,0,0,0,-3,3,85,-4,hit,19.42,1
2025020995,2026-03-07,2,8482699,UTA,32.39,81.12,wrist,5v5,0,0,0,0,0,1,84,-32,faceoff,89.0,0
2025020995,2026-03-07,4,8478474,UTA,35.47,49.57,snap,5v5,0,0,0,0,0,1,66,27,hit,9.22,0
2025020995,2026-03-07,5,8484166,CBJ,29.73,47.73,snap,5v5,0,1,0,0,0,1,69,-22,shot-on-goal,35.47,0
2025020995,2026-03-07,9,8480893,CBJ,19.42,34.51,backhand,5v5,0,0,0,0,0,1,73,11,takeaway,25.18,0
2025020995,2026-03-07,13,8480893,CBJ,8.25,89.28,backhand,5v5,0,0,0,0,0,1,91,8,blocked-shot,12.65,0
2025020995,2026-03-07,19,8477425,CBJ,37.16,66.19,snap,5v5,0,0,0,0,0,1,74,34,blocked-shot,34.83,0
2025020995,2026-03-07,20,8478460,CBJ,35.13,85.1,snap,5v5,0,1,0,0,0,1,86,35,shot-on-goal,37.16,0
2025020995,2026-03-07,21,8478460,CBJ,30.27,82.41,snap,5v5,0,1,0,0,0,1,85,30,missed-shot,35.13,0
2025020995,2026-03-07,22,8477425,CBJ,8.25,75.96,wrist,5v5,0,1,0,0,0,1,87,8,missed-shot,30.27,0
2025020995,2026-03-07,25,8479343,UTA,26.42,29.48,wrist,5v5,0,0,0,0,0,1,66,13,hit,25.71,0
2025020995,2026-03-07,33,8482660,CBJ,14.0,0.0,snap,5v5,0,0,0,0,0,1,75,0,faceoff,72.42,0
2025020995,2026-03-07,34,8477497,CBJ,21.1,31.43,wrist,5v5,0,1,0,0,0,1,71,-11,missed-shot,14.0,0
2025020995,2026-03-07,42,8477346,UTA,32.2,53.84,snap,5v5,0,0,0,0,0,1,70,26,blocked-shot,29.41,0
2025020995,2026-03-07,44,8479619,UTA,29.41,35.31,snap,5v5,0,0,0,0,1,1,65,17,hit,9.06,1
2025020995,2026-03-07,57,8480434,UTA,72.95,33.25,wrist,5v5,0,0,0,0,0,1,28,-40,giveaway,34.01,0
2025020995,2026-03-07,62,8478474,UTA,12.04,4.76,wrist,5v5,0,0,0,0,0,1,77,1,blocked-shot,20.52,0
2025020995,2026-03-07,63,8483431,UTA,13.0,67.38,wrist,5v5,0,1,0,0,0,1,84,12,missed-shot,12.04,0
2025020995,2026-03-07,69,8480855,UTA,10.05,5.71,tip-in,5v5,0,0,0,0,0,1,79,-1,blocked-shot,13.93,0
2025020995,2026-03-07,72,8480849,UTA,60.8,36.3,snap,5v5,0,0,0,0,0,1,40,36,takeaway,36.88,0
2025020995,2026-03-07,74,8480434,UTA,11.4,52.13,tip-in,5v5,0,0,0,0,0,1,82,-9,blocked-shot,35.23,0
2025020995,2026-03-07,87,8480855,UTA,68.36,5.88,tip-in,5v5,0,0,0,0,0,1,21,7,blocked-shot,40.0,0
2025020995,2026-03-07,91,8482705,CBJ,6.08,89.05,wrist,5v5,0,0,0,0,0,1,90,-6,faceoff,29.73,0
2025020995,2026-03-07,95,8479343,UTA,44.55,45.91,snap,5v5,0,0,0,0,0,1,58,-32,blocked-shot,19.92,0
2025020995,2026-03-07,98,8483485,CBJ,37.7,68.2,backhand,5v5,0,0,0,0,0,1,75,-35,faceoff,29.73,0
2025020995,2026-03-07,102,8483431,UTA,5.0,53.13,backhand,5v5,0,0,0,0,0,1,86,-4,takeaway,33.11,0
2025020995,2026-03-07,106,8482175,UTA,40.31,23.39,snap,5v5,0,0,0,0,0,1,52,-16,hit,97.58,0
2025020995,2026-03-07,107,8478500,CBJ,31.76,61.82,backhand,5v5,0,1,0,0,0,1,74,-28,shot-on-goal,40.31,0
2025020995,2026-03-07,109,8476923,CBJ,49.25,5.83,slap,5v5,0,0,0,0,0,1,40,5,hit,87.32,1
2025020995,2026-03-07,123,8477220,UTA,59.68,31.29,wrist,5v5,0,0,0,0,0,2,38,31,giveaway,27.89,0
2025020995,2026-03-07,129,8475790,CBJ,56.94,30.62,slap,5v5,0,0,0,0,0,2,40,-29,hit,20.25,0
2025020995,2026-03-07,130,8478975,CBJ,26.93,21.8,wrist,5v5,0,1,0,0,0,2,64,10,missed-shot,56.94,0
2025020995,2026-03-07,133,8477497,CBJ,34.93,13.24,wrist,5v5,0,0,0,0,0,2,55,8,hit,50.54,0
2025020995,2026-03-07,136,8483431,UTA,34.53,10.01,snap,5v5,0,0,0,0,0,2,55,6,faceoff,29.73,0
2025020995,2026-03-07,137,8482660,CBJ,28.32,47.86,wrist,5v5,0,1,0,0,0,2,70,21,missed-shot,34.53,0
2025020995,2026-03-07,142,8478460,CBJ,60.83,9.46,slap,5v4,1,0,0,0,0,2,29,-10,faceoff,29.73,0
2025020995,2026-03-07,156,8484166,CBJ,26.25,49.64,wrist,5v5,0,0,0,0,0,2,72,-20,faceoff,29.73,0
2025020995,2026-03-07,159,8484166,CBJ,26.08,32.47,wrist,5v5,0,0,0,0,0,2,67,14,hit,49.68,0
2025020995,2026-03-07,160,8478500,CBJ,41.3,6.95,snap,5v5,0,1,0,0,0,2,48,-5,shot-on-goal,26.08,0
2025020995,2026-03-07,161,8484166,CBJ,15.26,31.61,backhand,5v5,0,1,0,0,0,2,76,-8,shot-on-goal,41.3,0
2025020995,2026-03-07,162,8480893,CBJ,26.08,57.53,wrist,5v5,0,1,0,0,0,2,75,22,missed-shot,15.26,0
2025020995,2026-03-07,165,8480084,UTA,64.14,30.96,wrist,5v5,0,0,0,0,0,2,34,-33,faceoff,29.73,0
2025020995,2026-03-07,172,8482699,UTA,8.49,45.0,tip-in,5v5,0,0,0,0,1,2,83,-6,hit,13.45,1
2025020995,2026-03-07,178,8480893,CBJ,20.0,0.0,tip-in,5v5,0,0,0,0,0,2,69,0,blocked-shot,35.74,0
2025020995,2026-03-07,179,8480855,UTA,23.32,30.96,snap,5v5,0,1,0,0,0,2,69,12,missed-shot,20.0,0
2025020995,2026-03-07,184,8482699,UTA,37.34,20.38,wrist,5v5,0,0,0,0,0,2,54,13,hit,65.8,0
2025020995,2026-03-07,185,8476923,CBJ,62.39,6.44,snap,5v5,0,1,0,0,0,2,27,-7,shot-on-goal,37.34,0
2025020995,2026-03-07,186,8475745,CBJ,5.39,21.8,snap,5v5,0,1,0,0,0,2,84,-2,missed-shot,62.39,0
2025020995,2026-03-07,187,8475745,CBJ,7.62,66.8,wrist,5v5,0,1,0,0,0,2,86,-7,shot-on-goal,5.39,0
2025020995,2026-03-07,188,8479671,CBJ,9.0,0.0,wrist,5v5,0,1,0,0,0,2,80,0,shot-on-goal,7.62,1
2025020995,2026-03-07,194,8484166,CBJ,24.21,38.29,wrist,5v5,0,0,0,0,0,2,70,15,giveaway,14.32,0
2025020995,2026-03-07,198,8479671,CBJ,31.62,18.43,snap,5v5,0,0,0,0,0,2,59,-10,blocked-shot,23.41,0
2025020995,2026-03-07,204,8480434,UTA,11.31,45.0,backhand,5v5,0,0,0,0,0,2,81,8,hit,80.05,0
2025020995,2026-03-07,214,8476923,CBJ,71.02,32.35,snap,5v5,0,0,0,0,0,3,29,-38,giveaway,29.73,0
2025020995,2026-03-07,217,8478975,CBJ,10.2,11.31,tip-in,5v5,0,0,0,0,0,3,79,2,faceoff,29.73,0
2025020995,2026-03-07,221,8482660,CBJ,35.85,30.14,wrist,5v5,0,0,0,0,0,3,58,-18,hit,5.0,0
2025020995,2026-03-07,222,8477021,UTA,31.38,67.52,wrist,5v5,0,1,0,0,1,3,77,29,shot-on-goal,35.85,1
2025020995,2026-03-07,227,8480855,UTA,22.67,48.58,wrist,5v5,0,0,0,0,0,3,74,17,giveaway,94.58,0
2025020995,2026-03-07,230,8478474,UTA,76.16,29.93,wrist,5v5,0,0,0,0,0,3,23,38,faceoff,29.73,0
2025020995,2026-03-07,232,8478856,CBJ,81.49,29.4,backhand,5v5,0,0,0,0,0,3,18,40,hit,81.01,0
2025020995,2026-03-07,234,8478460,CBJ,57.87,9.95,slap,5v5,0,0,0,0,0,3,32,-10,giveaway,32.39,0
2025020995,2026-03-07,235,8483431,UTA,7.28,15.95,backhand,5v5,0,1,0,0,2,3,82,-2,missed-shot,57.87,1
2025020995,2026-03-07,239,8480893,CBJ,23.02,55.62,snap,5v5,0,0,0,0,0,3,76,-19,blocked-shot,30.0,0
2025020995,2026-03-07,240,8478975,CBJ,12.21,34.99,tip-in,5v5,0,1,0,0,0,3,79,7,shot-on-goal,23.02,0
2025020995,2026-03-07,249,8480849,UTA,95.08,22.25,deflected,5v5,0,0,0,0,0,3,1,-36,giveaway,14.76,0
2025020995,2026-03-07,252,8482699,UTA,31.11,45.0,wrist,5v5,0,0,0,0,0,3,67,22,blocked-shot,22.8,0
2025020995,2026-03-07,253,8474013,UTA,70.66,26.93,slap,5v5,0,1,0,0,0,3,26,32,missed-shot,31.11,0
2025020995,2026-03-07,258,8480855,UTA,22.14,71.57,backhand,5v5,0,0,0,0,0,3,82,-21,giveaway,81.05,0
2025020995,2026-03-07,261,8477021,UTA,38.42,38.66,slap,5v5,0,0,0,0,0,3,59,-24,faceoff,89.0,0
2025020995,2026-03-07,266,8478500,CBJ,47.1,3.65,snap,5v5,0,0,0,0,0,3,42,3,faceoff,72.42,0
2025020995,2026-03-07,276,8484166,CBJ,6.08,80.54,backhand,5v5,0,0,0,0,-1,3,88,6,takeaway,74.63,1
2025020995,2026-03-07,279,8478975,CBJ,7.21,33.69,backhand,5v5,0,0,0,0,0,3,83,-4,takeaway,53.01,1
2025020995,2026-03-07,282,8478460,CBJ,45.65,28.81,slap,5v5,0,0,0,0,0,3,49,22,faceoff,89.0,0
2025020995,2026-03-07,293,8480434,UTA,55.08,3.12,wrist,5v4,1,0,0,0,0,3,34,3,faceoff,29.73,0
2025020995,2026-03-07,294,8477951,UTA,12.37,14.04,wrist,5v4,1,1,0,0,0,3,77,3,shot-on-goal,55.08,0
2025020995,2026-03-07,295,8480806,CBJ,24.7,68.63,wrist,4v5,0,1,0,0,0,3,80,23,missed-shot,12.37,0
2025020995,2026-03-07,298,8483431,UTA,27.31,66.25,wrist,4v4,0,0,0,0,0,3,78,25,faceoff,29.73,0
2025020995,2026-03-07,302,8480893,CBJ,28.6,53.53,slap,5v4,1,0,0,0,0,3,72,23,blocked-shot,29.07,0
2025020995,2026-03-07,305,8478474,UTA,61.72,26.98,snap,4v5,0,0,0,0,0,3,34,28,faceoff,29.73,0
2025020995,2026-03-07,306,8484166,CBJ,7.21,33.69,backhand,5v5,0,1,0,0,0,3,83,4,missed-shot,61.72,0
2025020995,2026-03-07,308,8478460,CBJ,42.43,8.13,wrist,5v5,0,0,0,0,0,3,47,-6,hit,63.41,0
2025020995,2026-03-07,313,8482699,UTA,6.0,0.0,wrist,5v5,0,0,0,0,0,3,83,0,takeaway,45.65,0
2025020995,2026-03-07,316,8477346,UTA,71.87,31.92,wrist,5v5,0,0,0,0,0,3,28,-38,giveaway,43.97,0
2025020995,2026-03-07,317,8477220,UTA,54.04,51.01,wrist,5v5,0,1,0,0,0,3,55,42,missed-shot,71.87,0
2025020995,2026-03-07,324,8478500,CBJ,61.85,14.04,wrist,5v5,0,0,0,0,0,3,29,-15,faceoff,29.73,0
2025020995,2026-03-07,328,8480893,CBJ,36.4,15.95,wrist,3v3,0,0,0,0,0,4,54,-10,faceoff,89.0,0
2025020995,2026-03-07,331,8483431,UTA,16.12,29.74,slap,3v3,0,0,0,0,1,4,75,-8,hit,59.84,1
2025020996,2026-03-07,6,8482149,WPG,19.42,34.51,tip-in,5v5,0,0,0,0,0,1,73,11,blocked-shot,22.0,0
2025020996,2026-03-07,7,8482149,WPG,29.83,39.56,snap,5v5,0,1,0,0,0,1,66,19,shot-on-goal,19.42,0
2025020996,2026-03-07,11,8480289,WPG,41.63,24.1,wrist,5v5,0,0,0,0,0,1,51,-17,giveaway,11.18,0
2025020996,2026-03-07,15,8477504,WPG,44.42,58.82,snap,5v5,0,0,0,0,0,1,66,38,blocked-shot,15.65,0
2025020996,2026-03-07,18,8478444,VAN,39.62,42.95,wrist,5v5,0,0,0,0,0,1,60,-27,faceoff,29.73,0
2025020996,2026-03-07,22,8481535,VAN,14.21,39.29,tip-in,5v5,0,0,0,0,0,1,78,-9,faceoff,29.73,0
2025020996,2026-03-07,27,8477938,WPG,61.0,0.0,slap,5v5,0,0,0,0,0,1,28,0,hit,50.99,0
2025020996,2026-03-07,28,8481043,WPG,9.22,49.4,slap,5v5,0,1,0,0,0,1,83,7,missed-shot,61.0,0
2025020996,2026-03-07,32,8481024,VAN,29.07,40.82,wrist,5v5,0,0,0,0,1,1,67,-19,hit,7.07,1
2025020996,2026-03-07,36,8476460,WPG,11.7,70.02,wrist,5v5,0,0,0,0,0,1,85,11,blocked-shot,19.0,0
2025020996,2026-03-07,37,8482765,WPG,33.24,68.84,snap,5v5,0,1,0,0,0,1,77,31,shot-on-goal,11.7,0
2025020996,2026-03-07,42,8482149,WPG,52.4,41.91,wrist,5v5,0,0,0,0,0,1,50,35,faceoff,29.73,0
2025020996,2026-03-07,51,8477969,VAN,62.65,24.52,slap,5v5,0,0,0,0,0,1,32,26,takeaway,57.45,0
2025020996,2026-03-07,53,8476460,WPG,36.14,14.42,wrist,5v5,0,0,0,0,0,1,54,-9,takeaway,57.63,0
2025020996,2026-03-07,54,8478444,VAN,26.91,41.99,backhand,5v5,0,1,0,0,0,1,69,18,shot-on-goal,36.14,0
2025020996,2026-03-07,56,8477938,WPG,64.64,34.92,slap,5v5,0,0,0,0,0,1,36,37,hit,51.09,0
2025020996,2026-03-07,59,8480014,WPG,34.79,71.57,wrist,5v5,0,0,0,0,0,1,78,-33,giveaway,26.08,0
2025020996,2026-03-07,64,8481024,VAN,7.07,45.0,tip-in,5v5,0,0,0,0,0,1,84,-5,takeaway,53.34,0
2025020996,2026-03-07,65,8484136,VAN,5.0,53.13,backhand,5v5,0,1,0,0,0,1,86,4,missed-shot,7.07,0
2025020996,2026-03-07,82,8480014,WPG,36.72,29.36,wrist,5v5,0,0,0,0,0,1,57,18,hit,51.86,0
2025020996,2026-03-07,88,8477504,WPG,35.23,34.59,wrist,5v5,0,0,0,0,0,1,60,20,hit,35.01,0
2025020996,2026-03-07,91,8481535,VAN,15.65,26.57,tip-in,5v5,0,0,0,0,0,1,75,7,faceoff,29.73,0
2025020996,2026-03-07,93,8480012,VAN,35.51,9.73,wrist,5v5,0,0,0,0,0,1,54,-6,hit,38.9,0
2025020996,2026-03-07,99,8477504,WPG,54.59,8.43,slap,5v5,0,0,0,0,0,2,35,-8,faceoff,29.73,0
2025020996,2026-03-07,100,8484798,VAN,45.35,14.04,wrist,5v5,0,1,0,0,0,2,45,-11,shot-on-goal,54.59,0
2025020996,2026-03-07,101,8483510,WPG,62.03,20.77,wrist,5v5,0,1,0,0,0,2,31,-22,shot-on-goal,45.35,0
2025020996,2026-03-07,104,8476392,WPG,24.04,16.93,tip-in,5v5,0,0,0,0,0,2,66,-7,faceoff,29.73,0
2025020996,2026-03-07,107,8480196,WPG,37.01,38.42,slap,6v5,1,0,0,0,0,2,60,23,delayed-penalty,89.0,0
2025020996,2026-03-07,108,8480014,WPG,14.04,85.91,wrist,6v5,1,1,0,0,0,2,88,14,shot-on-goal,37.01,0
2025020996,2026-03-07,109,8482149,WPG,16.28,79.38,wrist,6v5,1,1,0,0,0,2,86,-16,missed-shot,14.04,0
2025020996,2026-03-07,110,8480289,WPG,22.02,2.6,wrist,6v5,1,1,0,0,0,2,67,-1,missed-shot,16.28,0
2025020996,2026-03-07,114,8478398,WPG,29.7,45.0,wrist,5v4,1,0,0,0,0,2,68,21,faceoff,29.73,0
2025020996,2026-03-07,115,8476460,WPG,37.01,38.42,snap,5v4,1,1,0,0,0,2,60,-23,missed-shot,29.7,0
2025020996,2026-03-07,116,8483678,VAN,22.56,12.8,wrist,4v5,0,1,0,0,0,2,67,-5,missed-shot,37.01,0
2025020996,2026-03-07,120,8476392,WPG,19.1,42.88,wrist,5v5,0,0,0,0,0,2,75,13,hit,31.14,0
2025020996,2026-03-07,125,8483510,WPG,53.6,8.58,slap,5v5,0,0,0,0,0,2,36,-8,blocked-shot,9.22,0
2025020996,2026-03-07,126,8480113,WPG,6.08,80.54,wrist,5v5,0,1,0,0,0,2,88,6,shot-on-goal,53.6,0
2025020996,2026-03-07,127,8480113,WPG,10.0,53.13,backhand,5v5,0,1,0,0,0,2,83,-8,missed-shot,6.08,0
2025020996,2026-03-07,130,8483499,VAN,35.38,42.71,wrist,5v5,0,0,0,0,0,2,63,-24,takeaway,52.4,0
2025020996,2026-03-07,133,8479425,VAN,60.93,23.2,wrist,5v5,0,0,0,0,0,2,33,-24,faceoff,29.73,0
2025020996,2026-03-07,146,8484136,VAN,37.22,59.3,wrist,5v5,0,0,0,0,0,2,70,-32,hit,13.89,0
2025020996,2026-03-07,147,8476927,VAN,61.22,38.37,wrist,5v5,0,1,0,0,0,2,41,38,missed-shot,37.22,0
2025020996,2026-03-07,148,8484136,VAN,28.07,89.8,snap,5v5,0,1,0,0,0,2,91,28,shot-on-goal,61.22,0
2025020996,2026-03-07,151,8480113,WPG,47.01,38.09,wrist,5v5,0,0,0,0,0,2,52,-29,giveaway,68.8,0
2025020996,2026-03-07,156,8476460,WPG,31.38,22.48,wrist,5v5,0,0,0,0,0,2,60,12,faceoff,29.73,0
2025020996,2026-03-07,157,8481024,VAN,10.44,73.3,wrist,5v5,0,1,0,0,0,2,86,-10,shot-on-goal,31.38,0
2025020996,2026-03-07,161,8482691,VAN,36.72,60.64,slap,5v5,0,0,0,0,0,2,71,32,hit,51.74,0
2025020996,2026-03-07,170,8480049,WPG,64.07,34.19,slap,5v5,0,0,0,0,0,2,36,36,hit,16.55,0
2025020996,2026-03-07,171,8480289,WPG,14.87,42.27,wrist,5v5,0,1,0,0,0,2,78,10,shot-on-goal,64.07,0
2025020996,2026-03-07,172,8481043,WPG,4.12,88.57,wrap-around,5v5,0,1,0,0,0,2,90,-4,shot-on-goal,14.87,0
2025020996,2026-03-07,173,8483471,WPG,38.9,43.96,wrist,5v5,0,1,0,0,0,2,61,-27,missed-shot,4.12,0
2025020996,2026-03-07,174,8473604,WPG,24.52,11.77,tip-in,5v5,0,1,0,0,0,2,65,5,missed-shot,38.9,0
2025020996,2026-03-07,175,8473604,WPG,29.07,40.82,wrist,5v5,0,1,0,0,0,2,67,-19,shot-on-goal,24.52,0
2025020996,2026-03-07,176,8473604,WPG,35.11,70.02,backhand,5v5,0,1,0,0,0,2,77,-33,missed-shot,29.07,0
2025020996,2026-03-07,179,8477504,WPG,52.2,36.43,snap,5v5,0,0,0,0,0,2,47,31,faceoff,29.73,0
2025020996,2026-03-07,180,8476392,WPG,14.87,19.65,tip-in,5v5,0,1,0,0,0,2,75,5,missed-shot,52.2,0
2025020996,2026-03-07,187,8476460,WPG,34.23,6.71,wrist,5v5,0,0,0,0,0,2,55,4,faceoff,29.73,1
2025020996,2026-03-07,195,8483499,VAN,29.61,11.69,snap,5v5,0,0,0,0,1,3,60,-6,delayed-penalty,89.0,1
2025020996,2026-03-07,201,8478398,WPG,25.71,13.5,wrist,5v5,0,0,0,0,0,3,64,-6,faceoff,29.73,0
2025020996,2026-03-07,204,8480049,WPG,62.64,16.7,slap,5v5,0,0,0,0,0,3,29,18,giveaway,65.3,0
2025020996,2026-03-07,208,8477504,WPG,49.4,31.76,wrist,5v5,0,0,0,0,0,3,47,26,blocked-shot,10.3,0
2025020996,2026-03-07,211,8478398,WPG,37.16,23.81,snap,5v5,0,0,0,0,0,3,55,15,faceoff,29.73,0
2025020996,2026-03-07,212,8483499,VAN,22.47,32.28,deflected,5v5,0,1,0,0,0,3,70,-12,shot-on-goal,37.16,0
2025020996,2026-03-07,215,8476460,WPG,25.71,13.5,slap,5v5,0,0,0,0,0,3,64,-6,giveaway,26.48,0
2025020996,2026-03-07,218,8483499,VAN,94.58,19.78,tip-in,5v5,0,0,0,0,0,3,0,32,faceoff,29.73,0
2025020996,2026-03-07,220,8476927,VAN,17.0,0.0,tip-in,5v5,0,0,0,0,0,3,72,0,giveaway,26.02,0
2025020996,2026-03-07,226,8481043,WPG,36.06,56.31,wrist,5v5,0,0,0,0,0,3,69,-30,giveaway,9.22,0
2025020996,2026-03-07,230,8478498,VAN,47.51,40.73,wrist,5v5,0,0,0,0,0,3,53,-31,hit,50.25,0
2025020996,2026-03-07,232,8476392,WPG,46.62,22.71,snap,5v5,0,0,0,0,0,3,46,18,hit,42.95,0
2025020996,2026-03-07,233,8482055,VAN,25.61,51.34,snap,5v5,0,1,0,0,0,3,73,20,shot-on-goal,46.62,0
2025020996,2026-03-07,234,8476927,VAN,22.47,57.72,wrist,5v5,0,1,0,0,0,3,77,19,shot-on-goal,25.61,0
2025020996,2026-03-07,238,8481043,WPG,17.72,73.61,backhand,5v5,0,0,0,0,0,3,84,-17,hit,42.95,0
2025020996,2026-03-07,242,8482765,WPG,12.37,14.04,tip-in,5v5,0,0,0,0,0,3,77,-3,blocked-shot,20.25,0
2025020996,2026-03-07,246,8482055,VAN,10.63,48.81,wrist,5v5,0,0,0,0,0,3,82,8,blocked-shot,10.82,0
2025020996,2026-03-07,247,8482691,VAN,5.39,21.8,wrist,5v5,0,1,0,0,0,3,84,2,shot-on-goal,10.63,0
2025020996,2026-03-07,252,8476460,WPG,29.55,23.96,wrist,5v5,0,0,0,0,0,3,62,12,giveaway,77.39,0
2025020996,2026-03-07,259,8478398,WPG,34.41,35.54,slap,5v4,1,0,0,0,0,3,61,-20,giveaway,85.29,0
2025020996,2026-03-07,262,8480014,WPG,6.4,51.34,backhand,5v4,1,0,0,0,0,3,85,5,blocked-shot,17.09,1
2025020996,2026-03-07,268,8482079,VAN,64.47,23.78,wrist,5v5,0,0,0,0,0,3,30,-26,giveaway,50.21,0
2025020996,2026-03-07,270,8479425,VAN,8.25,14.04,wrist,5v5,0,0,0,0,0,3,81,2,giveaway,5.66,0
2025020996,2026-03-07,272,8482055,VAN,66.24,28.89,wrist,5v5,0,0,0,0,0,3,31,-32,hit,50.99,0
2025020996,2026-03-07,275,8483510,WPG,69.46,30.26,slap,5v5,0,0,0,0,0,3,29,-35,faceoff,29.73,0
2025020996,2026-03-07,279,8478498,VAN,55.23,47.94,wrist,5v5,0,0,0,0,0,3,52,41,giveaway,41.79,0
2025020996,2026-03-07,283,8482079,VAN,43.01,1.33,snap,3v3,0,0,0,0,0,4,46,-1,faceoff,89.0,0
2025020996,2026-03-07,284,8478398,WPG,6.4,38.66,snap,3v3,0,1,0,0,0,4,84,-4,missed-shot,43.01,0
2025020996,2026-03-07,287,8478498,VAN,5.83,30.96,deflected,3v3,0,0,0,0,0,4,84,-3,faceoff,29.73,0
2025020996,2026-03-07,288,8480012,VAN,30.36,17.24,wrist,3v3,0,1,0,0,0,4,60,-9,shot-on-goal,5.83,0
2025020996,2026-03-07,289,8477504,WPG,37.54,41.76,slap,3v3,0,1,0,0,1,4,61,-25,shot-on-goal,30.36,1
2025020997,2026-03-07,7,8476879,LAK,69.32,26.57,slap,5v5,0,0,0,0,0,1,27,-31,giveaway,34.37,0
2025020997,2026-03-07,8,8483756,LAK,13.42,26.57,wrist,5v5,0,1,0,0,0,1,77,6,missed-shot,69.32,0
2025020997,2026-03-07,12,8476981,MTL,32.65,62.65,backhand,5v5,0,0,0,0,0,1,74,29,hit,57.28,0
2025020997,2026-03-07,15,8481540,MTL,23.35,43.26,backhand,5v5,0,0,0,0,0,1,72,16,takeaway,28.0,0
2025020997,2026-03-07,23,8475208,LAK,13.0,0.0,tip-in,5v5,0,0,0,0,0,1,76,0,giveaway,36.12,0
2025020997,2026-03-07,32,8482155,LAK,26.63,34.29,backhand,5v5,0,0,0,0,0,1,67,15,faceoff,29.73,0
2025020997,2026-03-07,35,8482155,LAK,9.22,49.4,wrist,5v4,1,0,0,0,0,1,83,7,faceoff,29.73,0
2025020997,2026-03-07,38,8482155,LAK,10.05,5.71,tip-in,5v4,1,0,0,0,0,1,79,1,giveaway,39.56,0
2025020997,2026-03-07,39,8482730,LAK,55.9,26.57,wrist,5v4,1,1,0,0,0,1,39,-25,shot-on-goal,10.05,0
2025020997,2026-03-07,40,8478550,LAK,26.91,41.99,wrist,5v4,1,1,0,0,0,1,69,18,shot-on-goal,55.9,0
2025020997,2026-03-07,41,8482155,LAK,13.04,32.47,tip-in,5v4,1,1,0,0,0,1,78,7,shot-on-goal,26.91,0
2025020997,2026-03-07,42,8483406,LAK,27.59,46.47,slap,5v4,1,1,0,0,0,1,70,20,missed-shot,13.04,0
2025020997,2026-03-07,43,8476872,LAK,38.95,48.12,wrist,5v5,0,1,0,0,0,1,63,-29,shot-on-goal,27.59,0
2025020997,2026-03-07,44,8482726,LAK,18.0,0.0,wrist,5v5,0,1,0,0,0,1,71,0,missed-shot,38.95,0
2025020997,2026-03-07,55,8471685,LAK,11.18,26.57,tip-in,5v5,0,0,0,0,1,1,79,5,blocked-shot,40.82,1
2025020997,2026-03-07,58,8480865,MTL,67.78,21.64,snap,5v5,0,0,0,0,0,1,26,25,giveaway,46.62,0
2025020997,2026-03-07,62,8482775,MTL,14.14,45.0,tip-in,5v5,0,0,0,0,0,1,79,10,blocked-shot,58.6,0
2025020997,2026-03-07,63,8483756,LAK,36.8,42.8,wrist,5v5,0,1,0,0,0,1,62,25,missed-shot,14.14,0
2025020997,2026-03-07,64,8483756,LAK,17.03,49.76,wrist,5v5,0,1,0,0,0,1,78,13,shot-on-goal,36.8,0
2025020997,2026-03-07,65,8476879,LAK,65.86,30.07,wrist,5v5,0,1,0,0,0,1,32,-33,missed-shot,17.03,0
2025020997,2026-03-07,68,8482408,LAK,28.02,2.05,wrist,5v5,0,0,0,0,0,1,61,1,blocked-shot,54.41,0
2025020997,2026-03-07,72,8482730,LAK,44.28,25.41,slap,5v4,1,0,0,0,0,1,49,19,hit,61.07,0
2025020997,2026-03-07,73,8478550,LAK,45.79,31.61,wrist,5v4,1,1,0,0,0,1,50,-24,shot-on-goal,44.28,0
2025020997,2026-03-07,75,8477960,LAK,50.54,27.07,wrist,5v4,1,0,0,0,0,1,44,-23,blocked-shot,7.21,0
2025020997,2026-03-07,76,8478550,LAK,38.83,34.51,slap,5v4,1,1,0,0,0,1,57,22,missed-shot,50.54,0
2025020997,2026-03-07,77,8477960,LAK,29.12,15.95,snap,5v4,1,1,0,0,0,1,61,-8,missed-shot,38.83,0
2025020997,2026-03-07,78,8478550,LAK,45.54,19.23,slap,5v4,1,1,0,0,0,1,46,15,missed-shot,29.12,0
2025020997,2026-03-07,83,8482124,LAK,9.0,0.0,deflected,5v4,1,0,0,0,0,1,80,0,faceoff,29.73,0
2025020997,2026-03-07,84,8478550,LAK,35.51,32.35,slap,5v4,1,1,0,0,0,1,59,19,shot-on-goal,9.0,0
2025020997,2026-03-07,93,8482730,LAK,61.13,15.17,slap,5v5,0,0,0,0,0,2,30,-16,blocked-shot,61.4,0
2025020997,2026-03-07,100,8481523,MTL,37.01,38.42,wrist,5v5,0,0,0,0,0,2,60,-23,blocked-shot,21.1,0
2025020997,2026-03-07,103,8478133,MTL,53.71,28.95,slap,5v5,0,0,0,0,0,2,42,26,hit,43.86,1
2025020997,2026-03-07,114,8476441,LAK,46.1,24.34,wrist,5v5,0,0,0,0,0,2,47,19,faceoff,29.73,0
2025020997,2026-03-07,119,8482775,MTL,7.28,74.05,backhand,5v5,0,0,0,0,0,2,87,-7,hit,28.44,0
2025020997,2026-03-07,120,8482775,MTL,8.0,0.0,backhand,5v5,0,1,0,0,0,2,81,0,shot-on-goal,7.28,0
2025020997,2026-03-07,123,8471685,LAK,30.23,34.22,wrist,5v5,0,0,0,0,0,2,64,17,faceoff,29.73,0
2025020997,2026-03-07,127,8480018,MTL,38.0,0.0,wrist,5v5,0,0,0,0,0,2,51,0,hit,53.76,0
2025020997,2026-03-07,129,8476981,MTL,18.11,6.34,backhand,5v5,0,0,0,0,0,2,71,-2,giveaway,43.38,0
2025020997,2026-03-07,130,8482726,LAK,17.49,30.96,tip-in,5v5,0,1,0,0,0,2,74,-9,shot-on-goal,18.11,0
2025020997,2026-03-07,136,8482155,LAK,40.8,36.03,wrist,5v5,0,0,0,0,0,2,56,-24,faceoff,29.73,0
2025020997,2026-03-07,140,8482124,LAK,31.02,20.77,wrist,5v5,0,0,0,0,0,2,60,11,takeaway,43.42,0
2025020997,2026-03-07,146,8483515,MTL,15.23,66.8,backhand,5v5,0,0,0,0,0,2,83,-14,hit,45.18,0
2025020997,2026-03-07,150,8482155,LAK,33.73,11.98,wrist,5v5,0,0,0,0,0,2,56,-7,giveaway,56.22,0
2025020997,2026-03-07,151,8482155,LAK,24.08,85.24,wrist,5v5,0,1,0,0,0,2,87,-24,missed-shot,33.73,0
2025020997,2026-03-07,152,8480018,MTL,9.0,0.0,wrist,5v5,0,1,0,0,0,2,80,0,missed-shot,24.08,0
2025020997,2026-03-07,156,8478550,LAK,30.61,51.63,wrist,5v5,0,0,0,0,0,2,70,-24,takeaway,57.38,0
2025020997,2026-03-07,158,8476875,MTL,40.36,41.99,wrist,5v5,0,0,0,0,0,2,59,27,blocked-shot,14.0,0
2025020997,2026-03-07,164,8482155,LAK,16.0,0.0,tip-in,5v5,0,0,0,0,0,2,73,0,blocked-shot,53.23,0
2025020997,2026-03-07,168,8483406,LAK,50.99,11.31,wrist,5v5,0,0,0,0,0,2,39,10,blocked-shot,31.38,0
2025020997,2026-03-07,169,8482726,LAK,8.25,75.96,wrist,5v5,0,1,0,0,0,2,87,8,missed-shot,50.99,0
2025020997,2026-03-07,172,8483515,MTL,24.02,2.39,wrist,5v5,0,0,0,0,1,2,65,-1,hit,88.55,1
2025020997,2026-03-07,177,8481540,MTL,9.49,18.43,tip-in,5v5,0,0,0,0,0,2,80,-3,giveaway,82.29,0
2025020997,2026-03-07,179,8482737,MTL,39.41,35.71,wrist,5v5,0,0,0,0,0,2,57,-23,hit,96.66,0
2025020997,2026-03-07,180,8477960,LAK,41.98,12.38,wrist,5v5,0,1,0,0,0,2,48,9,missed-shot,39.41,0
2025020997,2026-03-07,185,8476872,LAK,13.42,63.43,wrist,5v5,0,0,0,0,0,2,83,-12,giveaway,46.27,1
2025020997,2026-03-07,191,8482155,LAK,11.4,15.26,tip-in,5v5,0,0,0,0,0,2,78,-3,hit,90.79,0
2025020997,2026-03-07,194,8482155,LAK,28.02,55.18,wrist,5v5,0,0,0,0,0,2,73,23,faceoff,29.73,0
2025020997,2026-03-07,196,8479675,LAK,44.94,20.85,wrist,5v5,0,0,0,0,0,2,47,16,giveaway,8.06,0
2025020997,2026-03-07,198,8471685,LAK,5.83,30.96,backhand,5v5,0,0,0,0,0,2,84,-3,blocked-shot,8.54,0
2025020997,2026-03-07,199,8471685,LAK,8.25,75.96,backhand,5v5,0,1,0,0,0,2,87,-8,shot-on-goal,5.83,0
2025020997,2026-03-07,203,8478550,LAK,56.04,34.82,wrist,5v5,0,0,0,0,0,2,43,-32,hit,30.07,0
2025020997,2026-03-07,207,8480018,MTL,41.62,35.22,wrist,5v5,0,0,0,0,0,3,55,-24,faceoff,89.0,0
2025020997,2026-03-07,212,8479675,LAK,4.47,63.43,backhand,5v5,0,0,0,0,0,3,87,4,takeaway,44.38,0
2025020997,2026-03-07,213,8471685,LAK,7.0,0.0,tip-in,5v5,0,1,0,0,0,3,82,0,shot-on-goal,4.47,0
2025020997,2026-03-07,214,8482737,MTL,27.89,14.53,wrist,5v5,0,1,0,0,0,3,62,7,missed-shot,7.0,0
2025020997,2026-03-07,216,8483406,LAK,35.36,45.0,wrist,5v5,0,0,0,0,0,3,64,-25,hit,89.0,0
2025020997,2026-03-07,217,8483406,LAK,16.0,89.64,wrist,5v5,0,1,0,0,0,3,89,-16,shot-on-goal,35.36,0
2025020997,2026-03-07,218,8483406,LAK,19.31,21.25,wrist,5v5,0,1,0,0,0,3,71,7,missed-shot,16.0,0
2025020997,2026-03-07,219,8482726,LAK,9.85,66.04,wrist,5v5,0,1,0,0,0,3,85,9,missed-shot,19.31,0
2025020997,2026-03-07,221,8482408,LAK,45.0,53.13,wrist,5v5,0,0,0,0,0,3,62,36,giveaway,7.81,0
2025020997,2026-03-07,222,8475848,MTL,45.18,27.7,wrist,5v5,0,1,0,0,0,3,49,-21,shot-on-goal,45.0,0
2025020997,2026-03-07,226,8476879,LAK,41.34,32.15,wrist,5v5,0,0,0,0,0,3,54,-22,hit,96.25,0
2025020997,2026-03-07,229,8471685,LAK,9.22,49.4,tip-in,5v5,0,0,0,0,0,3,83,7,faceoff,29.73,0
2025020997,2026-03-07,230,8471685,LAK,15.52,75.07,wrist,5v5,0,1,0,0,0,3,85,15,missed-shot,9.22,0
2025020997,2026-03-07,231,8476441,LAK,8.54,69.44,poke,5v5,0,1,0,0,0,3,86,8,missed-shot,15.52,0
2025020997,2026-03-07,234,8479675,LAK,37.11,75.96,wrist,5v5,0,0,0,0,0,3,80,36,faceoff,29.73,0
2025020997,2026-03-07,235,8482730,LAK,62.03,20.77,wrist,5v5,0,1,0,0,0,3,31,22,missed-shot,37.11,0
2025020997,2026-03-07,236,8482155,LAK,15.0,0.0,wrist,5v5,0,1,0,0,1,3,74,0,shot-on-goal,62.03,1
2025020997,2026-03-07,238,8475208,LAK,68.82,35.54,wrist,5v5,0,0,0,0,0,3,33,40,faceoff,89.0,0
2025020997,2026-03-07,245,8476872,LAK,47.01,60.71,wrist,5v5,0,0,0,0,0,3,66,41,hit,13.45,0
2025020997,2026-03-07,249,8478550,LAK,38.29,40.76,slap,5v5,0,0,0,0,0,3,60,25,hit,36.06,0
2025020997,2026-03-07,250,8483457,MTL,8.06,29.74,wrist,5v5,0,1,0,0,0,3,82,4,missed-shot,38.29,0
2025020997,2026-03-07,254,8480865,MTL,47.0,0.0,wrist,5v5,0,0,0,0,0,3,42,0,hit,49.2,0
2025020997,2026-03-07,260,8483756,LAK,22.85,23.2,wrist,5v5,0,0,0,0,0,3,68,-9,takeaway,19.92,0
2025020997,2026-03-07,263,8477960,LAK,27.46,33.11,wrist,5v5,0,0,0,0,0,3,66,-15,hit,30.15,0
2025020997,2026-03-07,264,8474563,LAK,56.52,13.3,slap,5v5,0,1,0,0,0,3,34,13,shot-on-goal,27.46,0
2025020997,2026-03-07,267,8483457,MTL,7.81,89.05,wrist,5v5,0,0,0,0,0,3,94,-6,blocked-shot,13.0,0
2025020997,2026-03-07,268,8476981,MTL,9.0,0.0,wrist,5v5,0,1,0,0,0,3,80,0,shot-on-goal,7.81,0
2025020997,2026-03-07,269,8476981,MTL,11.18,10.3,wrist,5v5,0,1,0,0,0,3,78,-2,shot-on-goal,9.0,0
2025020997,2026-03-07,275,8483515,MTL,35.23,34.59,slap,5v4,1,0,0,0,0,3,60,-20,faceoff,29.73,1
2025020997,2026-03-07,281,8480018,MTL,24.21,38.29,wrist,5v5,0,0,0,0,0,3,70,15,faceoff,29.73,0
2025020997,2026-03-07,282,8480018,MTL,30.41,27.41,wrist,5v5,0,1,0,0,0,3,62,-14,missed-shot,24.21,0
2025020997,2026-03-07,284,8480018,MTL,30.48,48.99,slap,5v5,0,0,0,0,1,3,69,23,takeaway,22.02,1
2025020997,2026-03-07,292,8478550,LAK,34.01,24.3,wrist,5v5,0,0,0,0,0,3,58,-14,blocked-shot,29.07,0
2025020997,2026-03-07,294,8483515,MTL,12.17,9.46,backhand,5v5,0,0,0,0,0,3,77,2,hit,44.28,0
2025020997,2026-03-07,295,8482730,LAK,53.0,0.0,slap,6v5,1,1,0,0,0,3,36,0,shot-on-goal,12.17,0
2025020997,2026-03-07,296,8477960,LAK,8.54,69.44,snap,6v5,1,1,0,0,0,3,86,-8,missed-shot,53.0,0
2025020997,2026-03-07,298,8476479,MTL,36.24,62.02,wrist,5v6,0,0,0,1,0,3,72,32,blocked-shot,22.09,0
2025020997,2026-03-07,301,8478550,LAK,48.1,43.32,slap,6v5,1,0,0,0,0,3,54,33,faceoff,29.73,0
2025020998,2026-03-07,3,8482093,CAR,16.97,45.0,wrist,5v5,0,0,0,0,1,1,77,12,hit,6.32,1
2025020998,2026-03-07,14,8477478,CAR,44.18,5.19,wrist,5v5,0,0,0,0,0,1,45,4,hit,28.28,0
2025020998,2026-03-07,15,8477478,CAR,7.0,0.0,poke,5v5,0,1,0,0,0,1,82,0,shot-on-goal,44.18,0
2025020998,2026-03-07,17,8480762,CAR,20.12,26.57,tip-in,5v5,0,0,0,0,0,1,71,9,giveaway,23.54,0
2025020998,2026-03-07,20,8473533,CAR,26.91,48.01,wrist,5v5,0,0,0,0,0,1,71,20,faceoff,29.73,0
2025020998,2026-03-07,26,8480028,CGY,10.63,48.81,tip-in,5v5,0,0,0,0,0,1,82,8,faceoff,29.73,0
2025020998,2026-03-07,29,8481167,CGY,63.25,34.7,wrist,5v5,0,0,0,0,0,1,37,36,faceoff,29.73,0
2025020998,2026-03-07,31,8480797,CGY,41.04,46.97,snap,6v5,1,0,0,0,0,1,61,-30,delayed-penalty,89.0,0
2025020998,2026-03-07,34,8473533,CAR,16.12,82.87,backhand,4v5,0,0,0,0,0,1,87,-16,faceoff,29.73,0
2025020998,2026-03-07,38,8480727,CGY,51.22,51.34,wrist,5v4,1,0,0,0,0,1,57,-40,blocked-shot,26.0,0
2025020998,2026-03-07,41,8480762,CAR,13.93,21.04,tip-in,5v5,0,0,0,0,0,1,76,-5,faceoff,29.73,0
2025020998,2026-03-07,42,8476873,CAR,22.36,26.57,tip-in,5v5,0,1,0,0,0,1,69,-10,shot-on-goal,13.93,0
2025020998,2026-03-07,43,8476458,CGY,30.48,48.99,wrist,5v5,0,1,0,0,0,1,69,-23,missed-shot,22.36,0
2025020998,2026-03-07,45,8478427,CAR,33.12,61.11,wrist,5v5,0,0,0,0,0,1,73,29,hit,58.73,0
2025020998,2026-03-07,48,8480817,CAR,45.61,52.13,wrist,5v5,0,0,0,0,0,1,61,36,hit,30.15,0
2025020998,2026-03-07,55,8482809,CAR,26.93,58.67,tip-in,5v5,0,0,0,0,0,1,75,23,takeaway,41.48,0
2025020998,2026-03-07,62,8480830,CAR,27.8,37.69,wrist,5v5,0,0,0,0,0,1,67,-17,giveaway,83.19,0
2025020998,2026-03-07,63,8477940,CAR,21.21,8.13,wrist,5v5,0,1,0,0,0,1,68,3,missed-shot,27.8,0
2025020998,2026-03-07,73,8478427,CAR,43.97,17.2,snap,5v5,0,0,0,0,0,1,47,13,faceoff,29.73,0
2025020998,2026-03-07,76,8481068,CGY,48.04,2.39,wrist,5v5,0,0,0,0,0,1,41,-2,hit,37.48,0
2025020998,2026-03-07,79,8474150,CGY,45.0,36.87,wrist,5v5,0,0,0,0,0,1,53,27,takeaway,30.46,0
2025020998,2026-03-07,90,8473533,CAR,12.37,14.04,backhand,5v4,1,0,0,0,0,1,77,3,faceoff,29.73,0
2025020998,2026-03-07,92,8480830,CAR,30.41,46.33,slap,5v4,1,0,0,0,0,1,68,-22,giveaway,31.0,0
2025020998,2026-03-07,98,8480817,CAR,56.64,42.14,wrist,5v5,0,0,0,0,0,1,47,38,faceoff,29.73,0
2025020998,2026-03-07,100,8476921,CAR,52.61,8.75,wrist,5v5,0,0,0,0,0,1,37,8,hit,46.14,0
2025020998,2026-03-07,104,8482074,CGY,7.28,15.95,deflected,5v5,0,0,0,0,0,2,82,2,faceoff,89.0,0
2025020998,2026-03-07,105,8481028,CGY,6.71,26.57,backhand,5v5,0,1,0,0,0,2,83,-3,shot-on-goal,7.28,0
2025020998,2026-03-07,106,8481028,CGY,8.0,0.0,backhand,5v5,0,1,0,0,0,2,81,0,shot-on-goal,6.71,0
2025020998,2026-03-07,107,8476458,CGY,11.7,70.02,wrist,5v5,0,1,0,0,0,2,85,11,shot-on-goal,8.0,1
2025020998,2026-03-07,120,8480817,CAR,38.42,38.66,wrist,5v5,0,0,0,0,0,2,59,24,hit,37.11,0
2025020998,2026-03-07,124,8476921,CAR,41.05,55.92,wrist,5v5,0,0,0,0,0,2,66,34,hit,91.76,0
2025020998,2026-03-07,125,8480028,CGY,16.0,0.0,backhand,5v5,0,1,0,0,0,2,73,0,shot-on-goal,41.05,0
2025020998,2026-03-07,126,8480028,CGY,12.37,14.04,tip-in,5v5,0,1,0,0,0,2,77,-3,missed-shot,16.0,0
2025020998,2026-03-07,127,8480797,CGY,13.0,67.38,wrist,5v5,0,1,0,0,1,2,84,-12,shot-on-goal,12.37,1
2025020998,2026-03-07,134,8476399,CGY,25.61,38.66,snap,5v4,1,0,0,0,0,2,69,-16,faceoff,29.73,0
2025020998,2026-03-07,139,8480028,CGY,29.07,3.95,wrist,5v4,1,0,0,0,2,2,60,2,blocked-shot,23.35,1
2025020998,2026-03-07,146,8476958,CAR,55.0,36.87,slap,5v5,0,0,0,0,0,2,45,33,hit,26.48,0
2025020998,2026-03-07,147,8482702,CAR,15.62,39.81,tip-in,5v5,0,1,0,0,0,2,77,10,shot-on-goal,55.0,0
2025020998,2026-03-07,149,8481068,CGY,11.31,45.0,tip-in,5v5,0,0,0,0,0,2,81,-8,giveaway,10.2,0
2025020998,2026-03-07,154,8476422,CAR,72.67,34.35,wrist,5v5,0,0,0,0,0,2,29,41,giveaway,10.0,0
2025020998,2026-03-07,162,8480797,CGY,7.81,39.81,snap,5v5,0,0,0,0,0,2,83,-5,hit,34.23,0
2025020998,2026-03-07,164,8480028,CGY,47.85,26.03,tip-in,5v5,0,0,0,0,0,2,46,-21,hit,40.52,0
2025020998,2026-03-07,165,8476921,CAR,24.02,2.39,wrist,5v5,0,1,0,0,0,2,65,1,missed-shot,47.85,0
2025020998,2026-03-07,173,8480028,CGY,26.25,17.74,tip-in,5v5,0,0,0,0,0,2,64,8,faceoff,29.73,0
2025020998,2026-03-07,186,8479066,CGY,35.13,4.9,snap,5v5,0,0,0,0,0,2,54,-3,hit,15.26,0
2025020998,2026-03-07,188,8479066,CGY,11.18,63.43,snap,5v5,0,0,0,0,0,2,84,10,hit,42.38,0
2025020998,2026-03-07,189,8482165,CGY,42.3,6.79,wrist,5v5,0,1,0,0,0,2,47,-5,missed-shot,11.18,0
2025020998,2026-03-07,193,8477940,CAR,40.85,21.54,wrist,5v5,0,0,0,0,0,2,51,-15,takeaway,33.38,0
2025020998,2026-03-07,198,8474150,CGY,70.18,4.09,tip-in,5v5,0,0,0,0,0,2,19,5,giveaway,64.82,0
2025020998,2026-03-07,200,8482809,CAR,17.03,40.24,wrist,5v5,0,0,0,0,0,2,76,11,blocked-shot,10.2,0
2025020998,2026-03-07,206,8482093,CAR,31.95,20.14,snap,5v5,0,0,0,0,0,2,59,-11,blocked-shot,25.81,0
2025020998,2026-03-07,211,8476958,CAR,54.49,42.77,wrist,4v4,0,0,0,0,0,2,49,37,faceoff,29.73,0
2025020998,2026-03-07,215,8482809,CAR,30.02,29.98,snap,4v4,0,0,0,0,0,2,63,-15,faceoff,89.0,0
2025020998,2026-03-07,220,8480860,CGY,28.79,20.32,slap,5v5,0,0,0,0,0,3,62,-10,hit,28.07,0
2025020998,2026-03-07,222,8480028,CGY,89.19,17.62,backhand,5v5,0,0,0,0,0,3,4,27,blocked-shot,28.16,0
2025020998,2026-03-07,224,8480797,CGY,50.99,25.56,wrist,5v5,0,0,0,0,0,3,43,22,giveaway,18.44,0
2025020998,2026-03-07,225,8476399,CGY,12.21,55.01,wrist,5v5,0,1,0,0,3,3,82,10,shot-on-goal,50.99,1
2025020998,2026-03-07,231,8480797,CGY,11.18,10.3,tip-in,5v5,0,0,0,0,0,3,78,2,giveaway,22.36,0
2025020998,2026-03-07,235,8477940,CAR,18.36,29.36,wrist,5v5,0,0,0,0,0,3,73,9,faceoff,29.73,0
2025020998,2026-03-07,236,8482093,CAR,19.7,23.96,snap,5v5,0,1,0,0,0,3,71,-8,missed-shot,18.36,0
2025020998,2026-03-07,241,8480336,CAR,23.26,25.46,wrist,5v5,0,0,0,0,-2,3,68,10,takeaway,13.04,1
2025020998,2026-03-07,243,8476873,CAR,8.6,35.54,backhand,5v5,0,0,0,0,0,3,82,5,faceoff,89.0,0
2025020998,2026-03-07,244,8476873,CAR,8.06,7.13,wrist,5v5,0,1,0,0,0,3,81,1,shot-on-goal,8.6,0
2025020998,2026-03-07,247,8476422,CAR,58.31,30.96,snap,5v5,0,0,0,0,0,3,39,30,faceoff,29.73,0
2025020998,2026-03-07,254,8482100,CAR,52.77,9.82,slap,5v4,1,0,0,0,-1,3,37,9,giveaway,40.85,1
2025020998,2026-03-07,258,8478970,CAR,39.56,20.73,wrist,5v5,0,0,0,0,0,3,52,-14,giveaway,21.54,0
2025020998,2026-03-07,260,8479066,CGY,24.7,58.24,slap,5v5,0,0,0,0,0,3,76,21,hit,53.74,0
2025020998,2026-03-07,261,8482702,CAR,29.07,26.57,wrist,5v5,0,1,0,0,0,3,63,13,missed-shot,24.7,0
2025020998,2026-03-07,270,8476874,CGY,59.67,13.57,wrist,5v5,0,0,0,0,0,3,31,14,giveaway,78.01,0
2025020998,2026-03-07,274,8474150,CGY,30.46,66.8,wrist,5v5,0,0,0,0,0,3,77,28,hit,44.72,0
2025020998,2026-03-07,277,8480830,CAR,39.41,54.29,snap,5v5,0,0,0,0,0,3,66,-32,faceoff,29.73,0
2025020998,2026-03-07,278,8476921,CAR,63.81,32.2,wrist,5v5,0,1,0,0,0,3,35,-34,missed-shot,39.41,0
2025020998,2026-03-07,280,8480817,CAR,42.54,29.58,wrist,5v5,0,0,0,0,0,3,52,-21,hit,71.56,0
2025020998,2026-03-07,291,8482093,CAR,39.6,45.0,slap,5v5,0,0,0,0,0,3,61,28,giveaway,62.1,0
2025020998,2026-03-07,292,8477940,CAR,75.01,0.76,slap,5v5,0,1,0,0,0,3,14,1,missed-shot,39.6,0
2025020998,2026-03-07,297,8480817,CAR,40.72,24.68,snap,5v5,0,0,0,0,0,3,52,17,faceoff,29.73,0
2025020998,2026-03-07,298,8480762,CAR,13.6,36.03,wrist,5v5,0,1,0,0,0,3,78,8,shot-on-goal,40.72,0
2025020998,2026-03-07,305,8480797,CGY,7.21,33.69,backhand,5v5,0,0,0,0,2,3,83,-4,giveaway,65.46,1
2025020998,2026-03-07,311,8480817,CAR,61.01,0.94,slap,6v5,1,0,0,0,0,3,28,1,faceoff,29.73,0
2025020998,2026-03-07,312,8480830,CAR,11.0,0.0,wrist,6v5,1,1,0,0,-1,3,78,0,missed-shot,61.01,1
2025020999,2026-03-07,5,8484221,NYI,6.4,38.66,tip-in,5v5,0,0,0,0,0,1,84,4,faceoff,29.73,0
2025020999,2026-03-07,8,8478445,NYI,50.45,39.37,wrist,5v5,0,0,0,0,0,1,50,32,faceoff,29.73,0
2025020999,2026-03-07,10,8478874,SJS,8.06,7.13,tip-in,5v5,0,0,0,0,0,1,81,-1,hit,35.13,0
2025020999,2026-03-07,14,8477369,NYI,53.91,49.51,wrist,5v5,0,0,0,0,0,1,54,41,hit,31.26,0
2025020999,2026-03-07,15,8476429,NYI,68.96,29.54,wrist,5v5,0,1,0,0,0,1,29,-34,shot-on-goal,53.91,0
2025020999,2026-03-07,16,8475200,SJS,69.97,30.96,wrist,5v5,0,1,0,0,0,1,29,36,missed-shot,68.96,0
2025020999,2026-03-07,20,8477500,NYI,33.6,36.53,wrist,5v5,0,0,0,0,0,1,62,20,hit,41.11,0
2025020999,2026-03-07,23,8475314,NYI,12.53,61.39,backhand,5v5,0,0,0,0,0,1,83,11,blocked-shot,43.1,0
2025020999,2026-03-07,24,8476917,NYI,73.25,32.17,wrist,5v5,0,1,0,0,0,1,27,39,missed-shot,12.53,0
2025020999,2026-03-07,27,8485402,SJS,5.0,0.0,tip-in,5v5,0,0,0,0,0,1,84,0,hit,42.95,0
2025020999,2026-03-07,30,8484911,SJS,10.05,5.71,tip-in,5v5,0,0,0,0,0,1,79,-1,faceoff,29.73,0
2025020999,2026-03-07,32,8475906,SJS,71.87,31.92,wrist,5v5,0,0,0,0,0,1,28,-38,takeaway,48.02,0
2025020999,2026-03-07,36,8476292,NYI,43.86,46.85,slap,5v5,0,0,0,0,0,1,59,32,hit,54.45,0
2025020999,2026-03-07,39,8485366,NYI,30.41,46.33,wrist,5v5,0,0,0,0,0,1,68,22,faceoff,29.73,0
2025020999,2026-03-07,42,8484227,SJS,12.81,38.66,wrist,5v5,0,0,0,0,0,1,79,-8,hit,66.4,0
2025020999,2026-03-07,45,8484801,SJS,5.83,59.04,tip-in,5v4,1,0,0,0,0,1,86,-5,faceoff,29.73,0
2025020999,2026-03-07,48,8475726,SJS,31.58,10.95,wrist,5v4,1,0,0,0,0,1,58,-6,faceoff,29.73,0
2025020999,2026-03-07,51,8477950,NYI,43.17,13.39,wrist,5v5,0,0,0,0,1,1,47,-10,giveaway,83.6,1
2025020999,2026-03-07,53,8475170,NYI,29.07,26.57,wrist,5v5,0,0,0,0,0,1,63,-13,faceoff,89.0,0
2025020999,2026-03-07,54,8484227,SJS,31.38,59.35,wrist,5v5,0,1,0,0,0,1,73,27,missed-shot,29.07,0
2025020999,2026-03-07,55,8485366,NYI,57.38,41.47,wrist,5v5,0,1,0,0,0,1,46,38,missed-shot,31.38,0
2025020999,2026-03-07,60,8476917,NYI,19.0,0.0,tip-in,5v5,0,0,0,0,0,1,70,0,blocked-shot,48.17,0
2025020999,2026-03-07,64,8471817,SJS,11.4,15.26,tip-in,5v5,0,0,0,0,0,1,78,3,giveaway,79.08,0
2025020999,2026-03-07,67,8477500,NYI,8.25,75.96,wrist,5v5,0,0,0,0,0,1,87,-8,blocked-shot,14.14,0
2025020999,2026-03-07,71,8482476,NYI,18.11,6.34,tip-in,5v5,0,0,0,0,0,1,71,-2,blocked-shot,39.12,0
2025020999,2026-03-07,78,8484801,SJS,25.02,2.29,tip-in,5v5,0,0,0,0,0,1,64,1,blocked-shot,34.54,0
2025020999,2026-03-07,81,8475906,SJS,53.71,24.18,slap,5v5,0,0,0,0,0,1,40,-22,hit,53.81,0
2025020999,2026-03-07,82,8484227,SJS,9.22,49.4,backhand,5v5,0,1,0,0,0,1,83,7,missed-shot,53.71,0
2025020999,2026-03-07,84,8478874,SJS,29.83,50.44,wrist,5v5,0,0,0,0,0,1,70,-23,hit,32.56,0
2025020999,2026-03-07,93,8484801,SJS,34.44,25.82,wrist,5v5,0,0,0,0,0,2,58,15,giveaway,16.49,1
2025020999,2026-03-07,95,8477505,SJS,39.81,11.59,wrist,5v5,0,0,0,0,0,2,50,8,faceoff,89.0,0
2025020999,2026-03-07,98,8478874,SJS,6.0,0.0,tip-in,5v5,0,0,0,0,0,2,83,0,hit,35.0,0
2025020999,2026-03-07,106,8477500,NYI,34.41,54.46,slap,5v5,0,0,0,0,0,2,69,-28,hit,85.88,0
2025020999,2026-03-07,107,8477407,NYI,30.48,41.01,slap,5v5,0,1,0,0,0,2,66,20,shot-on-goal,34.41,0
2025020999,2026-03-07,117,8475170,NYI,27.66,49.4,wrist,5v4,1,0,0,0,0,2,71,-21,faceoff,29.73,0
2025020999,2026-03-07,123,8475231,NYI,13.89,59.74,wrist,5v5,0,0,0,0,0,2,82,-12,blocked-shot,29.53,0
2025020999,2026-03-07,129,8484806,SJS,44.41,54.16,slap,5v5,0,0,0,0,0,2,63,36,hit,19.31,0
2025020999,2026-03-07,137,8479983,SJS,36.89,32.83,wrist,5v5,0,0,0,0,0,2,58,20,blocked-shot,60.0,0
2025020999,2026-03-07,138,8476917,NYI,86.76,25.97,wrist,5v5,0,1,0,0,0,2,11,-38,shot-on-goal,36.89,0
2025020999,2026-03-07,140,8475231,NYI,47.17,32.01,wrist,5v5,0,0,0,0,0,2,49,-25,giveaway,46.14,0
2025020999,2026-03-07,141,8477407,NYI,15.03,86.19,wrist,5v5,0,1,0,0,0,2,88,-15,shot-on-goal,47.17,0
2025020999,2026-03-07,142,8477506,NYI,55.95,28.86,slap,5v5,0,1,0,0,0,2,40,27,missed-shot,15.03,0
2025020999,2026-03-07,150,8478445,NYI,4.0,88.57,wrap-around,5v5,0,0,0,0,0,2,89,4,blocked-shot,23.54,0
2025020999,2026-03-07,153,8476917,NYI,62.8,37.23,wrist,5v5,0,0,0,0,0,2,39,38,faceoff,29.73,0
2025020999,2026-03-07,160,8476917,NYI,38.91,25.91,wrist,5v5,0,0,0,0,0,2,54,17,hit,27.66,0
2025020999,2026-03-07,166,8479983,SJS,60.83,27.41,slap,5v5,0,0,0,0,0,2,35,28,hit,16.64,0
2025020999,2026-03-07,176,8477500,NYI,12.65,18.43,tip-in,5v5,0,0,0,0,0,2,77,-4,giveaway,66.22,0
2025020999,2026-03-07,180,8484911,SJS,23.43,39.81,wrist,5v5,0,0,0,0,0,2,71,-15,blocked-shot,31.89,0
2025020999,2026-03-07,183,8475906,SJS,58.05,42.21,wrist,5v5,0,0,0,0,0,2,46,-39,faceoff,29.73,0
2025020999,2026-03-07,185,8484227,SJS,12.04,41.63,tip-in,5v5,0,0,0,0,0,2,80,-8,hit,43.08,0
2025020999,2026-03-07,186,8484801,SJS,43.83,34.78,snap,5v5,0,1,0,0,0,2,53,25,missed-shot,12.04,0
2025020999,2026-03-07,188,8475314,NYI,9.49,71.57,wrist,5v5,0,0,0,0,0,2,86,9,hit,37.12,0
2025020999,2026-03-07,191,8481601,NYI,26.25,17.74,tip-in,5v5,0,0,0,0,0,2,64,-8,faceoff,29.73,0
2025020999,2026-03-07,195,8482667,SJS,15.26,31.61,wrist,5v5,0,0,0,0,0,2,76,-8,hit,32.06,0
2025020999,2026-03-07,196,8485402,SJS,4.47,63.43,backhand,5v5,0,1,0,0,0,2,87,-4,shot-on-goal,15.26,0
2025020999,2026-03-07,201,8484911,SJS,9.0,0.0,slap,5v5,0,0,0,0,0,2,80,0,giveaway,13.45,0
2025020999,2026-03-07,211,8481601,NYI,27.29,8.43,snap,5v5,0,0,0,0,0,3,62,4,faceoff,89.0,0
2025020999,2026-03-07,214,8485366,NYI,46.07,27.12,wrist,5v5,0,0,0,0,0,3,48,21,faceoff,29.73,0
2025020999,2026-03-07,215,8475314,NYI,12.37,75.96,wrist,5v5,0,1,0,0,0,3,86,12,shot-on-goal,46.07,0
2025020999,2026-03-07,216,8476419,NYI,7.0,89.18,backhand,5v5,0,1,0,0,0,3,89,7,shot-on-goal,12.37,0
2025020999,2026-03-07,224,8475906,SJS,64.07,34.19,slap,5v5,0,0,0,0,0,3,36,-36,blocked-shot,36.12,0
2025020999,2026-03-07,226,8484911,SJS,7.07,8.13,tip-in,5v5,0,0,0,0,0,3,82,1,hit,22.14,0
2025020999,2026-03-07,227,8484801,SJS,10.44,16.7,slap,5v5,0,1,0,0,0,3,79,-3,shot-on-goal,7.07,0
2025020999,2026-03-07,237,8482476,NYI,34.01,1.68,wrist,5v5,0,0,0,0,0,3,55,1,faceoff,29.73,0
2025020999,2026-03-07,238,8477500,NYI,6.08,9.46,wrist,5v5,0,1,0,0,0,3,83,1,shot-on-goal,34.01,0
2025020999,2026-03-07,241,8478445,NYI,14.04,85.91,wrist,5v5,0,0,0,0,0,3,88,-14,faceoff,29.73,0
2025020999,2026-03-07,247,8484227,SJS,40.5,20.22,wrist,5v5,0,0,0,0,0,3,51,14,faceoff,29.73,0
2025020999,2026-03-07,251,8475314,NYI,19.42,34.51,tip-in,5v5,0,0,0,0,0,3,73,-11,faceoff,29.73,0
2025020999,2026-03-07,260,8476429,NYI,41.04,46.97,slap,5v5,0,0,0,0,0,3,61,-30,hit,8.06,0
2025020999,2026-03-07,261,8483553,NYI,15.26,31.61,backhand,5v5,0,1,0,0,0,3,76,8,shot-on-goal,41.04,0
2025020999,2026-03-07,267,8475906,SJS,58.14,3.95,slap,5v5,0,0,0,0,0,3,31,4,hit,46.32,0
2025020999,2026-03-07,268,8480748,SJS,15.3,11.31,wrist,5v5,0,1,0,0,0,3,74,3,missed-shot,58.14,0
2025020999,2026-03-07,269,8476419,NYI,6.08,9.46,tip-in,5v5,0,1,0,0,0,3,83,1,missed-shot,15.3,0
2025020999,2026-03-07,278,8478445,NYI,20.81,54.78,wrist,5v5,0,0,0,0,0,3,77,-17,faceoff,89.0,0
2025020999,2026-03-07,280,8477950,NYI,44.28,6.48,wrist,5v5,0,0,0,0,0,3,45,5,takeaway,31.4,0
2025020999,2026-03-07,283,8476917,NYI,54.45,7.39,wrist,5v5,0,0,0,0,0,3,35,7,faceoff,29.73,0
2025020999,2026-03-07,286,8482667,SJS,47.63,39.04,wrist,5v5,0,0,0,0,0,3,52,-30,giveaway,79.65,0
2025020999,2026-03-07,287,8484806,SJS,48.75,25.51,snap,5v5,0,1,0,0,0,3,45,21,shot-on-goal,47.63,0
2025020999,2026-03-07,288,8475726,SJS,14.56,15.95,backhand,5v5,0,1,0,0,0,3,75,4,shot-on-goal,48.75,0
2025020999,2026-03-07,290,8485402,SJS,9.85,23.96,tip-in,5v5,0,0,0,0,0,3,80,-4,hit,17.49,0
2025020999,2026-03-07,293,8475200,SJS,62.97,20.45,wrist,5v5,0,0,0,0,0,3,30,22,hit,47.71,0
2025020999,2026-03-07,303,8478445,NYI,65.73,33.21,wrist,5v5,0,0,0,0,0,3,34,-36,blocked-shot,11.4,0
2025020999,2026-03-07,310,8484221,NYI,36.4,37.18,wrist,5v4,1,0,0,0,0,3,60,22,faceoff,72.42,0
2025020999,2026-03-07,312,8484911,SJS,17.09,69.44,backhand,5v5,0,0,0,0,0,3,83,16,takeaway,71.2,0
2025020999,2026-03-07,317,8484227,SJS,17.89,26.57,wrist,5v4,1,0,0,0,0,3,73,8,blocked-shot,22.56,0
2025020999,2026-03-07,326,8484227,SJS,36.4,37.18,slap,4v3,1,0,0,0,0,4,60,22,faceoff,89.0,0
2025020999,2026-03-07,328,8475200,SJS,45.61,52.13,wrist,4v4,0,0,0,0,0,4,61,36,blocked-shot,17.49,0
2025020999,2026-03-07,329,8475906,SJS,54.12,27.51,slap,4v4,0,1,0,0,0,4,41,-25,shot-on-goal,45.61,0
2025020999,2026-03-07,330,8485402,SJS,5.1,78.69,wrap-around,4v4,0,1,0,0,0,4,88,5,shot-on-goal,54.12,0
2025020999,2026-03-07,331,8477500,NYI,25.24,56.31,wrist,4v4,0,1,0,0,0,4,75,21,missed-shot,5.1,0
2025020999,2026-03-07,332,8475200,SJS,7.21,56.31,tip-in,4v4,0,1,0,0,0,4,85,6,shot-on-goal,25.24,0
2025020999,2026-03-07,333,8484801,SJS,35.51,9.73,wrist,4v4,0,1,0,0,0,4,54,6,missed-shot,7.21,0
2025020999,2026-03-07,337,8477500,NYI,12.0,0.0,backhand,3v3,0,0,0,0,1,4,77,0,hit,64.51,1
2025021000,2026-03-07,3,8480801,OTT,51.4,52.91,wrist,5v5,0,0,0,0,0,1,58,41,giveaway,32.06,0
2025021000,2026-03-07,8,8482245,OTT,55.01,27.03,slap,5v5,0,0,0,0,0,1,40,-25,hit,53.04,0
2025021000,2026-03-07,15,8481528,OTT,12.0,0.0,tip-in,5v5,0,0,0,0,0,1,77,0,hit,34.13,0
2025021000,2026-03-07,21,8478020,OTT,66.22,38.25,snap,5v5,0,0,0,0,0,1,37,-41,takeaway,74.95,0
2025021000,2026-03-07,24,8478469,OTT,5.1,88.85,wrist,5v5,0,0,0,0,0,1,90,5,faceoff,29.73,0
2025021000,2026-03-07,28,8482105,OTT,46.75,41.53,wrist,5v5,0,0,0,0,0,1,54,31,hit,8.0,0
2025021000,2026-03-07,29,8482092,OTT,55.11,11.51,wrist,5v5,0,1,0,0,0,1,35,-11,shot-on-goal,46.75,0
2025021000,2026-03-07,30,8484800,SEA,8.94,26.57,wrist,5v5,0,1,0,0,0,1,81,4,shot-on-goal,55.11,0
2025021000,2026-03-07,33,8477955,SEA,32.02,51.34,wrist,5v5,0,0,0,0,0,1,69,-25,giveaway,41.15,0
2025021000,2026-03-07,40,8483570,SEA,11.0,0.0,tip-in,5v5,0,0,0,0,0,1,78,0,giveaway,12.08,0
2025021000,2026-03-07,41,8482874,SEA,8.49,45.0,wrist,5v5,0,1,0,0,1,1,83,-6,shot-on-goal,11.0,1
2025021000,2026-03-07,44,8478020,OTT,31.4,52.77,wrist,5v5,0,0,0,0,0,1,70,25,blocked-shot,18.87,0
2025021000,2026-03-07,47,8482095,OTT,21.21,45.0,snap,5v5,0,0,0,0,0,1,74,15,takeaway,43.86,1
2025021000,2026-03-07,50,8480009,SEA,48.17,48.37,wrist,5v5,0,0,0,0,0,1,57,-36,giveaway,9.06,0
2025021000,2026-03-07,58,8477986,SEA,35.34,64.89,snap,5v5,0,0,0,0,0,1,74,-32,faceoff,29.73,0
2025021000,2026-03-07,61,8481554,SEA,26.4,65.38,wrist,5v5,0,0,0,0,0,1,78,24,blocked-shot,34.21,0
2025021000,2026-03-07,62,8480208,OTT,23.09,72.35,wrist,5v5,0,1,0,0,0,1,82,-22,shot-on-goal,26.4,0
2025021000,2026-03-07,65,8481528,OTT,30.48,41.01,wrist,5v5,0,0,0,0,1,1,66,-20,hit,40.5,1
2025021000,2026-03-07,68,8477998,OTT,37.95,18.43,tip-in,5v5,0,0,0,0,0,1,53,-12,hit,43.42,0
2025021000,2026-03-07,81,8478469,OTT,35.51,32.35,snap,4v4,0,0,0,0,0,1,59,-19,faceoff,29.73,0
2025021000,2026-03-07,82,8480801,OTT,46.0,0.0,wrist,4v4,0,1,0,0,0,1,43,0,shot-on-goal,35.51,0
2025021000,2026-03-07,87,8480208,OTT,25.5,64.44,wrist,4v4,0,0,0,0,0,1,78,23,blocked-shot,5.39,0
2025021000,2026-03-07,92,8481606,OTT,25.81,35.54,backhand,4v4,0,0,0,0,0,1,68,15,faceoff,89.0,0
2025021000,2026-03-07,99,8482105,OTT,64.01,28.97,slap,5v5,0,0,0,0,0,1,33,31,faceoff,72.42,0
2025021000,2026-03-07,100,8480208,OTT,17.46,23.63,wrist,5v5,0,1,0,0,0,1,73,7,missed-shot,64.01,0
2025021000,2026-03-07,116,8482092,OTT,11.4,74.74,snap,5v5,0,0,0,0,0,2,86,11,faceoff,89.0,0
2025021000,2026-03-07,120,8482245,OTT,36.8,42.8,wrist,5v5,0,0,0,0,0,2,62,-25,hit,24.35,0
2025021000,2026-03-07,121,8481596,OTT,6.08,9.46,deflected,5v5,0,1,0,0,2,2,83,-1,shot-on-goal,36.8,1
2025021000,2026-03-07,130,8480801,OTT,31.76,28.18,wrist,5v4,1,0,0,0,0,2,61,-15,faceoff,29.73,0
2025021000,2026-03-07,131,8482105,OTT,46.07,27.12,wrist,5v4,1,1,0,0,0,2,48,21,missed-shot,31.76,0
2025021000,2026-03-07,140,8481596,OTT,16.28,10.62,wrist,5v4,1,0,0,0,0,2,73,-3,giveaway,21.63,0
2025021000,2026-03-07,141,8482751,SEA,47.2,53.62,wrist,5v5,0,1,0,0,0,2,61,38,shot-on-goal,16.28,0
2025021000,2026-03-07,142,8478469,OTT,47.63,50.96,wrist,5v5,0,1,0,0,0,2,59,37,shot-on-goal,47.2,0
2025021000,2026-03-07,146,8474189,OTT,11.66,30.96,poke,5v5,0,0,0,0,0,2,79,-6,blocked-shot,15.13,0
2025021000,2026-03-07,151,8474189,OTT,30.81,13.13,wrist,5v5,0,0,0,0,0,2,59,7,giveaway,61.85,0
2025021000,2026-03-07,158,8476467,SEA,71.34,31.24,wrist,5v5,0,0,0,0,0,2,28,37,faceoff,29.73,0
2025021000,2026-03-07,163,8484800,SEA,42.95,12.09,wrist,5v5,0,0,0,0,0,2,47,9,blocked-shot,47.89,0
2025021000,2026-03-07,165,8477998,OTT,31.11,45.0,snap,5v5,0,0,0,0,0,2,67,22,giveaway,46.65,0
2025021000,2026-03-07,169,8482874,SEA,26.17,6.58,wrist,5v5,0,0,0,0,0,2,63,-3,hit,25.18,0
2025021000,2026-03-07,172,8476393,OTT,39.29,14.74,wrist,5v5,0,0,0,0,0,2,51,10,faceoff,29.73,0
2025021000,2026-03-07,173,8478020,OTT,12.0,0.0,wrist,5v5,0,1,0,0,3,2,77,0,shot-on-goal,39.29,1
2025021000,2026-03-07,176,8477986,SEA,25.3,71.57,backhand,5v5,0,0,0,0,0,2,81,24,blocked-shot,32.2,0
2025021000,2026-03-07,177,8480801,OTT,35.34,25.11,wrist,5v5,0,1,0,0,0,2,57,15,shot-on-goal,25.3,0
2025021000,2026-03-07,182,8478407,SEA,55.07,29.36,wrist,5v5,0,0,0,0,0,2,41,27,blocked-shot,19.31,0
2025021000,2026-03-07,183,8480208,OTT,24.08,48.37,snap,5v5,0,1,0,0,0,2,73,18,shot-on-goal,55.07,0
2025021000,2026-03-07,186,8482105,OTT,40.85,21.54,wrist,5v5,0,0,0,0,0,2,51,15,faceoff,29.73,0
2025021000,2026-03-07,196,8482858,SEA,60.22,35.54,wrist,5v5,0,0,0,0,0,2,40,35,giveaway,52.01,0
2025021000,2026-03-07,198,8480009,SEA,41.63,24.1,slap,5v5,0,0,0,0,-2,2,51,-17,giveaway,38.64,1
2025021000,2026-03-07,200,8480188,OTT,43.08,68.2,wrist,5v5,0,0,0,0,0,2,73,-40,faceoff,89.0,0
2025021000,2026-03-07,203,8475324,OTT,54.49,42.77,wrist,5v5,0,0,0,0,0,2,49,-37,faceoff,29.73,0
2025021000,2026-03-07,209,8477986,SEA,71.2,29.45,slap,5v5,0,0,0,0,0,2,27,-35,hit,16.76,0
2025021000,2026-03-07,211,8481596,OTT,33.84,34.16,snap,5v5,0,0,0,0,0,2,61,-19,giveaway,74.63,0
2025021000,2026-03-07,213,8482092,OTT,45.61,37.87,wrist,5v5,0,0,0,0,0,2,53,28,hit,60.9,0
2025021000,2026-03-07,214,8484800,SEA,38.01,35.36,wrist,5v5,0,1,0,0,0,2,58,22,missed-shot,45.61,0
2025021000,2026-03-07,228,8480801,OTT,25.0,36.87,wrist,5v5,0,0,0,0,0,2,69,15,hit,61.85,0
2025021000,2026-03-07,229,8481528,OTT,41.79,68.96,wrist,5v5,0,1,0,0,0,2,74,-39,missed-shot,25.0,0
2025021000,2026-03-07,234,8480801,OTT,35.69,11.31,wrist,5v5,0,0,0,0,0,3,54,7,faceoff,89.0,0
2025021000,2026-03-07,237,8480208,OTT,30.46,23.2,wrist,5v5,0,0,0,0,0,3,61,12,faceoff,29.73,0
2025021000,2026-03-07,240,8482858,SEA,29.7,45.0,wrist,5v5,0,0,0,0,0,3,68,21,hit,42.49,0
2025021000,2026-03-07,242,8478020,OTT,15.0,53.13,backhand,5v5,0,0,0,0,0,3,80,-12,giveaway,40.02,0
2025021000,2026-03-07,244,8482751,SEA,45.28,46.79,wrist,5v5,0,0,0,0,0,3,58,-33,hit,14.76,0
2025021000,2026-03-07,246,8477998,OTT,24.74,14.04,wrist,5v5,0,0,0,0,3,3,65,-6,takeaway,17.72,1
2025021000,2026-03-07,250,8474586,SEA,11.0,0.0,tip-in,5v5,0,0,0,0,0,3,78,0,blocked-shot,37.59,0
2025021000,2026-03-07,251,8474586,SEA,11.31,45.0,wrist,5v5,0,1,0,0,0,3,81,-8,shot-on-goal,11.0,0
2025021000,2026-03-07,254,8481606,OTT,54.56,41.28,wrist,5v5,0,0,0,0,0,3,48,36,faceoff,29.73,0
2025021000,2026-03-07,255,8482116,OTT,22.8,37.87,wrist,5v5,0,1,0,0,4,3,71,14,shot-on-goal,54.56,1
2025021000,2026-03-07,257,8482751,SEA,46.23,38.85,wrist,5v5,0,0,0,0,0,3,53,-29,faceoff,89.0,0
2025021000,2026-03-07,258,8479985,SEA,54.64,34.56,slap,5v5,0,1,0,0,0,3,44,-31,shot-on-goal,46.23,0
2025021000,2026-03-07,262,8476905,SEA,31.14,47.6,snap,5v4,1,0,0,0,0,3,68,23,faceoff,29.73,0
2025021000,2026-03-07,263,8474586,SEA,9.85,66.04,wrist,5v4,1,1,0,0,0,3,85,9,shot-on-goal,31.14,0
2025021000,2026-03-07,270,8480801,OTT,30.23,34.22,wrist,5v5,0,0,0,0,5,3,64,17,takeaway,78.45,1
2025021000,2026-03-07,274,8480188,OTT,67.01,37.72,wrist,5v5,0,0,0,0,0,3,36,-41,faceoff,89.0,0
2025021000,2026-03-07,275,8484800,SEA,42.2,13.71,wrist,5v5,0,1,0,0,0,3,48,10,missed-shot,67.01,0
2025021000,2026-03-07,277,8482092,OTT,9.06,6.34,backhand,5v5,0,0,0,0,0,3,80,1,giveaway,35.47,0
2025021000,2026-03-07,278,8476467,SEA,30.41,62.59,wrist,5v5,0,1,0,0,0,3,75,27,missed-shot,9.06,0
2025021000,2026-03-07,280,8482751,SEA,36.77,45.0,wrist,5v5,0,0,0,0,0,3,63,-26,hit,93.94,0
2025021000,2026-03-07,282,8482665,SEA,27.29,28.44,tip-in,5v5,0,0,0,0,-4,3,65,-13,takeaway,20.0,1
2025021000,2026-03-07,292,8484800,SEA,9.49,71.57,wrist,5v5,0,0,0,0,0,3,86,-9,hit,38.33,0
2025021000,2026-03-07,295,8482092,OTT,7.81,39.81,backhand,5v5,0,0,0,0,0,3,83,-5,faceoff,29.73,0
2025021000,2026-03-07,299,8481596,OTT,10.3,29.05,wrist,5v5,0,0,0,0,0,3,80,-5,blocked-shot,12.17,0
2025021000,2026-03-07,304,8474189,OTT,10.63,41.19,wrist,5v5,0,0,0,0,0,3,81,7,blocked-shot,22.85,0
2025021000,2026-03-07,305,8474189,OTT,6.32,71.57,bat,5v5,0,1,0,0,0,3,87,6,shot-on-goal,10.63,0
2025021000,2026-03-07,308,8482874,SEA,29.73,42.27,wrist,5v5,0,0,0,0,0,3,67,-20,giveaway,85.87,0
2025021000,2026-03-07,320,8477986,SEA,39.85,17.53,slap,5v3,1,0,0,0,-3,3,51,12,faceoff,29.73,1
2025021000,2026-03-07,325,8480009,SEA,34.66,43.83,wrist,5v4,1,0,0,0,0,3,64,-24,giveaway,55.23,0
2025021000,2026-03-07,327,8482116,OTT,35.61,38.16,slap,4v5,0,0,0,0,0,3,61,-22,giveaway,59.54,0
2025021000,2026-03-07,328,8474586,SEA,57.28,44.29,wrist,5v4,1,1,0,0,0,3,48,-40,shot-on-goal,35.61,0
2025020983,2026-03-06,3,8479337,DET,40.31,46.01,snap,5v5,0,0,0,0,0,1,61,29,giveaway,25.5,0
2025020983,2026-03-06,5,8477409,FLA,13.42,26.57,backhand,5v5,0,0,0,0,0,1,77,-6,blocked-shot,41.01,0
2025020983,2026-03-06,6,8477935,FLA,12.04,85.24,wrist,5v5,0,1,0,0,0,1,88,12,missed-shot,13.42,0
2025020983,2026-03-06,9,8482078,DET,93.3,19.41,snap,5v5,0,0,0,0,0,1,1,-31,blocked-shot,12.04,0
2025020983,2026-03-06,13,8478859,FLA,58.8,41.55,wrist,5v5,0,0,0,0,0,1,45,39,blocked-shot,5.83,0
2025020983,2026-03-06,21,8484471,DET,13.04,4.4,snap,5v5,0,0,0,0,0,1,76,1,giveaway,31.62,0
2025020983,2026-03-06,24,8482131,FLA,18.38,67.62,snap,5v5,0,0,0,0,0,1,82,17,hit,48.41,0
2025020983,2026-03-06,36,8473419,FLA,68.03,1.68,wrist,5v5,0,0,0,0,0,1,21,-2,takeaway,42.72,0
2025020983,2026-03-06,39,8482131,FLA,56.6,32.01,wrist,5v5,0,0,0,0,0,1,41,30,faceoff,29.73,0
2025020983,2026-03-06,42,8479314,FLA,17.09,20.56,snap,5v5,0,0,0,0,1,1,73,6,hit,62.64,1
2025020983,2026-03-06,48,8481542,DET,62.3,18.73,wrist,5v5,0,0,0,0,0,1,30,-20,hit,43.57,0
2025020983,2026-03-06,51,8477946,DET,29.83,13.57,slap,5v5,0,0,0,0,0,1,60,-7,faceoff,29.73,0
2025020983,2026-03-06,53,8477946,DET,27.66,12.53,snap,5v5,0,0,0,0,0,1,62,-6,hit,38.9,0
2025020983,2026-03-06,58,8483464,DET,46.32,13.74,snap,5v5,0,0,0,0,0,1,44,-11,hit,39.56,0
2025020983,2026-03-06,59,8482113,FLA,28.65,29.25,snap,5v5,0,1,0,0,0,1,64,-14,shot-on-goal,46.32,0
2025020983,2026-03-06,62,8477933,FLA,40.61,9.93,slap,5v5,0,0,0,0,0,1,49,-7,faceoff,29.73,0
2025020983,2026-03-06,63,8478542,FLA,23.6,36.38,snap,5v5,0,1,0,0,0,1,70,14,missed-shot,40.61,0
2025020983,2026-03-06,64,8477946,DET,27.59,43.53,slap,5v5,0,1,0,0,0,1,69,19,missed-shot,23.6,0
2025020983,2026-03-06,72,8478055,FLA,58.25,34.51,slap,5v5,0,0,0,0,0,1,41,33,blocked-shot,25.08,0
2025020983,2026-03-06,73,8484471,DET,5.1,11.31,backhand,5v5,0,1,0,0,0,1,84,-1,missed-shot,58.25,0
2025020983,2026-03-06,74,8475279,DET,39.56,16.14,snap,5v5,0,1,0,0,0,1,51,11,shot-on-goal,5.1,0
2025020983,2026-03-06,79,8481542,DET,51.04,2.25,snap,5v5,0,0,0,0,0,1,38,2,faceoff,29.73,0
2025020983,2026-03-06,80,8482762,DET,55.71,21.04,snap,5v5,0,1,0,0,0,1,37,-20,missed-shot,51.04,0
2025020983,2026-03-06,92,8477946,DET,33.0,0.0,snap,5v4,1,0,0,0,0,2,56,0,blocked-shot,27.51,0
2025020983,2026-03-06,93,8482113,FLA,57.43,35.07,snap,5v5,0,1,0,0,0,2,42,-33,missed-shot,33.0,0
2025020983,2026-03-06,100,8478859,FLA,36.01,1.59,wrist,5v4,1,0,0,0,0,2,53,1,blocked-shot,23.85,0
2025020983,2026-03-06,101,8477409,FLA,22.67,41.42,snap,5v5,0,1,0,0,0,2,72,-15,shot-on-goal,36.01,0
2025020983,2026-03-06,105,8482078,DET,96.66,24.44,wrist,5v5,0,0,0,0,0,2,1,40,faceoff,29.73,0
2025020983,2026-03-06,107,8475279,DET,40.0,36.87,wrist,5v5,0,0,0,0,0,2,57,24,hit,91.0,0
2025020983,2026-03-06,110,8484471,DET,19.0,0.0,tip-in,5v5,0,0,0,0,0,2,70,0,faceoff,29.73,0
2025020983,2026-03-06,111,8481607,DET,64.64,34.92,snap,5v5,0,1,0,0,0,2,36,37,missed-shot,19.0,0
2025020983,2026-03-06,117,8479337,DET,31.78,12.72,snap,5v5,0,0,0,0,0,2,58,7,hit,9.22,0
2025020983,2026-03-06,122,8482113,FLA,27.02,89.79,snap,5v5,0,0,0,0,0,2,90,27,hit,65.22,0
2025020983,2026-03-06,125,8482078,DET,13.0,0.0,snap,5v5,0,0,0,0,0,2,76,0,delayed-penalty,89.0,0
2025020983,2026-03-06,129,8474037,DET,11.18,26.57,tip-in,5v4,1,0,0,0,0,2,79,-5,faceoff,29.73,0
2025020983,2026-03-06,131,8474141,DET,6.08,80.54,wrap-around,5v4,1,0,0,0,0,2,88,6,delayed-penalty,89.0,0
2025020983,2026-03-06,134,8481542,DET,42.38,19.29,slap,5v3,1,0,0,0,0,2,49,-14,faceoff,29.73,0
2025020983,2026-03-06,137,8474141,DET,33.06,3.47,snap,5v3,1,0,0,0,0,2,56,-2,faceoff,29.73,0
2025020983,2026-03-06,138,8479337,DET,5.39,68.2,bat,5v3,1,1,0,0,0,2,87,5,missed-shot,33.06,1
2025020983,2026-03-06,140,8477946,DET,6.32,71.57,wrist,5v4,1,0,0,0,0,2,87,-6,faceoff,89.0,0
2025020983,2026-03-06,141,8478542,FLA,38.59,58.78,snap,4v5,0,1,0,0,0,2,69,-33,missed-shot,6.32,0
2025020983,2026-03-06,142,8477946,DET,10.0,53.13,tip-in,5v4,1,1,0,0,0,2,83,8,shot-on-goal,38.59,0
2025020983,2026-03-06,143,8482078,DET,34.99,30.96,snap,5v4,1,1,0,0,0,2,59,-18,missed-shot,10.0,0
2025020983,2026-03-06,144,8484223,DET,33.42,38.93,wrist,5v4,1,1,0,0,0,2,63,21,shot-on-goal,34.99,0
2025020983,2026-03-06,151,8479337,DET,22.83,28.81,bat,5v5,0,0,0,0,0,2,69,-11,hit,21.84,0
2025020983,2026-03-06,159,8482762,DET,64.66,31.72,slap,5v5,0,0,0,0,0,2,34,34,hit,31.14,0
2025020983,2026-03-06,164,8477429,DET,8.25,14.04,tip-in,5v5,0,0,0,0,0,2,81,2,faceoff,29.73,0
2025020983,2026-03-06,172,8478891,DET,12.17,9.46,tip-in,5v5,0,0,0,0,0,2,77,-2,hit,89.05,0
2025020983,2026-03-06,185,8479314,FLA,5.0,53.13,tip-in,5v4,1,0,0,0,1,3,86,4,faceoff,89.0,1
2025020983,2026-03-06,192,8477935,FLA,15.81,34.7,backhand,5v4,1,0,0,0,0,3,76,-9,faceoff,29.73,0
2025020983,2026-03-06,193,8477946,DET,23.35,43.26,snap,4v5,0,1,0,0,0,3,72,16,shot-on-goal,15.81,0
2025020983,2026-03-06,195,8477935,FLA,27.8,52.31,snap,5v4,1,0,0,0,0,3,72,22,blocked-shot,34.48,0
2025020983,2026-03-06,196,8478542,FLA,9.9,45.0,snap,5v4,1,1,0,0,0,3,82,-7,missed-shot,27.8,0
2025020983,2026-03-06,198,8477409,FLA,36.24,27.98,wrist,5v4,1,0,0,0,0,3,57,17,hit,8.6,0
2025020983,2026-03-06,199,8482113,FLA,11.31,45.0,wrist,5v4,1,1,0,0,0,3,81,8,shot-on-goal,36.24,0
2025020983,2026-03-06,200,8477931,FLA,50.33,49.03,wrist,5v5,0,1,0,0,0,3,56,38,shot-on-goal,11.31,0
2025020983,2026-03-06,202,8478859,FLA,57.01,37.87,wrist,5v5,0,0,0,0,0,3,44,35,blocked-shot,14.32,0
2025020983,2026-03-06,211,8482078,DET,7.07,8.13,backhand,5v5,0,0,0,0,0,3,82,-1,blocked-shot,30.23,0
2025020983,2026-03-06,212,8477946,DET,3.16,71.57,backhand,5v5,0,1,0,0,0,3,88,3,shot-on-goal,7.07,0
2025020983,2026-03-06,218,8482131,FLA,63.16,23.32,slap,5v5,0,0,0,0,0,3,31,25,giveaway,9.22,0
2025020983,2026-03-06,219,8478859,FLA,50.21,44.19,wrist,5v5,0,1,0,0,0,3,53,35,shot-on-goal,63.16,0
2025020983,2026-03-06,220,8477933,FLA,21.47,27.76,backhand,5v5,0,1,0,0,0,3,70,10,shot-on-goal,50.21,0
2025020983,2026-03-06,223,8479314,FLA,36.77,67.62,snap,5v5,0,0,0,0,0,3,75,34,faceoff,29.73,0
2025020983,2026-03-06,231,8474141,DET,12.65,18.43,tip-in,5v5,0,0,0,0,0,3,77,4,giveaway,53.81,0
2025020983,2026-03-06,232,8479337,DET,22.2,54.16,bat,5v5,0,1,0,0,0,3,76,-18,shot-on-goal,12.65,0
2025020983,2026-03-06,233,8477429,DET,14.04,4.09,tip-in,5v5,0,1,0,0,0,3,75,-1,missed-shot,22.2,0
2025020983,2026-03-06,235,8482713,FLA,4.47,63.43,tip-in,5v5,0,0,0,0,0,3,87,-4,giveaway,16.12,0
2025020983,2026-03-06,236,8482713,FLA,25.24,33.69,slap,5v5,0,1,0,0,0,3,68,-14,missed-shot,4.47,0
2025020983,2026-03-06,237,8482131,FLA,57.98,45.0,snap,5v5,0,1,0,0,0,3,48,41,shot-on-goal,25.24,0
2025020983,2026-03-06,240,8477946,DET,31.83,43.73,snap,5v5,0,0,0,0,0,3,66,-22,faceoff,72.42,0
2025020983,2026-03-06,245,8481542,DET,46.24,21.57,snap,5v5,0,0,0,0,0,3,46,17,giveaway,62.77,0
2025020983,2026-03-06,249,8482113,FLA,29.15,84.09,wrist,5v5,0,0,0,0,0,3,86,29,takeaway,55.23,0
2025020983,2026-03-06,250,8474141,DET,41.15,25.94,snap,5v5,0,1,0,0,0,3,52,18,missed-shot,29.15,0
2025020983,2026-03-06,254,8482713,FLA,26.91,41.99,snap,5v5,0,0,0,0,0,3,69,18,giveaway,89.05,0
2025020983,2026-03-06,255,8478891,DET,20.62,50.91,snap,5v5,0,1,0,0,0,3,76,-16,missed-shot,26.91,0
2025020983,2026-03-06,258,8477932,FLA,73.78,32.83,wrist,5v5,0,0,0,0,0,3,27,-40,giveaway,36.88,0
2025020983,2026-03-06,262,8479337,DET,45.49,56.66,snap,5v5,0,0,0,0,0,3,64,-38,blocked-shot,32.2,0
2025020983,2026-03-06,263,8483464,DET,44.42,31.18,snap,5v5,0,1,0,0,0,3,51,23,missed-shot,45.49,0
2025020983,2026-03-06,264,8474141,DET,21.93,46.85,snap,5v5,0,1,0,0,0,3,74,-16,shot-on-goal,44.42,0
2025020983,2026-03-06,269,8474141,DET,35.81,35.91,snap,5v4,1,0,0,0,0,3,60,-21,faceoff,29.73,0
2025020983,2026-03-06,272,8483464,DET,56.52,13.3,snap,5v5,0,0,0,0,0,3,34,-13,hit,42.94,0
2025020983,2026-03-06,273,8484223,DET,56.0,0.0,snap,5v5,0,1,0,0,0,3,33,0,missed-shot,56.52,0
2025020983,2026-03-06,278,8479314,FLA,10.05,5.71,wrist,5v6,0,0,0,1,2,3,79,-1,hit,32.25,1
2025020983,2026-03-06,283,8477429,DET,11.31,45.0,tip-in,6v5,1,0,0,0,0,3,81,-8,blocked-shot,52.8,0
2025020983,2026-03-06,289,8484471,DET,38.83,34.51,snap,6v5,1,0,0,0,0,3,57,-22,blocked-shot,31.4,0
2025020983,2026-03-06,293,8482078,DET,45.28,43.21,slap,6v5,1,0,0,0,0,3,56,31,faceoff,29.73,0
2025020984,2026-03-06,6,8478462,COL,9.43,32.01,bat,5v5,0,0,0,0,0,1,81,5,giveaway,66.85,0
2025020984,2026-03-06,10,8480039,COL,12.04,4.76,snap,5v4,1,0,0,0,0,1,77,1,faceoff,29.73,0
2025020984,2026-03-06,14,8480039,COL,21.02,25.35,snap,5v4,1,0,0,0,0,1,70,-9,giveaway,19.92,0
2025020984,2026-03-06,15,8480069,COL,33.12,28.89,snap,5v4,1,1,0,0,1,1,60,-16,shot-on-goal,21.02,1
2025020984,2026-03-06,30,8480027,DAL,33.6,36.53,snap,5v4,1,0,0,0,0,1,62,20,faceoff,29.73,0
2025020984,2026-03-06,33,8480027,DAL,37.22,6.17,snap,5v4,1,0,0,0,0,1,52,4,giveaway,26.93,0
2025020984,2026-03-06,34,8480036,DAL,48.17,4.76,snap,5v4,1,1,0,0,0,1,41,4,shot-on-goal,37.22,1
2025020984,2026-03-06,38,8483425,DAL,56.92,18.43,snap,5v5,0,0,0,0,0,1,35,18,hit,43.01,0
2025020984,2026-03-06,40,8475754,COL,30.0,0.0,wrist,5v5,0,0,0,0,0,1,59,0,takeaway,50.0,0
2025020984,2026-03-06,42,8479525,COL,66.19,26.95,slap,5v5,0,0,0,0,0,1,30,30,blocked-shot,11.66,0
2025020984,2026-03-06,45,8479414,DAL,10.2,11.31,tip-in,5v5,0,0,0,0,0,1,79,-2,hit,82.37,0
2025020984,2026-03-06,46,8478449,DAL,42.15,22.31,snap,5v5,0,1,0,0,0,1,50,-16,missed-shot,10.2,0
2025020984,2026-03-06,47,8476902,DAL,21.47,27.76,tip-in,5v5,0,1,0,0,0,1,70,10,shot-on-goal,42.15,0
2025020984,2026-03-06,49,8482740,DAL,24.19,29.74,snap,5v5,0,0,0,0,1,1,68,12,blocked-shot,20.62,1
2025020984,2026-03-06,52,8475168,DAL,8.49,45.0,tip-in,5v5,0,0,0,0,0,1,83,-6,hit,24.74,0
2025020984,2026-03-06,55,8484829,DAL,5.0,53.13,wrap-around,5v5,0,0,0,0,0,1,86,4,giveaway,60.22,0
2025020984,2026-03-06,65,8480878,DAL,47.63,50.96,snap,5v5,0,0,0,0,0,1,59,-37,faceoff,29.73,0
2025020984,2026-03-06,72,8480950,DAL,20.12,63.43,snap,5v5,0,0,0,0,0,1,80,-18,faceoff,72.42,0
2025020984,2026-03-06,73,8480950,DAL,9.22,49.4,snap,5v5,0,1,0,0,0,1,83,-7,shot-on-goal,20.12,0
2025020984,2026-03-06,77,8482740,DAL,7.62,23.2,tip-in,5v5,0,0,0,0,0,1,82,-3,giveaway,71.34,0
2025020984,2026-03-06,79,8477501,COL,55.73,9.29,snap,5v5,0,0,0,0,0,1,34,-9,blocked-shot,35.36,0
2025020984,2026-03-06,81,8476455,COL,80.05,12.99,backhand,5v5,0,0,0,0,0,1,11,18,giveaway,54.2,0
2025020984,2026-03-06,82,8482145,DAL,9.0,89.36,snap,5v5,0,1,0,0,0,1,89,9,shot-on-goal,80.05,0
2025020984,2026-03-06,83,8484829,DAL,16.55,64.98,snap,5v5,0,1,0,0,2,1,82,-15,missed-shot,9.0,1
2025020984,2026-03-06,93,8475754,COL,34.21,52.13,slap,5v4,1,0,0,0,0,1,68,-27,giveaway,23.09,0
2025020984,2026-03-06,94,8476455,COL,6.71,63.43,tip-in,5v4,1,1,0,0,0,1,86,-6,missed-shot,34.21,0
2025020984,2026-03-06,95,8480039,COL,31.38,59.35,slap,5v4,1,1,0,0,0,1,73,27,missed-shot,6.71,0
2025020984,2026-03-06,98,8478038,COL,39.7,40.91,slap,5v4,1,0,0,0,0,1,59,-26,faceoff,29.73,0
2025020984,2026-03-06,99,8484149,COL,24.74,14.04,tip-in,5v5,0,1,0,0,0,1,65,6,shot-on-goal,39.7,0
2025020984,2026-03-06,104,8477492,COL,24.19,60.26,slap,5v4,1,0,0,0,-1,1,77,21,faceoff,29.73,1
2025020984,2026-03-06,113,8477501,COL,44.94,32.28,snap,5v5,0,0,0,0,0,2,51,-24,giveaway,74.24,0
2025020984,2026-03-06,117,8479525,COL,21.47,27.76,tip-in,5v5,0,0,0,0,0,2,70,-10,giveaway,23.54,0
2025020984,2026-03-06,120,8473994,DAL,6.0,0.0,snap,5v5,0,0,0,0,2,2,83,0,hit,18.97,1
2025020984,2026-03-06,123,8479351,DAL,43.14,44.06,wrist,5v5,0,0,0,0,0,2,58,30,hit,31.06,0
2025020984,2026-03-06,130,8476278,DAL,34.79,71.57,slap,5v5,0,0,0,0,0,2,78,-33,takeaway,78.89,0
2025020984,2026-03-06,134,8478038,COL,60.73,17.24,slap,5v5,0,0,0,0,0,2,31,18,faceoff,29.73,0
2025020984,2026-03-06,137,8477492,COL,41.73,45.97,slap,5v5,0,0,0,0,0,2,60,30,faceoff,29.73,0
2025020984,2026-03-06,139,8482145,DAL,10.63,41.19,snap,5v5,0,0,0,0,0,2,81,7,giveaway,76.16,0
2025020984,2026-03-06,140,8484829,DAL,22.2,35.84,snap,5v5,0,1,0,0,0,2,71,13,shot-on-goal,10.63,0
2025020984,2026-03-06,147,8479351,DAL,22.2,35.84,snap,5v5,0,0,0,0,0,2,71,-13,hit,25.96,0
2025020984,2026-03-06,159,8476455,COL,22.83,61.19,slap,5v5,0,0,0,0,0,2,78,-20,faceoff,29.73,0
2025020984,2026-03-06,163,8480039,COL,33.62,30.38,snap,5v5,0,0,0,0,-1,2,60,-17,giveaway,45.54,1
2025020984,2026-03-06,170,8479525,COL,8.0,89.28,snap,5v4,1,0,0,0,0,2,89,-8,takeaway,92.11,0
2025020984,2026-03-06,180,8477501,COL,8.49,45.0,snap,5v5,0,0,0,0,0,2,83,6,blocked-shot,16.0,0
2025020984,2026-03-06,181,8477492,COL,43.28,49.69,slap,5v5,0,1,0,0,0,2,61,33,shot-on-goal,8.49,0
2025020984,2026-03-06,196,8473994,DAL,32.25,82.87,snap,5v5,0,0,0,0,0,2,85,32,hit,24.74,0
2025020984,2026-03-06,199,8477492,COL,22.36,26.57,snap,5v5,0,0,0,0,0,2,69,-10,hit,21.93,0
2025020984,2026-03-06,200,8476312,COL,28.84,33.69,snap,5v5,0,1,0,0,0,2,65,16,missed-shot,22.36,0
2025020984,2026-03-06,201,8484149,COL,11.18,89.48,wrist,5v5,0,1,0,0,0,2,91,-11,shot-on-goal,28.84,0
2025020984,2026-03-06,204,8480039,COL,47.38,44.14,slap,5v5,0,0,0,0,0,2,55,33,faceoff,29.73,0
2025020984,2026-03-06,206,8480036,DAL,11.18,26.57,wrist,5v5,0,0,0,0,0,2,79,-5,giveaway,28.0,0
2025020984,2026-03-06,214,8475168,DAL,39.46,8.75,snap,5v5,0,0,0,0,0,2,50,6,delayed-penalty,89.0,0
2025020984,2026-03-06,221,8478038,COL,8.94,89.28,wrist,4v5,0,0,0,0,0,3,93,-8,faceoff,89.0,0
2025020984,2026-03-06,225,8473994,DAL,4.12,14.04,deflected,5v4,1,0,0,0,0,3,85,1,faceoff,29.73,0
2025020984,2026-03-06,226,8481581,DAL,16.55,25.02,tip-in,5v4,1,1,0,0,0,3,74,-7,missed-shot,4.12,0
2025020984,2026-03-06,228,8484829,DAL,17.46,66.37,tip-in,5v5,0,0,0,0,0,3,82,-16,hit,49.2,0
2025020984,2026-03-06,231,8480027,DAL,7.62,23.2,snap,5v5,0,0,0,0,0,3,82,3,faceoff,89.0,0
2025020984,2026-03-06,234,8470613,COL,52.5,40.36,slap,5v5,0,0,0,0,0,3,49,-34,hit,32.02,0
2025020984,2026-03-06,235,8481581,DAL,58.6,25.25,snap,5v5,0,1,0,0,0,3,36,25,shot-on-goal,52.5,0
2025020984,2026-03-06,244,8480027,DAL,26.0,22.62,backhand,5v4,1,0,0,0,0,3,65,10,giveaway,9.22,0
2025020984,2026-03-06,249,8475168,DAL,25.02,2.29,snap,5v3,1,0,0,0,0,3,64,-1,faceoff,29.73,0
2025020984,2026-03-06,250,8480027,DAL,32.7,23.43,wrist,5v4,1,1,0,0,0,3,59,13,shot-on-goal,25.02,0
2025020984,2026-03-06,267,8478038,COL,33.62,30.38,slap,5v5,0,0,0,0,0,3,60,-17,giveaway,44.94,0
2025020984,2026-03-06,270,8475754,COL,18.97,18.43,tip-in,6v5,1,0,0,0,0,3,71,6,delayed-penalty,89.0,0
2025020984,2026-03-06,277,8480069,COL,46.87,11.07,slap,5v4,1,0,0,0,0,3,43,9,giveaway,20.59,0
2025020984,2026-03-06,278,8475754,COL,26.48,10.89,slap,5v4,1,1,0,0,0,3,63,5,shot-on-goal,46.87,0
2025020984,2026-03-06,279,8477501,COL,36.22,6.34,snap,5v4,1,1,0,0,0,3,53,4,missed-shot,26.48,0
2025020984,2026-03-06,280,8484149,COL,9.0,0.0,tip-in,5v5,0,1,0,0,0,3,80,0,missed-shot,36.22,0
2025020984,2026-03-06,283,8481641,COL,47.01,23.84,snap,5v5,0,0,0,0,0,3,46,19,faceoff,29.73,0
2025020984,2026-03-06,286,8473994,DAL,47.8,37.35,backhand,5v6,0,0,0,1,0,3,51,-29,giveaway,50.25,0
2025020984,2026-03-06,289,8477492,COL,34.21,52.13,snap,6v5,1,0,0,0,0,3,68,27,faceoff,29.73,0
2025020984,2026-03-06,290,8477501,COL,32.02,38.66,snap,6v5,1,1,0,0,0,3,64,-20,missed-shot,34.21,1
2025020984,2026-03-06,295,8475754,COL,33.97,42.61,snap,3v3,0,0,0,0,0,4,64,23,faceoff,89.0,0
2025020984,2026-03-06,298,8480036,DAL,23.77,22.25,snap,3v3,0,0,0,0,0,4,67,9,faceoff,29.73,0
2025020984,2026-03-06,300,8480036,DAL,33.0,0.0,snap,3v3,0,0,0,0,0,4,56,0,takeaway,48.17,0
2025020984,2026-03-06,302,8478038,COL,15.23,23.2,snap,3v3,0,0,0,0,0,4,75,6,blocked-shot,32.25,0
2025020984,2026-03-06,307,8480027,DAL,23.54,12.26,deflected,3v3,0,0,0,0,0,4,66,5,faceoff,29.73,0
2025020984,2026-03-06,313,8480027,DAL,8.06,29.74,backhand,1v0,1,0,0,0,0,5,82,-4,period-start,89.0,0
2025020984,2026-03-06,314,8477501,COL,11.05,5.19,snap,1v0,1,1,0,0,0,5,78,1,shot-on-goal,8.06,1
2025020984,2026-03-06,315,8475168,DAL,8.94,26.57,backhand,1v0,1,1,0,0,0,5,81,-4,goal,11.05,0
2025020984,2026-03-06,316,8480039,COL,11.0,0.0,snap,1v0,1,1,0,0,0,5,78,0,shot-on-goal,8.94,1
2025020985,2026-03-06,5,8477987,CHI,6.71,63.43,backhand,5v5,0,0,0,0,1,1,86,-6,delayed-penalty,89.0,1
2025020985,2026-03-06,9,8481624,CHI,53.08,3.24,wrist,5v5,0,0,0,0,0,1,36,-3,takeaway,22.47,0
2025020985,2026-03-06,13,8482055,VAN,9.22,12.53,tip-in,5v5,0,0,0,0,0,1,80,-2,hit,12.04,1
2025020985,2026-03-06,15,8476927,VAN,40.8,53.97,wrist,5v5,0,0,0,0,0,1,65,33,faceoff,89.0,0
2025020985,2026-03-06,16,8484136,VAN,4.12,75.96,wrap-around,5v5,0,1,0,0,0,1,88,-4,shot-on-goal,40.8,0
2025020985,2026-03-06,19,8478498,VAN,17.12,6.71,tip-in,5v5,0,0,0,0,1,1,72,2,faceoff,29.73,1
2025020985,2026-03-06,22,8484136,VAN,12.08,24.44,tip-in,5v5,0,0,0,0,0,1,78,5,takeaway,10.0,0
2025020985,2026-03-06,26,8478498,VAN,32.56,10.62,wrist,5v5,0,0,0,0,0,1,57,-6,blocked-shot,18.38,0
2025020985,2026-03-06,36,8476927,VAN,9.06,6.34,wrist,5v5,0,0,0,0,2,1,80,1,hit,93.94,1
2025020985,2026-03-06,40,8476891,CHI,57.0,0.0,wrist,5v5,0,0,0,0,0,1,32,0,faceoff,29.73,0
2025020985,2026-03-06,43,8481624,CHI,29.12,15.95,snap,5v5,0,0,0,0,0,1,61,8,hit,39.05,0
2025020985,2026-03-06,45,8481535,VAN,9.0,0.0,tip-in,5v5,0,0,0,0,0,1,80,0,giveaway,84.12,0
2025020985,2026-03-06,49,8477987,CHI,32.8,37.57,snap,5v5,0,0,0,0,0,1,63,20,giveaway,58.8,0
2025020985,2026-03-06,52,8484144,CHI,41.76,16.7,snap,5v5,0,0,0,0,0,1,49,-12,hit,31.26,0
2025020985,2026-03-06,53,8483450,CHI,11.05,5.19,wrist,5v5,0,1,0,0,0,1,78,-1,shot-on-goal,41.76,0
2025020985,2026-03-06,57,8481624,CHI,23.77,14.62,snap,5v5,0,0,0,0,-1,1,66,-6,hit,53.04,1
2025020985,2026-03-06,70,8484144,CHI,48.47,21.8,slap,5v5,0,0,0,0,0,1,44,18,faceoff,29.73,0
2025020985,2026-03-06,80,8483450,CHI,19.42,78.11,snap,5v4,1,0,0,0,0,1,85,19,hit,61.85,0
2025020985,2026-03-06,82,8481806,CHI,38.6,53.43,slap,5v5,0,0,0,0,0,1,66,-31,giveaway,59.41,0
2025020985,2026-03-06,90,8482079,VAN,18.36,29.36,tip-in,5v5,0,0,0,0,0,1,73,-9,faceoff,29.73,0
2025020985,2026-03-06,91,8482172,CHI,12.04,4.76,snap,5v5,0,1,0,0,0,1,77,1,missed-shot,18.36,0
2025020985,2026-03-06,98,8478498,VAN,13.6,36.03,wrist,4v4,0,0,0,0,0,1,78,8,faceoff,29.73,0
2025020985,2026-03-06,103,8484144,CHI,12.81,51.34,backhand,4v4,0,0,0,0,0,2,81,10,faceoff,89.0,0
2025020985,2026-03-06,104,8481568,CHI,36.24,50.6,wrist,4v5,0,1,0,0,0,2,66,-28,missed-shot,12.81,0
2025020985,2026-03-06,108,8482172,CHI,23.09,4.97,wrist,5v5,0,0,0,0,0,2,66,-2,giveaway,10.63,0
2025020985,2026-03-06,110,8482172,CHI,33.53,17.35,wrist,5v5,0,0,0,0,0,2,57,-10,blocked-shot,11.05,0
2025020985,2026-03-06,115,8477969,VAN,40.5,32.91,slap,4v4,0,0,0,0,0,2,55,22,faceoff,72.42,0
2025020985,2026-03-06,116,8480012,VAN,32.65,40.03,wrist,4v4,0,1,0,0,0,2,64,-21,shot-on-goal,40.5,0
2025020985,2026-03-06,117,8484144,CHI,35.36,28.74,snap,4v4,0,1,0,0,0,2,58,-17,missed-shot,32.65,0
2025020985,2026-03-06,120,8482176,CHI,8.25,14.04,tip-in,4v4,0,0,0,0,0,2,81,2,faceoff,29.73,0
2025020985,2026-03-06,125,8481806,CHI,41.68,59.74,wrist,5v5,0,0,0,0,0,2,68,-36,faceoff,29.73,0
2025020985,2026-03-06,128,8481568,CHI,59.51,24.84,snap,5v5,0,0,0,0,0,2,35,-25,faceoff,29.73,0
2025020985,2026-03-06,130,8476882,CHI,27.78,30.26,backhand,5v5,0,0,0,0,0,2,65,-14,hit,32.06,0
2025020985,2026-03-06,137,8479425,VAN,67.42,32.28,wrist,5v5,0,0,0,0,0,2,32,-36,delayed-penalty,89.0,0
2025020985,2026-03-06,140,8479425,VAN,56.86,23.86,slap,5v4,1,0,0,0,0,2,37,-23,faceoff,29.73,0
2025020985,2026-03-06,149,8484144,CHI,36.36,31.5,snap,5v5,0,0,0,0,0,2,58,-19,faceoff,89.0,0
2025020985,2026-03-06,152,8483499,VAN,36.0,0.0,wrist,5v5,0,0,0,0,0,2,53,0,giveaway,52.2,0
2025020985,2026-03-06,153,8481624,CHI,16.16,68.2,snap,5v5,0,1,0,0,0,2,83,15,missed-shot,36.0,0
2025020985,2026-03-06,156,8484197,CHI,45.18,62.3,snap,5v5,0,0,0,0,0,2,68,-40,faceoff,29.73,0
2025020985,2026-03-06,164,8483493,CHI,9.49,18.43,snap,5v4,1,0,0,0,0,2,80,3,faceoff,29.73,0
2025020985,2026-03-06,167,8483450,CHI,33.6,36.53,snap,5v4,1,0,0,0,0,2,62,20,faceoff,29.73,0
2025020985,2026-03-06,171,8475169,VAN,49.4,21.37,wrist,5v4,1,0,0,0,0,2,43,18,faceoff,29.73,0
2025020985,2026-03-06,173,8481624,CHI,6.32,71.57,snap,4v5,0,0,0,0,0,2,87,-6,giveaway,57.78,0
2025020985,2026-03-06,174,8483493,CHI,74.11,3.09,tip-in,5v5,0,1,0,0,0,2,15,4,missed-shot,6.32,0
2025020985,2026-03-06,177,8477479,CHI,59.77,17.53,slap,5v5,0,0,0,0,0,2,32,18,faceoff,29.73,0
2025020985,2026-03-06,184,8484144,CHI,25.63,20.56,slap,5v5,0,0,0,0,0,2,65,-9,blocked-shot,33.96,0
2025020985,2026-03-06,191,8479425,VAN,68.45,25.07,slap,5v5,0,0,0,0,0,2,27,-29,giveaway,77.37,0
2025020985,2026-03-06,192,8478444,VAN,43.84,45.0,wrist,5v5,0,1,0,0,0,2,58,31,shot-on-goal,68.45,0
2025020985,2026-03-06,195,8483493,CHI,15.03,3.81,tip-in,5v5,0,0,0,0,0,2,74,1,blocked-shot,11.7,1
2025020985,2026-03-06,197,8484240,VAN,64.2,18.15,wrist,5v5,0,0,0,0,0,2,28,-20,faceoff,89.0,0
2025020985,2026-03-06,198,8480012,VAN,24.33,89.76,wrist,5v5,0,1,0,0,0,2,93,-24,shot-on-goal,64.2,0
2025020985,2026-03-06,203,8484144,CHI,32.45,56.31,snap,5v5,0,0,0,0,0,3,71,-27,hit,43.27,0
2025020985,2026-03-06,208,8480012,VAN,26.63,34.29,wrist,5v4,1,0,0,0,0,3,67,-15,faceoff,29.73,0
2025020985,2026-03-06,209,8481624,CHI,20.1,5.71,wrist,4v5,0,1,0,0,0,3,69,-2,missed-shot,26.63,0
2025020985,2026-03-06,210,8476882,CHI,51.11,30.58,snap,4v5,0,1,0,0,0,3,45,26,shot-on-goal,20.1,0
2025020985,2026-03-06,211,8481024,VAN,32.76,77.66,wrist,5v4,1,1,0,0,0,3,82,-32,missed-shot,51.11,0
2025020985,2026-03-06,212,8478444,VAN,10.77,21.8,bat,5v4,1,1,0,0,1,3,79,4,shot-on-goal,32.76,1
2025020985,2026-03-06,214,8484197,CHI,23.09,4.97,snap,5v5,0,0,0,0,0,3,66,-2,faceoff,89.0,0
2025020985,2026-03-06,215,8484144,CHI,8.25,14.04,tip-in,5v5,0,1,0,0,0,3,81,-2,shot-on-goal,23.09,0
2025020985,2026-03-06,220,8483499,VAN,18.6,53.75,wrist,5v5,0,0,0,0,0,3,78,15,giveaway,30.15,0
2025020985,2026-03-06,221,8483499,VAN,17.49,59.04,wrist,5v5,0,1,0,0,0,3,80,15,shot-on-goal,18.6,0
2025020985,2026-03-06,223,8482055,VAN,39.96,58.3,wrist,5v5,0,0,0,0,0,3,68,34,giveaway,36.35,0
2025020985,2026-03-06,228,8480012,VAN,48.02,58.63,backhand,5v5,0,0,0,0,0,3,64,41,faceoff,29.73,0
2025020985,2026-03-06,230,8477987,CHI,16.12,29.74,tip-in,5v5,0,0,0,0,0,3,75,8,giveaway,20.0,0
2025020985,2026-03-06,231,8478444,VAN,38.01,26.57,snap,5v5,0,1,0,0,0,3,55,-17,missed-shot,16.12,0
2025020985,2026-03-06,233,8482176,CHI,53.85,21.8,snap,5v5,0,0,0,0,0,3,39,-20,hit,45.49,0
2025020985,2026-03-06,234,8476927,VAN,47.17,32.01,wrist,5v5,0,1,0,0,0,3,49,-25,missed-shot,53.85,0
2025020985,2026-03-06,235,8478498,VAN,46.86,39.81,wrist,5v5,0,1,0,0,0,3,53,-30,missed-shot,47.17,0
2025020985,2026-03-06,241,8476891,CHI,40.22,34.88,wrist,5v5,0,0,0,0,0,3,56,23,faceoff,29.73,0
2025020985,2026-03-06,243,8483506,CHI,43.42,28.93,snap,5v5,0,0,0,0,0,3,51,21,hit,35.0,0
2025020985,2026-03-06,248,8483506,CHI,63.57,19.29,slap,5v5,0,0,0,0,0,3,29,-21,takeaway,15.0,0
2025020985,2026-03-06,250,8477987,CHI,35.06,3.27,slap,5v5,0,0,0,0,0,3,54,-2,blocked-shot,13.0,0
2025020985,2026-03-06,251,8484197,CHI,8.54,20.56,snap,5v5,0,1,0,0,0,3,81,-3,missed-shot,35.06,0
2025020985,2026-03-06,253,8483450,CHI,19.85,40.91,snap,5v5,0,0,0,0,0,3,74,-13,blocked-shot,14.87,0
2025020985,2026-03-06,272,8484136,VAN,39.82,61.5,wrist,5v6,0,0,0,1,2,3,70,35,takeaway,56.59,1
2025020985,2026-03-06,278,8478444,VAN,55.9,47.17,wrist,5v6,0,0,0,1,3,3,51,41,giveaway,24.08,1
2025020985,2026-03-06,280,8481535,VAN,23.85,56.98,backhand,5v5,0,0,0,0,0,3,76,-20,faceoff,89.0,0
2025020986,2026-03-06,6,8476958,CAR,60.13,3.81,snap,5v5,0,0,0,0,0,1,29,-4,hit,59.41,0
2025020986,2026-03-06,11,8477940,CAR,18.0,0.0,snap,5v5,0,0,0,0,0,1,71,0,faceoff,29.73,0
2025020986,2026-03-06,14,8476958,CAR,66.64,25.8,snap,5v5,0,0,0,0,0,1,29,29,faceoff,29.73,0
2025020986,2026-03-06,15,8478970,CAR,37.64,73.01,wrist,5v5,0,1,0,0,0,1,78,-36,missed-shot,66.64,0
2025020986,2026-03-06,27,8475218,EDM,34.93,23.63,snap,5v5,0,0,0,0,0,1,57,14,blocked-shot,47.01,0
2025020986,2026-03-06,31,8477498,EDM,42.54,23.55,snap,5v5,0,0,0,0,0,1,50,17,faceoff,29.73,0
2025020986,2026-03-06,34,8475218,EDM,36.12,48.37,slap,5v5,0,0,0,0,0,1,65,27,blocked-shot,15.03,0
2025020986,2026-03-06,44,8476906,CAR,50.99,11.31,snap,5v4,1,0,0,0,0,1,39,10,blocked-shot,35.23,0
2025020986,2026-03-06,45,8478427,CAR,9.49,71.57,wrist,5v4,1,1,0,0,0,1,86,9,missed-shot,50.99,0
2025020986,2026-03-06,49,8482702,CAR,35.06,3.27,snap,5v4,1,0,0,0,0,1,54,2,faceoff,29.73,0
2025020986,2026-03-06,51,8482100,CAR,31.83,46.27,slap,5v4,1,0,0,0,0,1,67,-23,blocked-shot,25.32,0
2025020986,2026-03-06,53,8475791,CAR,42.45,15.02,snap,5v5,0,0,0,0,0,1,48,-11,giveaway,34.41,0
2025020986,2026-03-06,55,8475786,EDM,13.04,4.4,backhand,5v5,0,0,0,0,1,1,76,1,hit,81.12,1
2025020986,2026-03-06,58,8476906,CAR,36.4,15.95,slap,5v5,0,0,0,0,0,1,54,-10,hit,60.11,1
2025020986,2026-03-06,60,8477940,CAR,66.21,25.02,snap,5v5,0,0,0,0,1,1,29,-28,faceoff,89.0,1
2025020986,2026-03-06,64,8480830,CAR,37.01,51.58,snap,5v5,0,0,0,0,0,1,66,29,giveaway,33.0,0
2025020986,2026-03-06,69,8482702,CAR,48.41,51.71,wrist,5v5,0,0,0,0,0,1,59,-38,hit,46.67,0
2025020986,2026-03-06,73,8477478,CAR,32.06,89.82,snap,5v5,0,0,0,0,0,1,91,32,blocked-shot,40.05,0
2025020986,2026-03-06,74,8476873,CAR,8.0,0.0,backhand,5v5,0,1,0,0,0,1,81,0,shot-on-goal,32.06,0
2025020986,2026-03-06,97,8478458,EDM,13.6,17.1,tip-in,5v5,0,0,0,0,0,1,76,-4,faceoff,29.73,0
2025020986,2026-03-06,101,8481617,EDM,17.8,38.16,snap,5v5,0,0,0,0,0,2,75,-11,faceoff,89.0,0
2025020986,2026-03-06,108,8476921,CAR,9.9,45.0,wrist,5v5,0,0,0,0,0,2,82,7,giveaway,58.73,0
2025020986,2026-03-06,109,8476921,CAR,16.28,47.49,backhand,5v5,0,1,0,0,2,2,78,12,shot-on-goal,9.9,1
2025020986,2026-03-06,112,8478402,EDM,15.62,50.19,snap,5v5,0,0,0,0,0,2,79,-12,giveaway,27.0,0
2025020986,2026-03-06,113,8476454,EDM,5.1,78.69,backhand,5v5,0,1,0,0,0,2,88,-5,shot-on-goal,15.62,0
2025020986,2026-03-06,114,8475786,EDM,5.1,78.69,snap,5v5,0,1,0,0,0,2,88,-5,missed-shot,5.1,0
2025020986,2026-03-06,115,8475786,EDM,5.39,68.2,backhand,5v5,0,1,0,0,0,2,87,-5,missed-shot,5.1,0
2025020986,2026-03-06,120,8477478,CAR,62.97,32.68,snap,5v5,0,0,0,0,0,2,36,34,hit,18.87,0
2025020986,2026-03-06,125,8481617,EDM,17.12,83.29,snap,5v5,0,0,0,0,-1,2,87,17,hit,46.53,1
2025020986,2026-03-06,137,8482703,EDM,20.0,53.13,snap,5v5,0,0,0,0,0,2,77,-16,hit,42.45,0
2025020986,2026-03-06,139,8474641,EDM,23.02,55.62,backhand,5v5,0,0,0,0,0,2,76,-19,hit,36.01,0
2025020986,2026-03-06,140,8474641,EDM,4.47,26.57,tip-in,5v5,0,1,0,0,0,2,85,2,shot-on-goal,23.02,0
2025020986,2026-03-06,143,8478402,EDM,29.07,40.82,snap,5v5,0,0,0,0,0,2,67,19,faceoff,29.73,0
2025020986,2026-03-06,147,8478402,EDM,17.09,69.44,snap,5v5,0,0,0,0,0,2,83,16,hit,13.93,0
2025020986,2026-03-06,151,8480336,CAR,36.77,22.38,snap,5v5,0,0,0,0,0,2,55,-14,giveaway,42.45,0
2025020986,2026-03-06,152,8476473,EDM,62.65,24.52,slap,5v5,0,1,0,0,0,2,32,-26,shot-on-goal,36.77,0
2025020986,2026-03-06,162,8476958,CAR,62.65,28.61,slap,5v5,0,0,0,0,0,2,34,30,hit,27.66,0
2025020986,2026-03-06,165,8475791,CAR,59.46,19.65,snap,5v5,0,0,0,0,0,2,33,20,faceoff,29.73,0
2025020986,2026-03-06,166,8478970,CAR,61.47,21.97,snap,5v5,0,1,0,0,0,2,32,-23,shot-on-goal,59.46,0
2025020986,2026-03-06,167,8482702,CAR,10.0,0.0,snap,5v5,0,1,0,0,0,2,79,0,shot-on-goal,61.47,0
2025020986,2026-03-06,168,8482703,EDM,44.1,32.97,snap,5v5,0,1,0,0,0,2,52,24,shot-on-goal,10.0,0
2025020986,2026-03-06,174,8482100,CAR,63.91,20.14,slap,5v5,0,0,0,0,0,2,29,22,faceoff,29.73,0
2025020986,2026-03-06,175,8480336,CAR,53.24,28.01,slap,5v5,0,1,0,0,0,2,42,-25,missed-shot,63.91,0
2025020986,2026-03-06,179,8482702,CAR,38.47,8.97,snap,5v5,0,0,0,0,0,2,51,6,blocked-shot,34.79,0
2025020986,2026-03-06,181,8480803,EDM,7.81,39.81,backhand,5v5,0,0,0,0,0,2,83,-5,giveaway,38.59,0
2025020986,2026-03-06,184,8476921,CAR,34.06,86.63,backhand,5v5,0,0,0,0,0,2,87,-34,faceoff,29.73,0
2025020986,2026-03-06,187,8482093,CAR,32.28,16.19,snap,5v5,0,0,0,0,0,2,58,-9,blocked-shot,23.35,0
2025020986,2026-03-06,188,8476958,CAR,50.99,41.82,slap,5v5,0,1,0,0,0,2,51,34,shot-on-goal,32.28,0
2025020986,2026-03-06,191,8480336,CAR,36.69,17.45,snap,5v5,0,0,0,0,0,2,54,-11,faceoff,29.73,0
2025020986,2026-03-06,196,8476921,CAR,34.21,52.13,snap,5v5,0,0,0,0,0,2,68,-27,faceoff,29.73,0
2025020986,2026-03-06,197,8483512,EDM,64.4,36.16,snap,5v5,0,1,0,0,0,2,37,-38,missed-shot,34.21,0
2025020986,2026-03-06,198,8477940,CAR,18.68,74.48,tip-in,5v5,0,1,0,0,0,2,84,18,shot-on-goal,64.4,0
2025020986,2026-03-06,199,8476921,CAR,7.62,23.2,tip-in,5v5,0,1,0,0,0,2,82,-3,shot-on-goal,18.68,0
2025020986,2026-03-06,202,8475218,EDM,66.07,2.6,snap,5v5,0,0,0,0,0,2,23,-3,faceoff,72.42,0
2025020986,2026-03-06,206,8480830,CAR,35.51,9.73,snap,5v4,1,0,0,0,0,2,54,-6,blocked-shot,21.93,0
2025020986,2026-03-06,207,8482100,CAR,42.01,1.36,wrist,5v4,1,1,0,0,0,2,47,1,missed-shot,35.51,0
2025020986,2026-03-06,210,8478427,CAR,28.43,50.71,snap,5v4,1,0,0,0,0,2,71,22,faceoff,29.73,0
2025020986,2026-03-06,211,8473533,CAR,5.39,21.8,snap,5v4,1,1,0,0,0,2,84,2,shot-on-goal,28.43,0
2025020986,2026-03-06,216,8477953,EDM,35.47,40.43,snap,4v5,0,0,0,0,0,3,62,-23,giveaway,38.6,0
2025020986,2026-03-06,224,8477953,EDM,47.8,52.65,snap,5v5,0,0,0,0,0,3,60,38,blocked-shot,36.0,0
2025020986,2026-03-06,229,8477934,EDM,5.39,68.2,tip-in,5v5,0,0,0,0,0,3,87,-5,hit,31.4,0
2025020986,2026-03-06,231,8482100,CAR,55.95,24.27,slap,5v5,0,0,0,0,0,3,38,23,giveaway,9.85,0
2025020986,2026-03-06,236,8480762,CAR,26.57,70.2,slap,5v5,0,0,0,0,0,3,80,25,faceoff,29.73,0
2025020986,2026-03-06,237,8480336,CAR,62.2,36.5,snap,5v5,0,1,0,0,0,3,39,-37,missed-shot,26.57,0
2025020986,2026-03-06,240,8478013,EDM,69.34,33.23,snap,5v5,0,0,0,0,0,3,31,38,blocked-shot,43.08,0
2025020986,2026-03-06,242,8479365,EDM,7.0,0.0,snap,5v5,0,0,0,0,0,3,82,0,blocked-shot,16.28,0
2025020986,2026-03-06,245,8476958,CAR,41.98,12.38,slap,6v5,1,0,0,0,0,3,48,-9,hit,15.62,0
2025020986,2026-03-06,247,8476958,CAR,10.77,21.8,tip-in,6v5,1,0,0,0,0,3,79,-4,hit,38.21,0
2025020986,2026-03-06,248,8475791,CAR,7.28,74.05,wrist,6v5,1,1,0,0,0,3,87,-7,missed-shot,10.77,0
2025020986,2026-03-06,249,8482809,CAR,27.66,49.4,slap,6v5,1,1,0,0,2,3,71,21,missed-shot,7.28,1
2025020986,2026-03-06,259,8482093,CAR,6.4,51.34,backhand,5v5,0,0,0,0,0,3,85,5,hit,46.04,0
2025020986,2026-03-06,264,8475791,CAR,10.3,29.05,tip-in,5v4,1,0,0,0,0,3,80,5,faceoff,72.42,0
2025020986,2026-03-06,268,8475786,EDM,26.57,19.8,snap,5v4,1,0,0,0,-1,3,64,-9,hit,36.12,1
2025020986,2026-03-06,277,8480762,CAR,18.0,0.0,wrist,5v5,0,0,0,0,0,3,71,0,blocked-shot,16.0,0
2025020986,2026-03-06,289,8473533,CAR,7.21,56.31,backhand,5v6,0,0,0,1,2,3,85,6,takeaway,30.02,1
2025020986,2026-03-06,291,8482809,CAR,34.54,22.11,snap,5v5,0,0,0,0,3,3,57,-13,faceoff,89.0,1
2025020987,2026-03-06,7,8483445,ANA,23.32,30.96,snap,5v5,0,0,0,0,1,1,69,-12,faceoff,72.42,1
2025020987,2026-03-06,9,8480018,MTL,29.61,11.69,wrist,5v5,0,0,0,0,0,1,60,-6,faceoff,89.0,1
2025020987,2026-03-06,11,8482737,MTL,24.08,48.37,snap,5v5,0,0,0,0,0,1,73,18,faceoff,89.0,0
2025020987,2026-03-06,16,8482803,ANA,55.33,6.23,slap,5v5,0,0,0,0,0,1,34,6,blocked-shot,24.84,0
2025020987,2026-03-06,19,8484153,ANA,41.87,40.16,wrist,5v5,0,0,0,0,0,1,57,27,faceoff,29.73,0
2025020987,2026-03-06,20,8483490,ANA,55.47,27.95,snap,5v5,0,1,0,0,0,1,40,26,shot-on-goal,41.87,0
2025020987,2026-03-06,25,8484984,MTL,32.65,49.97,slap,5v4,1,0,0,0,0,1,68,-25,faceoff,29.73,0
2025020987,2026-03-06,28,8483457,MTL,40.0,0.0,snap,5v4,1,0,0,0,1,1,49,0,faceoff,72.42,1
2025020987,2026-03-06,32,8480865,MTL,39.2,52.25,snap,5v5,0,0,0,0,0,1,65,-31,hit,45.28,0
2025020987,2026-03-06,33,8482737,MTL,7.21,56.31,backhand,5v5,0,1,0,0,0,1,85,-6,shot-on-goal,39.2,0
2025020987,2026-03-06,37,8479705,ANA,47.43,18.43,wrist,5v5,0,0,0,0,0,1,44,-15,giveaway,56.85,0
2025020987,2026-03-06,38,8479705,ANA,13.15,8.75,wrist,5v5,0,1,0,0,0,1,76,-2,shot-on-goal,47.43,0
2025020987,2026-03-06,43,8475184,ANA,7.0,0.0,tip-in,5v5,0,0,0,0,0,1,82,0,hit,16.49,0
2025020987,2026-03-06,46,8482803,ANA,59.64,34.76,slap,5v5,0,0,0,0,0,1,40,34,blocked-shot,28.79,0
2025020987,2026-03-06,47,8482745,ANA,45.25,45.0,snap,5v5,0,1,0,0,0,1,57,-32,shot-on-goal,59.64,0
2025020987,2026-03-06,49,8483515,MTL,48.08,16.93,snap,5v5,0,0,0,0,0,1,43,14,blocked-shot,9.9,0
2025020987,2026-03-06,58,8484153,ANA,7.28,15.95,tip-in,5v4,1,0,0,0,0,1,82,2,faceoff,29.73,0
2025020987,2026-03-06,59,8483445,ANA,39.96,31.7,slap,5v4,1,1,0,0,0,1,55,-21,missed-shot,7.28,0
2025020987,2026-03-06,60,8483445,ANA,36.4,37.18,slap,5v4,1,1,0,0,0,1,60,-22,shot-on-goal,39.96,0
2025020987,2026-03-06,61,8484762,ANA,9.9,45.0,wrist,5v4,1,1,0,0,0,1,82,7,shot-on-goal,36.4,0
2025020987,2026-03-06,62,8484153,ANA,7.62,23.2,poke,5v4,1,1,0,0,0,1,82,-3,missed-shot,9.9,0
2025020987,2026-03-06,63,8483445,ANA,39.12,4.4,snap,5v4,1,1,0,0,0,1,50,3,shot-on-goal,7.62,0
2025020987,2026-03-06,65,8481618,MTL,33.54,10.3,snap,5v5,0,0,0,0,0,1,56,6,blocked-shot,21.38,0
2025020987,2026-03-06,68,8480068,ANA,39.81,11.59,slap,5v5,0,0,0,0,0,1,50,-8,giveaway,26.0,0
2025020987,2026-03-06,69,8475462,ANA,68.54,23.2,slap,5v5,0,1,0,0,0,1,26,-27,shot-on-goal,39.81,1
2025020987,2026-03-06,71,8479705,ANA,61.62,41.71,tip-in,5v5,0,0,0,0,0,1,43,41,faceoff,89.0,0
2025020987,2026-03-06,75,8483515,MTL,28.64,65.22,wrist,5v5,0,0,0,0,0,1,77,26,giveaway,35.01,0
2025020987,2026-03-06,82,8479705,ANA,14.87,42.27,tip-in,5v5,0,0,0,0,0,1,78,-10,hit,25.96,0
2025020987,2026-03-06,87,8481540,MTL,18.03,86.82,snap,5v5,0,0,0,0,0,1,88,-18,takeaway,43.83,0
2025020987,2026-03-06,93,8480018,MTL,22.0,0.0,tip-in,5v5,0,0,0,0,0,1,67,0,faceoff,29.73,0
2025020987,2026-03-06,95,8483515,MTL,23.19,7.43,tip-in,5v5,0,0,0,0,0,1,66,-3,giveaway,28.02,0
2025020987,2026-03-06,100,8481605,ANA,35.23,34.59,snap,5v5,0,0,0,0,0,2,60,20,faceoff,89.0,0
2025020987,2026-03-06,103,8481605,ANA,67.01,37.72,wrist,5v5,0,0,0,0,0,2,36,41,faceoff,29.73,0
2025020987,2026-03-06,104,8476885,ANA,52.63,38.83,slap,5v5,0,1,0,0,0,2,48,-33,missed-shot,67.01,0
2025020987,2026-03-06,113,8475848,MTL,22.36,10.3,tip-in,5v5,0,0,0,0,0,2,67,4,blocked-shot,25.55,0
2025020987,2026-03-06,119,8485512,ANA,13.0,22.62,tip-in,5v5,0,0,0,0,0,2,77,-5,giveaway,8.54,0
2025020987,2026-03-06,121,8481523,MTL,6.71,63.43,wrap-around,5v5,0,0,0,0,0,2,86,6,hit,86.31,0
2025020987,2026-03-06,128,8475184,ANA,45.49,33.34,snap,4v5,0,0,0,0,0,2,51,-25,giveaway,56.64,0
2025020987,2026-03-06,129,8481540,MTL,26.08,32.47,wrist,5v4,1,1,0,0,0,2,67,14,shot-on-goal,45.49,0
2025020987,2026-03-06,132,8481618,MTL,23.85,33.02,tip-in,5v4,1,0,0,0,0,2,69,13,faceoff,29.73,0
2025020987,2026-03-06,133,8481618,MTL,9.06,6.34,backhand,5v4,1,1,0,0,0,2,80,-1,missed-shot,23.85,0
2025020987,2026-03-06,134,8475848,MTL,6.08,9.46,tip-in,5v4,1,1,0,0,0,2,83,1,shot-on-goal,9.06,0
2025020987,2026-03-06,135,8475848,MTL,50.25,47.42,snap,5v4,1,1,0,0,0,2,55,-37,shot-on-goal,6.08,0
2025020987,2026-03-06,142,8483515,MTL,7.07,81.87,snap,5v4,1,0,0,0,0,2,88,-7,faceoff,29.73,0
2025020987,2026-03-06,144,8480865,MTL,44.94,32.28,wrist,5v5,0,0,0,0,0,2,51,-24,blocked-shot,35.11,0
2025020987,2026-03-06,153,8475184,ANA,9.9,45.0,tip-in,5v5,0,0,0,0,0,2,82,-7,hit,42.38,0
2025020987,2026-03-06,157,8481523,MTL,24.08,4.76,snap,5v5,0,0,0,0,0,2,65,-2,hit,38.33,0
2025020987,2026-03-06,159,8476981,MTL,15.23,23.2,wrist,5v5,0,0,0,0,0,2,75,6,hit,51.62,0
2025020987,2026-03-06,161,8476479,MTL,27.02,2.12,tip-in,5v5,0,0,0,0,0,2,62,1,hit,22.36,0
2025020987,2026-03-06,163,8484762,ANA,23.32,59.04,snap,5v5,0,0,0,0,0,2,77,20,delayed-penalty,89.0,0
2025020987,2026-03-06,167,8481605,ANA,48.38,18.06,slap,5v4,1,0,0,0,1,2,43,-15,faceoff,29.73,1
2025020987,2026-03-06,170,8480865,MTL,38.21,47.12,slap,5v5,0,0,0,0,0,2,63,-28,giveaway,80.62,0
2025020987,2026-03-06,171,8484984,MTL,5.66,45.0,wrist,5v5,0,1,0,0,0,2,85,4,missed-shot,38.21,0
2025020987,2026-03-06,175,8475848,MTL,7.28,74.05,wrap-around,5v5,0,0,0,0,0,2,87,7,hit,35.51,0
2025020987,2026-03-06,176,8475848,MTL,48.05,12.01,wrist,5v5,0,1,0,0,0,2,42,-10,shot-on-goal,7.28,0
2025020987,2026-03-06,180,8484762,ANA,24.02,2.39,snap,5v5,0,0,0,0,0,2,65,-1,blocked-shot,44.01,0
2025020987,2026-03-06,181,8484762,ANA,9.43,32.01,wrist,5v5,0,1,0,0,0,2,81,-5,shot-on-goal,24.02,0
2025020987,2026-03-06,185,8484153,ANA,11.0,0.0,deflected,5v5,0,0,0,0,0,2,78,0,blocked-shot,12.21,0
2025020987,2026-03-06,186,8481605,ANA,5.83,30.96,snap,5v5,0,1,0,0,0,2,84,3,shot-on-goal,11.0,0
2025020987,2026-03-06,187,8475184,ANA,22.2,35.84,snap,5v5,0,1,0,0,0,2,71,13,missed-shot,5.83,0
2025020987,2026-03-06,188,8483445,ANA,24.76,46.64,backhand,5v5,0,1,0,0,0,2,72,-18,shot-on-goal,22.2,0
2025020987,2026-03-06,189,8483445,ANA,30.02,88.09,wrist,5v5,0,1,0,0,0,2,88,-30,missed-shot,24.76,0
2025020987,2026-03-06,190,8473986,ANA,10.0,0.0,wrist,5v5,0,1,0,0,0,2,79,0,shot-on-goal,30.02,0
2025020987,2026-03-06,193,8484762,ANA,49.74,30.17,snap,5v5,0,0,0,0,0,2,46,25,faceoff,29.73,0
2025020987,2026-03-06,196,8481523,MTL,32.45,33.69,snap,5v5,0,0,0,0,0,2,62,-18,faceoff,72.42,0
2025020987,2026-03-06,199,8482737,MTL,29.83,50.44,slap,5v5,0,0,0,0,0,2,70,-23,faceoff,29.73,0
2025020987,2026-03-06,200,8481523,MTL,9.9,89.18,wrist,5v5,0,1,0,0,0,2,96,7,shot-on-goal,29.83,0
2025020987,2026-03-06,201,8482737,MTL,22.85,66.8,snap,5v5,0,1,0,0,0,2,80,-21,missed-shot,9.9,0
2025020987,2026-03-06,202,8480865,MTL,33.29,57.26,snap,5v5,0,1,0,0,0,2,71,28,shot-on-goal,22.85,0
2025020987,2026-03-06,205,8483457,MTL,34.06,40.24,snap,5v5,0,0,0,0,0,2,63,-22,faceoff,29.73,0
2025020987,2026-03-06,208,8480865,MTL,42.52,41.19,slap,5v5,0,0,0,0,0,2,57,28,faceoff,29.73,0
2025020987,2026-03-06,216,8484153,ANA,18.38,22.38,wrist,5v5,0,0,0,0,2,3,72,7,faceoff,89.0,1
2025020987,2026-03-06,220,8478424,ANA,30.68,19.03,snap,5v5,0,0,0,0,0,3,60,-10,hit,23.77,0
2025020987,2026-03-06,221,8482803,ANA,43.66,69.9,wrist,5v5,0,1,0,0,0,3,74,41,shot-on-goal,30.68,0
2025020987,2026-03-06,225,8484984,MTL,35.23,55.41,snap,5v5,0,0,0,0,0,3,69,29,faceoff,72.42,0
2025020987,2026-03-06,229,8483445,ANA,43.0,0.0,snap,5v5,0,0,0,0,0,3,46,0,blocked-shot,25.81,0
2025020987,2026-03-06,235,8475462,ANA,95.85,23.36,slap,5v5,0,0,0,0,0,3,1,38,giveaway,71.85,0
2025020987,2026-03-06,236,8484984,MTL,39.2,37.75,snap,5v5,0,1,0,0,0,3,58,24,shot-on-goal,95.85,0
2025020987,2026-03-06,248,8481540,MTL,26.93,31.33,slap,5v5,0,0,0,0,-1,3,66,14,faceoff,29.73,1
2025020987,2026-03-06,250,8483457,MTL,42.2,53.67,slap,5v5,0,0,0,0,0,3,64,34,faceoff,89.0,0
2025020987,2026-03-06,253,8483490,ANA,19.1,6.01,wrist,5v5,0,0,0,0,0,3,70,-2,faceoff,29.73,0
2025020987,2026-03-06,254,8480865,MTL,69.63,35.06,wrist,5v5,0,1,0,0,0,3,32,-40,shot-on-goal,19.1,0
2025020987,2026-03-06,256,8482964,MTL,70.46,34.59,snap,5v5,0,0,0,0,0,3,31,40,hit,38.64,0
2025020987,2026-03-06,261,8480865,MTL,41.23,67.17,slap,5v5,0,0,0,0,0,3,73,-38,blocked-shot,8.06,0
2025020987,2026-03-06,266,8478851,MTL,37.64,16.99,snap,5v5,0,0,0,0,0,3,53,-11,faceoff,29.73,1
2025020987,2026-03-06,272,8481540,MTL,8.06,7.13,tip-in,5v5,0,0,0,0,1,3,81,1,faceoff,29.73,1
2025020987,2026-03-06,284,8480865,MTL,70.72,33.47,wrist,5v5,0,0,0,0,0,3,30,-39,blocked-shot,8.94,0
2025020987,2026-03-06,289,8475462,ANA,57.97,15.0,snap,5v5,0,0,0,0,0,3,33,15,faceoff,29.73,0
2025020987,2026-03-06,296,8484762,ANA,55.0,0.0,snap,6v5,1,0,0,0,0,3,34,0,hit,38.08,0
2025020987,2026-03-06,297,8475184,ANA,6.71,26.57,tip-in,6v5,1,1,0,0,0,3,83,-3,shot-on-goal,55.0,1
2025020987,2026-03-06,300,8481523,MTL,84.58,24.44,wrist,5v5,0,0,0,0,0,3,12,-35,hit,39.32,0
2025020987,2026-03-06,304,8484984,MTL,21.02,25.35,wrist,3v3,0,0,0,0,0,4,70,9,faceoff,89.0,0
2025020987,2026-03-06,306,8483515,MTL,7.62,23.2,wrist,3v3,0,0,0,0,0,4,82,-3,giveaway,7.28,0
2025020987,2026-03-06,309,8483515,MTL,16.49,75.96,backhand,3v3,0,0,0,0,0,4,85,-16,faceoff,29.73,0
2025020987,2026-03-06,317,8481540,MTL,28.43,50.71,slap,4v3,1,0,0,0,0,4,71,22,faceoff,72.42,0
2025020987,2026-03-06,320,8480018,MTL,29.41,35.31,wrist,4v3,1,0,0,0,0,4,65,-17,faceoff,29.73,0
2025020987,2026-03-06,321,8483515,MTL,29.68,32.62,slap,4v3,1,1,0,0,0,4,64,-16,shot-on-goal,29.41,0
2025020987,2026-03-06,325,8484153,ANA,9.22,40.6,backhand,1v0,1,0,0,0,0,5,82,-6,period-start,89.0,0
2025020987,2026-03-06,326,8481540,MTL,12.17,9.46,wrist,1v0,1,1,0,0,0,5,77,-2,missed-shot,9.22,0
2025020987,2026-03-06,327,8484762,ANA,9.43,32.01,backhand,1v0,1,1,0,0,0,5,81,5,shot-on-goal,12.17,0
2025020987,2026-03-06,328,8480018,MTL,5.83,30.96,backhand,1v0,1,1,0,0,0,5,84,3,shot-on-goal,9.43,0
2025020987,2026-03-06,329,8482745,ANA,12.04,4.76,wrist,1v0,1,1,0,0,0,5,77,1,shot-on-goal,5.83,0
2025020987,2026-03-06,330,8481523,MTL,8.06,7.13,backhand,1v0,1,1,0,0,0,5,81,1,shot-on-goal,12.04,0
2025020987,2026-03-06,331,8483445,ANA,17.72,16.39,snap,1v0,1,1,0,0,0,5,72,-5,shot-on-goal,8.06,1
2025020987,2026-03-06,332,8484984,MTL,12.04,4.76,snap,1v0,1,1,0,0,0,5,77,1,goal,17.72,1
2025020987,2026-03-06,333,8475184,ANA,11.4,15.26,snap,1v0,1,1,0,0,0,5,78,3,goal,12.04,0
2025020987,2026-03-06,335,8473986,ANA,12.04,4.76,snap,1v0,1,0,0,0,0,5,77,-1,failed-shot-attempt,11.4,1
2025020987,2026-03-06,336,8482775,MTL,13.04,4.4,wrist,1v0,1,1,0,0,0,5,76,-1,goal,12.04,0
2025020988,2026-03-06,2,8477451,MIN,12.81,38.66,wrist,5v5,0,0,0,0,0,1,79,-8,faceoff,89.0,0
2025020988,2026-03-06,6,8476438,VGK,12.17,9.46,tip-in,5v5,0,0,0,0,0,1,77,-2,blocked-shot,47.01,0
2025020988,2026-03-06,8,8481557,MIN,50.21,45.81,wrist,5v5,0,0,0,0,0,1,54,-36,blocked-shot,21.93,0
2025020988,2026-03-06,18,8483525,MIN,37.44,55.89,wrist,5v5,0,0,0,0,0,1,68,31,faceoff,29.73,0
2025020988,2026-03-06,19,8476925,VGK,23.02,2.49,wrist,5v5,0,1,0,0,0,1,66,1,missed-shot,37.44,0
2025020988,2026-03-06,22,8474716,MIN,23.26,64.54,wrist,5v5,0,0,0,0,0,1,79,-21,giveaway,19.7,0
2025020988,2026-03-06,27,8483890,VGK,8.54,69.44,wrist,5v5,0,0,0,0,0,1,86,-8,faceoff,29.73,0
2025020988,2026-03-06,28,8478403,VGK,61.35,19.03,wrist,5v5,0,1,0,0,0,1,31,20,shot-on-goal,8.54,0
2025020988,2026-03-06,32,8475191,VGK,13.89,30.26,tip-in,5v5,0,0,0,0,0,1,77,-7,giveaway,43.93,0
2025020988,2026-03-06,36,8475343,VGK,86.83,7.94,wrist,5v5,0,0,0,0,0,1,3,12,takeaway,54.67,0
2025020988,2026-03-06,40,8475765,MIN,15.3,11.31,tip-in,5v5,0,0,0,0,0,1,74,-3,blocked-shot,50.16,0
2025020988,2026-03-06,43,8478864,MIN,31.62,34.7,snap,5v5,0,0,0,0,0,1,63,18,faceoff,29.73,0
2025020988,2026-03-06,49,8481557,MIN,16.12,60.26,backhand,5v5,0,0,0,0,0,1,81,-14,giveaway,49.65,0
2025020988,2026-03-06,51,8474567,MIN,61.91,31.12,slap,5v5,0,0,0,0,0,1,36,-32,giveaway,73.57,0
2025020988,2026-03-06,52,8481553,MIN,14.56,74.05,backhand,5v5,0,1,0,0,0,1,85,14,missed-shot,61.91,0
2025020988,2026-03-06,70,8481557,MIN,9.22,49.4,backhand,5v4,1,0,0,0,0,1,83,7,faceoff,29.73,0
2025020988,2026-03-06,73,8481557,MIN,18.25,9.46,tip-in,5v4,1,0,0,0,0,1,71,-3,hit,34.23,0
2025020988,2026-03-06,77,8481557,MIN,46.69,43.26,wrist,5v4,1,0,0,0,0,1,55,32,faceoff,72.42,0
2025020988,2026-03-06,78,8478493,MIN,8.0,89.28,wrist,5v4,1,1,0,0,0,1,89,8,shot-on-goal,46.69,0
2025020988,2026-03-06,80,8478434,VGK,70.35,5.71,wrist,5v5,0,0,0,0,0,1,19,-7,blocked-shot,31.3,0
2025020988,2026-03-06,84,8477952,MIN,8.25,14.04,tip-in,5v5,0,0,0,0,0,1,81,2,blocked-shot,48.84,0
2025020988,2026-03-06,91,8476925,VGK,13.0,0.0,backhand,5v5,0,0,0,0,0,1,76,0,hit,45.79,0
2025020988,2026-03-06,92,8482062,VGK,14.87,42.27,snap,5v5,0,1,0,0,0,1,78,10,shot-on-goal,13.0,0
2025020988,2026-03-06,97,8478864,MIN,69.34,33.23,wrist,5v5,0,0,0,0,0,1,31,38,blocked-shot,53.37,0
2025020988,2026-03-06,98,8478403,VGK,29.61,78.31,wrist,5v5,0,1,0,0,0,1,83,-29,missed-shot,69.34,0
2025020988,2026-03-06,99,8478397,VGK,66.61,35.84,wrist,5v5,0,1,0,0,0,1,35,-39,missed-shot,29.61,0
2025020988,2026-03-06,104,8477964,VGK,26.93,21.8,wrist,5v5,0,0,0,0,0,2,64,10,faceoff,89.0,0
2025020988,2026-03-06,106,8478403,VGK,30.36,72.76,wrist,5v5,0,0,0,0,0,2,80,-29,giveaway,95.08,0
2025020988,2026-03-06,109,8478468,VGK,9.43,57.99,backhand,5v5,0,0,0,0,0,2,84,8,hit,61.07,0
2025020988,2026-03-06,110,8478396,VGK,24.76,43.36,snap,5v5,0,1,0,0,0,2,71,17,missed-shot,9.43,0
2025020988,2026-03-06,112,8481604,VGK,24.7,21.37,slap,5v5,0,0,0,0,0,2,66,9,hit,92.14,0
2025020988,2026-03-06,121,8478483,VGK,7.07,8.13,tip-in,5v5,0,0,0,0,0,2,82,1,blocked-shot,19.0,0
2025020988,2026-03-06,124,8481604,VGK,20.22,8.53,tip-in,5v5,0,0,0,0,0,2,69,-3,faceoff,29.73,0
2025020988,2026-03-06,127,8478483,VGK,35.11,19.98,wrist,5v5,0,0,0,0,0,2,56,-12,faceoff,29.73,0
2025020988,2026-03-06,129,8475692,MIN,23.35,9.87,wrist,5v5,0,0,0,0,1,2,66,4,giveaway,55.0,1
2025020988,2026-03-06,133,8477964,VGK,32.76,58.74,wrist,5v5,0,0,0,0,0,2,72,28,giveaway,47.2,0
2025020988,2026-03-06,136,8481553,MIN,33.54,26.57,wrist,5v5,0,0,0,0,0,2,59,-15,blocked-shot,43.28,0
2025020988,2026-03-06,141,8483525,MIN,17.8,51.84,snap,5v5,0,0,0,0,0,2,78,14,hit,13.45,0
2025020988,2026-03-06,142,8474567,MIN,44.94,32.28,slap,5v5,0,1,0,0,2,2,51,-24,missed-shot,17.8,1
2025020988,2026-03-06,144,8477446,MIN,8.06,7.13,tip-in,5v5,0,0,0,0,3,2,81,-1,faceoff,89.0,1
2025020988,2026-03-06,147,8476925,VGK,25.55,30.58,tip-in,5v5,0,0,0,0,0,2,67,13,blocked-shot,8.6,0
2025020988,2026-03-06,149,8475191,VGK,15.65,63.43,wrist,5v5,0,0,0,0,0,2,82,-14,giveaway,61.72,0
2025020988,2026-03-06,159,8476438,VGK,15.23,66.8,wrist,5v5,0,0,0,0,0,2,83,14,hit,9.85,0
2025020988,2026-03-06,166,8476925,VGK,32.98,75.96,wrist,5v5,0,0,0,0,0,2,81,-32,faceoff,29.73,0
2025020988,2026-03-06,167,8478136,MIN,33.53,72.65,wrist,5v5,0,1,0,0,0,2,79,32,shot-on-goal,32.98,0
2025020988,2026-03-06,168,8478403,VGK,5.0,0.0,backhand,5v5,0,1,0,0,0,2,84,0,shot-on-goal,33.53,0
2025020988,2026-03-06,169,8478493,MIN,22.63,45.0,wrist,5v5,0,1,0,0,0,2,73,16,missed-shot,5.0,0
2025020988,2026-03-06,172,8478493,MIN,71.03,35.26,wrist,5v5,0,0,0,0,0,2,31,41,faceoff,29.73,0
2025020988,2026-03-06,173,8476463,MIN,29.15,30.96,wrist,5v5,0,1,0,0,0,2,64,15,shot-on-goal,71.03,0
2025020988,2026-03-06,176,8480800,MIN,43.05,59.26,wrist,5v5,0,0,0,0,0,2,67,37,hit,80.13,0
2025020988,2026-03-06,182,8478403,VGK,44.1,57.03,wrist,5v5,0,0,0,0,0,2,65,-37,giveaway,65.25,0
2025020988,2026-03-06,185,8475343,VGK,13.45,48.01,tip-in,5v5,0,0,0,0,0,2,80,-10,faceoff,29.73,0
2025020988,2026-03-06,189,8481527,VGK,18.11,83.66,wrist,5v5,0,0,0,0,0,2,87,-18,faceoff,29.73,0
2025020988,2026-03-06,191,8477447,VGK,58.67,29.62,wrist,5v5,0,0,0,0,0,2,38,-29,blocked-shot,5.1,0
2025020988,2026-03-06,194,8478493,MIN,91.71,25.17,wrist,5v5,0,0,0,0,0,2,6,39,faceoff,29.73,0
2025020988,2026-03-06,199,8475692,MIN,26.83,63.43,wrist,5v5,0,0,0,0,0,3,77,-24,giveaway,10.77,0
2025020988,2026-03-06,200,8475188,VGK,71.56,33.02,snap,5v5,0,1,0,0,0,3,29,39,missed-shot,26.83,0
2025020988,2026-03-06,204,8483890,VGK,8.06,7.13,wrist,5v5,0,0,0,0,0,3,81,1,blocked-shot,19.24,0
2025020988,2026-03-06,206,8478396,VGK,34.13,5.04,wrist,5v5,0,0,0,0,0,3,55,-3,hit,76.32,0
2025020988,2026-03-06,209,8478483,VGK,26.91,41.99,wrist,5v4,1,0,0,0,0,3,69,-18,faceoff,29.73,0
2025020988,2026-03-06,210,8481604,VGK,8.25,75.96,wrist,5v4,1,1,0,0,-2,3,87,-8,missed-shot,26.91,1
2025020988,2026-03-06,216,8477451,MIN,29.21,38.05,wrist,5v5,0,0,0,0,0,3,66,-18,hit,71.85,0
2025020988,2026-03-06,217,8475188,VGK,55.03,19.09,slap,5v5,0,1,0,0,0,3,37,-18,shot-on-goal,29.21,0
2025020988,2026-03-06,218,8477451,MIN,7.21,33.69,wrist,5v5,0,1,0,0,0,3,83,4,missed-shot,55.03,0
2025020988,2026-03-06,219,8477451,MIN,5.0,36.87,wrist,5v5,0,1,0,0,0,3,85,-3,shot-on-goal,7.21,0
2025020988,2026-03-06,220,8477952,MIN,21.84,74.05,wrist,5v5,0,1,0,0,0,3,83,21,shot-on-goal,5.0,0
2025020988,2026-03-06,221,8483525,MIN,9.0,0.0,backhand,5v5,0,1,0,0,0,3,80,0,shot-on-goal,21.84,0
2025020988,2026-03-06,224,8477964,VGK,29.53,28.3,snap,5v5,0,0,0,0,0,3,63,-14,faceoff,29.73,0
2025020988,2026-03-06,227,8478434,VGK,14.76,28.3,tip-in,5v5,0,0,0,0,0,3,76,-7,faceoff,29.73,0
2025020988,2026-03-06,228,8476881,VGK,17.0,61.93,wrist,5v5,0,1,0,0,0,3,81,15,shot-on-goal,14.76,0
2025020988,2026-03-06,229,8478396,VGK,7.81,50.19,backhand,5v5,0,1,0,0,0,3,84,6,shot-on-goal,17.0,0
2025020988,2026-03-06,230,8478864,MIN,50.45,39.37,snap,5v5,0,1,0,0,0,3,50,32,shot-on-goal,7.81,0
2025020988,2026-03-06,236,8480800,MIN,38.95,41.88,slap,5v5,0,0,0,0,0,3,60,26,giveaway,48.27,0
2025020988,2026-03-06,240,8481604,VGK,32.8,37.57,wrist,5v5,0,0,0,0,0,3,63,-20,blocked-shot,25.96,0
2025020988,2026-03-06,241,8477964,VGK,24.04,45.0,wrist,5v5,0,1,0,0,0,3,72,17,missed-shot,32.8,0
2025020988,2026-03-06,250,8478403,VGK,47.54,14.62,wrist,4v4,0,0,0,0,0,3,43,-12,faceoff,72.42,0
2025020988,2026-03-06,253,8478403,VGK,21.84,74.05,backhand,4v4,0,0,0,0,0,3,83,-21,faceoff,29.73,0
2025020988,2026-03-06,257,8478403,VGK,65.0,30.51,wrist,5v5,0,0,0,0,0,3,33,33,giveaway,92.03,0
2025020988,2026-03-06,260,8478396,VGK,66.65,27.72,slap,5v5,0,0,0,0,0,3,30,-31,faceoff,29.73,0
2025020988,2026-03-06,267,8477952,MIN,35.06,3.27,wrist,5v5,0,0,0,0,0,3,54,-2,hit,42.15,0
2025020988,2026-03-06,270,8475765,MIN,19.1,47.12,wrist,5v5,0,0,0,0,3,3,76,14,faceoff,29.73,1
2025020988,2026-03-06,272,8475343,VGK,13.45,48.01,deflected,5v5,0,0,0,0,0,3,80,-10,faceoff,89.0,0
2025020988,2026-03-06,280,8481527,VGK,55.32,12.53,slap,5v5,0,0,0,0,0,3,35,-12,hit,34.0,0
2025020988,2026-03-06,281,8478483,VGK,8.94,26.57,wrist,5v5,0,1,0,0,-2,3,81,-4,missed-shot,55.32,1
2025020988,2026-03-06,283,8482062,VGK,8.94,26.57,tip-in,5v5,0,0,0,0,0,3,81,-4,faceoff,89.0,0
2025020988,2026-03-06,284,8481557,MIN,17.09,69.44,backhand,5v5,0,1,0,0,0,3,83,-16,missed-shot,8.94,0
2025020988,2026-03-06,285,8478403,VGK,82.98,12.53,backhand,5v5,0,1,0,0,0,3,8,18,shot-on-goal,17.09,0
2025020988,2026-03-06,287,8475765,MIN,64.47,23.78,wrist,5v6,0,0,0,1,0,3,30,26,blocked-shot,37.34,0
2025020988,2026-03-06,290,8478493,MIN,36.06,19.44,slap,5v5,0,0,0,0,0,3,55,12,faceoff,29.73,0
2025020988,2026-03-06,291,8478493,MIN,13.42,63.43,wrist,5v5,0,1,0,0,0,3,83,12,shot-on-goal,36.06,0
2025020988,2026-03-06,294,8478493,MIN,43.27,33.69,wrist,5v6,0,0,0,1,0,3,53,24,giveaway,85.16,0
2025020989,2026-03-06,12,8480459,STL,11.0,0.0,wrist,5v4,1,0,0,0,0,1,78,0,giveaway,49.65,0
2025020989,2026-03-06,14,8479385,STL,30.53,31.61,slap,5v5,0,0,0,0,0,1,63,-16,giveaway,33.97,0
2025020989,2026-03-06,17,8477402,STL,11.31,45.0,wrist,5v5,0,0,0,0,0,1,81,8,giveaway,61.55,0
2025020989,2026-03-06,18,8475726,SJS,58.52,33.15,slap,5v5,0,1,0,0,0,1,40,-32,shot-on-goal,11.31,0
2025020989,2026-03-06,22,8475200,SJS,39.0,22.62,slap,5v4,1,0,0,0,0,1,53,15,faceoff,29.73,0
2025020989,2026-03-06,31,8483516,STL,32.25,29.74,wrist,5v5,0,0,0,0,1,1,61,16,hit,61.61,1
2025020989,2026-03-06,34,8482166,SJS,61.35,19.03,wrist,5v5,0,0,0,0,0,1,31,-20,hit,41.59,0
2025020989,2026-03-06,36,8480798,SJS,49.93,32.74,wrist,5v5,0,0,0,0,0,1,47,-27,hit,56.85,0
2025020989,2026-03-06,39,8475906,SJS,39.36,27.22,wrist,5v5,0,0,0,0,0,1,54,-18,faceoff,29.73,0
2025020989,2026-03-06,40,8475906,SJS,68.26,31.83,wrist,5v5,0,1,0,0,0,1,31,-36,shot-on-goal,39.36,0
2025020989,2026-03-06,42,8482667,SJS,13.0,89.56,wrist,5v5,0,0,0,0,0,1,89,-13,hit,64.64,0
2025020989,2026-03-06,43,8485402,SJS,8.6,35.54,wrist,5v5,0,1,0,0,0,1,82,-5,shot-on-goal,13.0,0
2025020989,2026-03-06,44,8475726,SJS,13.93,21.04,wrist,5v5,0,1,0,0,0,1,76,5,missed-shot,8.6,0
2025020989,2026-03-06,45,8475906,SJS,70.72,33.47,slap,5v5,0,1,0,0,0,1,30,-39,missed-shot,13.93,0
2025020989,2026-03-06,54,8480798,SJS,31.89,41.19,slap,5v5,0,0,0,0,0,1,65,21,giveaway,40.79,0
2025020989,2026-03-06,56,8482859,SJS,10.44,16.7,wrist,5v5,0,0,0,0,0,1,79,3,hit,26.17,0
2025020989,2026-03-06,57,8478874,SJS,7.07,8.13,wrist,5v5,0,1,0,0,0,1,82,-1,shot-on-goal,10.44,0
2025020989,2026-03-06,65,8483516,STL,30.59,11.31,wrist,5v5,0,0,0,0,0,1,59,-6,giveaway,52.01,0
2025020989,2026-03-06,68,8482077,STL,35.78,26.57,wrist,5v5,0,0,0,0,0,1,57,-16,faceoff,29.73,0
2025020989,2026-03-06,99,8482166,SJS,58.08,2.96,slap,5v5,0,0,0,0,0,1,31,3,faceoff,29.73,0
2025020989,2026-03-06,111,8480023,STL,5.83,30.96,wrist,5v5,0,0,0,0,0,2,84,-3,giveaway,19.65,0
2025020989,2026-03-06,112,8480023,STL,5.83,30.96,wrist,5v5,0,1,0,0,0,2,84,-3,shot-on-goal,5.83,0
2025020989,2026-03-06,116,8477402,STL,15.62,39.81,wrist,5v5,0,0,0,0,0,2,77,-10,giveaway,83.19,0
2025020989,2026-03-06,118,8484806,SJS,62.13,33.18,wrist,5v5,0,0,0,0,0,2,37,34,giveaway,54.49,0
2025020989,2026-03-06,120,8479983,SJS,89.89,27.14,wrist,5v5,0,0,0,0,0,2,9,41,blocked-shot,17.8,0
2025020989,2026-03-06,122,8475906,SJS,66.29,33.93,wrist,5v5,0,0,0,0,0,2,34,-37,hit,64.64,0
2025020989,2026-03-06,124,8476624,SJS,44.38,67.48,wrist,5v5,0,0,0,0,0,2,72,41,hit,8.54,0
2025020989,2026-03-06,125,8484801,SJS,21.63,33.69,tip-in,5v5,0,1,0,0,0,2,71,12,missed-shot,44.38,0
2025020989,2026-03-06,130,8484801,SJS,33.54,10.3,wrist,5v5,0,0,0,0,0,2,56,-6,giveaway,41.62,0
2025020989,2026-03-06,134,8477402,STL,44.29,28.3,slap,5v5,0,0,0,0,0,2,50,21,giveaway,92.35,0
2025020989,2026-03-06,141,8482166,SJS,22.67,48.58,wrist,5v5,0,0,0,0,0,2,74,17,blocked-shot,12.53,0
2025020989,2026-03-06,143,8482077,STL,9.49,18.43,backhand,5v5,0,0,0,0,0,2,80,3,hit,34.71,0
2025020989,2026-03-06,144,8480023,STL,6.71,63.43,tip-in,5v5,0,1,0,0,0,2,86,-6,missed-shot,9.49,0
2025020989,2026-03-06,148,8478874,SJS,20.4,11.31,backhand,5v5,0,0,0,0,0,2,69,4,giveaway,16.12,0
2025020989,2026-03-06,155,8482733,STL,22.02,89.74,wrist,5v5,0,0,0,0,0,2,90,-22,blocked-shot,23.32,0
2025020989,2026-03-06,162,8482090,STL,22.2,35.84,wrist,5v5,0,0,0,0,0,2,71,-13,giveaway,39.62,0
2025020989,2026-03-06,163,8482090,STL,15.81,18.43,bat,5v5,0,1,0,0,0,2,74,-5,shot-on-goal,22.2,0
2025020989,2026-03-06,169,8484806,SJS,9.22,12.53,wrist,4v4,0,0,0,0,0,2,80,2,faceoff,29.73,0
2025020989,2026-03-06,171,8484801,SJS,37.0,18.92,wrist,5v4,1,0,0,0,0,2,54,-12,blocked-shot,9.43,0
2025020989,2026-03-06,172,8484801,SJS,41.87,49.84,wrist,5v4,1,1,0,0,0,2,62,-32,missed-shot,37.0,0
2025020989,2026-03-06,173,8484801,SJS,33.24,43.78,wrist,5v5,0,1,0,0,0,2,65,-23,missed-shot,41.87,1
2025020989,2026-03-06,176,8480459,STL,54.13,25.14,slap,5v5,0,0,0,0,0,2,40,23,giveaway,18.79,0
2025020989,2026-03-06,177,8481013,STL,5.66,45.0,tip-in,5v5,0,1,0,0,0,2,85,-4,missed-shot,54.13,0
2025020989,2026-03-06,178,8480459,STL,23.6,53.62,wrist,5v5,0,1,0,0,0,2,75,19,missed-shot,5.66,0
2025020989,2026-03-06,190,8482667,SJS,37.48,80.79,wrist,5v5,0,0,0,0,0,2,83,37,giveaway,91.71,0
2025020989,2026-03-06,191,8480023,STL,22.47,32.28,snap,5v5,0,1,0,0,1,2,70,-12,shot-on-goal,37.48,1
2025020989,2026-03-06,194,8477505,SJS,17.03,49.76,wrist,5v5,0,0,0,0,0,2,78,13,blocked-shot,48.33,0
2025020989,2026-03-06,196,8479983,SJS,51.92,15.64,slap,5v5,0,0,0,0,0,2,39,14,giveaway,58.26,0
2025020989,2026-03-06,203,8484806,SJS,43.05,2.66,wrist,5v5,0,0,0,0,0,3,46,2,hit,14.32,0
2025020989,2026-03-06,212,8476624,SJS,9.06,6.34,tip-in,5v5,0,0,0,0,0,3,80,1,hit,67.12,0
2025020989,2026-03-06,229,8478874,SJS,41.73,44.03,wrist,5v5,0,0,0,0,0,3,59,-29,hit,42.95,0
2025020989,2026-03-06,230,8482166,SJS,8.06,60.26,backhand,5v5,0,1,0,0,0,3,85,-7,missed-shot,41.73,0
2025020989,2026-03-06,234,8484806,SJS,55.15,22.38,slap,5v5,0,0,0,0,0,3,38,21,blocked-shot,23.85,0
2025020989,2026-03-06,238,8484227,SJS,5.66,45.0,tip-in,5v5,0,0,0,0,0,3,85,4,blocked-shot,49.04,0
2025020989,2026-03-06,240,8484801,SJS,19.21,38.66,backhand,5v5,0,0,0,0,0,3,74,-12,giveaway,23.41,0
2025020989,2026-03-06,243,8484911,SJS,7.62,23.2,tip-in,5v5,0,0,0,0,0,3,82,3,giveaway,75.8,0
2025020989,2026-03-06,244,8480798,SJS,13.04,4.4,wrist,5v5,0,1,0,0,0,3,76,1,shot-on-goal,7.62,0
2025020989,2026-03-06,246,8480748,SJS,25.61,51.34,slap,5v5,0,0,0,0,0,3,73,-20,blocked-shot,33.06,1
2025020989,2026-03-06,255,8484227,SJS,22.56,12.8,tip-in,5v5,0,0,0,0,0,3,67,5,takeaway,32.02,0
2025020989,2026-03-06,256,8484164,STL,42.72,32.57,wrist,5v5,0,1,0,0,0,3,53,23,missed-shot,22.56,0
2025020989,2026-03-06,268,8481598,STL,35.51,9.73,wrist,3v3,0,0,0,0,0,4,54,6,takeaway,23.6,0
2025020989,2026-03-06,269,8480023,STL,7.07,8.13,wrist,3v3,0,1,0,0,1,4,82,-1,missed-shot,35.51,1
2025020975,2026-03-05,3,8481711,TOR,7.21,33.69,wrist,5v5,0,0,0,0,1,1,83,-4,giveaway,48.88,1
2025020975,2026-03-05,9,8482157,NYR,15.52,14.93,backhand,5v4,1,0,0,0,0,1,74,-4,blocked-shot,16.55,0
2025020975,2026-03-05,11,8475714,TOR,32.8,52.43,wrist,5v5,0,0,0,0,0,1,69,26,giveaway,42.72,0
2025020975,2026-03-05,17,8482157,NYR,13.45,48.01,wrist,5v5,0,0,0,0,0,1,80,-10,hit,21.54,0
2025020975,2026-03-05,18,8483690,NYR,11.18,10.3,tip-in,5v5,0,1,0,0,0,1,78,-2,shot-on-goal,13.45,0
2025020975,2026-03-05,24,8482720,TOR,5.39,21.8,wrist,5v5,0,0,0,0,0,1,84,-2,hit,93.52,0
2025020975,2026-03-05,25,8476853,TOR,38.01,35.36,wrist,5v5,0,1,0,0,0,1,58,22,shot-on-goal,5.39,0
2025020975,2026-03-05,30,8482157,NYR,9.9,45.0,tip-in,5v5,0,0,0,0,0,1,82,-7,hit,26.48,1
2025020975,2026-03-05,36,8482109,NYR,38.47,27.9,wrist,5v5,0,0,0,0,0,1,55,-18,giveaway,24.84,0
2025020975,2026-03-05,40,8482073,NYR,45.45,39.64,slap,5v5,0,0,0,0,0,1,54,-29,hit,47.17,0
2025020975,2026-03-05,47,8482073,NYR,42.94,62.24,wrist,5v5,0,0,0,0,0,1,69,-38,hit,22.47,0
2025020975,2026-03-05,52,8484901,TOR,14.0,0.0,tip-in,5v5,0,0,0,0,0,1,75,0,faceoff,72.42,0
2025020975,2026-03-05,53,8478904,TOR,17.03,40.24,tip-in,5v5,0,1,0,0,0,1,76,11,missed-shot,14.0,0
2025020975,2026-03-05,54,8478904,TOR,10.82,33.69,wrist,5v5,0,1,0,0,0,1,80,6,shot-on-goal,17.03,0
2025020975,2026-03-05,55,8479318,TOR,9.85,23.96,wrist,5v5,0,1,0,0,0,1,80,-4,missed-shot,10.82,0
2025020975,2026-03-05,56,8476853,TOR,41.18,60.95,wrist,5v5,0,1,0,0,0,1,69,-36,shot-on-goal,9.85,0
2025020975,2026-03-05,58,8484210,NYR,15.0,36.87,wrist,5v5,0,0,0,0,0,1,77,9,hit,75.47,0
2025020975,2026-03-05,60,8476459,NYR,34.67,56.77,slap,5v5,0,0,0,0,0,1,70,29,blocked-shot,17.03,0
2025020975,2026-03-05,62,8481122,TOR,55.44,39.14,wrist,5v5,0,0,0,0,0,1,46,35,hit,16.12,0
2025020975,2026-03-05,69,8475166,TOR,6.08,80.54,tip-in,5v4,1,0,0,0,0,1,88,6,blocked-shot,22.56,0
2025020975,2026-03-05,70,8477503,TOR,6.4,51.34,tip-in,5v4,1,1,0,0,0,1,85,-5,missed-shot,6.08,0
2025020975,2026-03-05,75,8478443,TOR,56.85,39.29,wrist,5v5,0,0,0,0,0,1,45,-36,faceoff,29.73,0
2025020975,2026-03-05,80,8476853,TOR,47.68,9.66,wrist,5v5,0,0,0,0,0,1,42,8,faceoff,72.42,0
2025020975,2026-03-05,81,8481582,TOR,8.54,69.44,tip-in,5v5,0,1,0,0,0,1,86,8,missed-shot,47.68,0
2025020975,2026-03-05,87,8481711,TOR,51.79,10.01,wrist,5v5,0,0,0,0,0,2,38,9,faceoff,89.0,0
2025020975,2026-03-05,92,8481789,NYR,33.62,22.75,snap,5v5,0,0,0,0,0,2,58,13,hit,27.46,0
2025020975,2026-03-05,95,8482861,NYR,25.5,64.44,snap,5v5,0,0,0,0,0,2,78,-23,hit,38.08,0
2025020975,2026-03-05,97,8481582,TOR,18.36,60.64,snap,5v5,0,0,0,0,0,2,80,16,blocked-shot,60.17,0
2025020975,2026-03-05,103,8482109,NYR,6.4,38.66,tip-in,5v5,0,0,0,0,0,2,84,4,blocked-shot,11.66,0
2025020975,2026-03-05,104,8482109,NYR,8.54,69.44,wrist,5v5,0,1,0,0,0,2,86,8,shot-on-goal,6.4,0
2025020975,2026-03-05,109,8484158,TOR,38.28,19.86,wrist,5v5,0,0,0,0,1,2,53,13,faceoff,29.73,1
2025020975,2026-03-05,111,8482861,NYR,8.06,7.13,backhand,5v5,0,0,0,0,0,2,81,-1,faceoff,89.0,0
2025020975,2026-03-05,121,8479390,NYR,22.02,39.47,wrist,5v4,1,0,0,0,0,2,72,-14,faceoff,72.42,0
2025020975,2026-03-05,122,8478882,NYR,20.81,35.22,snap,5v4,1,1,0,0,0,2,72,12,shot-on-goal,22.02,1
2025020975,2026-03-05,127,8481582,TOR,7.21,33.69,tip-in,5v5,0,0,0,0,0,2,83,4,blocked-shot,9.9,0
2025020975,2026-03-05,130,8479318,TOR,17.8,38.16,wrist,5v5,0,0,0,0,0,2,75,11,hit,17.0,0
2025020975,2026-03-05,132,8482109,NYR,23.35,43.26,wrist,5v5,0,0,0,0,0,2,72,16,giveaway,45.69,0
2025020975,2026-03-05,133,8479318,TOR,41.0,0.0,wrist,5v5,0,1,0,0,0,2,48,0,missed-shot,23.35,0
2025020975,2026-03-05,142,8478882,NYR,49.52,43.36,wrist,5v5,0,0,0,0,0,2,53,34,hit,28.28,0
2025020975,2026-03-05,146,8481711,TOR,31.06,33.18,wrist,5v5,0,0,0,0,0,2,63,17,blocked-shot,27.46,0
2025020975,2026-03-05,148,8484901,TOR,21.84,15.95,tip-in,5v5,0,0,0,0,0,2,68,-6,giveaway,29.02,0
2025020975,2026-03-05,150,8482157,NYR,61.03,18.14,snap,5v5,0,0,0,0,0,2,31,-19,hit,48.26,0
2025020975,2026-03-05,154,8477380,NYR,10.3,29.05,tip-in,5v5,0,0,0,0,0,2,80,5,hit,26.48,0
2025020975,2026-03-05,156,8479318,TOR,30.23,34.22,wrist,5v5,0,0,0,0,0,2,64,17,hit,22.14,0
2025020975,2026-03-05,167,8476931,TOR,53.76,18.43,wrist,5v5,0,0,0,0,0,2,38,17,hit,20.62,0
2025020975,2026-03-05,169,8481582,TOR,28.3,57.99,wrist,5v5,0,0,0,0,0,2,74,24,blocked-shot,49.09,0
2025020975,2026-03-05,170,8484158,TOR,24.84,49.9,wrist,5v5,0,1,0,0,0,2,73,-19,shot-on-goal,28.3,0
2025020975,2026-03-05,171,8484158,TOR,12.0,89.52,wrist,5v5,0,1,0,0,0,2,89,12,shot-on-goal,24.84,0
2025020975,2026-03-05,172,8477503,TOR,23.35,9.87,wrist,5v5,0,1,0,0,0,2,66,-4,missed-shot,12.0,0
2025020975,2026-03-05,174,8484158,TOR,59.51,24.84,wrist,5v5,0,0,0,0,0,2,35,-25,blocked-shot,20.02,0
2025020975,2026-03-05,185,8484210,NYR,11.7,19.98,wrist,5v5,0,0,0,0,0,3,78,4,faceoff,72.42,0
2025020975,2026-03-05,192,8482720,TOR,61.68,16.97,wrist,5v5,0,0,0,0,0,3,30,18,faceoff,29.73,0
2025020975,2026-03-05,195,8479390,NYR,19.72,59.53,wrist,5v5,0,0,0,0,0,3,79,-17,hit,78.89,0
2025020975,2026-03-05,196,8482073,NYR,51.4,52.91,snap,5v5,0,1,0,0,0,3,58,-41,shot-on-goal,19.72,0
2025020975,2026-03-05,198,8482861,NYR,61.91,31.12,wrist,5v5,0,0,0,0,0,3,36,-32,blocked-shot,6.32,0
2025020975,2026-03-05,202,8482877,NYR,47.17,57.99,wrist,5v5,0,0,0,0,0,3,64,-40,hit,94.85,0
2025020975,2026-03-05,205,8476459,NYR,37.59,61.39,slap,5v5,0,0,0,0,0,3,71,-33,faceoff,29.73,0
2025020975,2026-03-05,206,8481711,TOR,46.01,42.36,wrist,5v5,0,1,0,0,0,3,55,31,shot-on-goal,37.59,0
2025020975,2026-03-05,209,8478443,TOR,63.56,24.15,wrist,5v5,0,0,0,0,0,3,31,-26,faceoff,29.73,0
2025020975,2026-03-05,212,8477939,TOR,8.06,29.74,tip-in,5v5,0,0,0,0,0,3,82,-4,faceoff,29.73,0
2025020975,2026-03-05,215,8482157,NYR,22.47,32.28,wrist,5v5,0,0,0,0,0,3,70,12,faceoff,29.73,0
2025020975,2026-03-05,217,8479323,NYR,19.42,34.51,backhand,5v5,0,0,0,0,0,3,73,-11,blocked-shot,14.32,0
2025020975,2026-03-05,224,8483690,NYR,20.4,11.31,tip-in,5v5,0,0,0,0,0,3,69,-4,blocked-shot,14.04,0
2025020975,2026-03-05,234,8482109,NYR,8.06,7.13,tip-in,5v5,0,0,0,0,1,3,81,1,takeaway,64.85,1
2025020975,2026-03-05,236,8476853,TOR,31.76,61.82,wrist,5v5,0,0,0,0,0,3,74,28,faceoff,89.0,0
2025020975,2026-03-05,237,8479318,TOR,22.47,20.85,wrist,5v5,0,1,0,0,0,3,68,-8,shot-on-goal,31.76,0
2025020975,2026-03-05,251,8482157,NYR,25.5,41.82,wrist,5v5,0,0,0,0,0,3,70,-17,hit,50.0,0
2025020975,2026-03-05,252,8482877,NYR,12.17,9.46,wrist,5v5,0,1,0,0,2,3,77,2,missed-shot,25.5,1
2025020975,2026-03-05,255,8476459,NYR,5.66,45.0,tip-in,5v5,0,0,0,0,0,3,85,-4,hit,44.28,0
2025020975,2026-03-05,259,8476459,NYR,19.92,72.47,slap,5v5,0,0,0,0,3,3,83,19,giveaway,89.2,1
2025020975,2026-03-05,267,8478443,TOR,68.96,29.54,wrist,5v5,0,0,0,0,0,3,29,-34,giveaway,34.01,0
2025020975,2026-03-05,270,8477939,TOR,30.68,19.03,wrist,5v5,0,0,0,0,0,3,60,-10,faceoff,29.73,0
2025020975,2026-03-05,275,8481525,NYR,54.64,34.56,slap,5v5,0,0,0,0,0,3,44,31,hit,16.64,0
2025020975,2026-03-05,277,8482720,TOR,7.07,45.0,backhand,5v5,0,0,0,0,0,3,84,-5,blocked-shot,36.14,0
2025020975,2026-03-05,281,8475166,TOR,6.4,38.66,wrist,6v5,1,0,0,0,0,3,84,-4,giveaway,38.01,0
2025020975,2026-03-05,282,8475166,TOR,4.12,75.96,backhand,6v5,1,1,0,0,0,3,88,-4,shot-on-goal,6.4,0
2025020975,2026-03-05,285,8478057,TOR,9.22,49.4,wrist,6v5,1,0,0,0,0,3,83,7,faceoff,29.73,0
2025020975,2026-03-05,286,8477503,TOR,32.02,75.53,wrist,6v5,1,1,0,0,0,3,81,31,shot-on-goal,9.22,0
2025020975,2026-03-05,289,8475166,TOR,33.84,34.16,wrist,6v5,1,0,0,0,0,3,61,-19,giveaway,21.84,0
2025020975,2026-03-05,290,8481711,TOR,11.05,5.19,wrist,6v5,1,1,0,0,0,3,78,-1,shot-on-goal,33.84,0
2025020975,2026-03-05,291,8482157,NYR,58.6,36.67,wrist,5v6,0,1,0,1,4,3,42,35,missed-shot,11.05,1
2025020975,2026-03-05,295,8477839,NYR,34.79,18.43,wrist,5v5,0,0,0,0,0,3,56,-11,takeaway,66.71,0
2025020976,2026-03-05,2,8480015,PHI,41.15,25.94,snap,5v5,0,0,0,0,0,1,52,-18,faceoff,89.0,0
2025020976,2026-03-05,12,8477220,UTA,54.33,6.34,slap,5v5,0,0,0,0,0,1,35,-6,faceoff,29.73,0
2025020976,2026-03-05,13,8479977,UTA,13.42,63.43,deflected,5v5,0,1,0,0,0,1,83,12,missed-shot,54.33,0
2025020976,2026-03-05,20,8477220,UTA,66.85,21.96,slap,5v5,0,0,0,0,0,1,27,25,hit,60.96,0
2025020976,2026-03-05,26,8480855,UTA,31.83,43.73,wrist,5v5,0,0,0,0,0,1,66,22,faceoff,29.73,0
2025020976,2026-03-05,29,8480434,UTA,65.39,23.43,slap,5v5,0,0,0,0,0,1,29,-26,faceoff,29.73,0
2025020976,2026-03-05,43,8479343,UTA,29.41,72.18,wrist,5v5,0,0,0,0,0,1,80,-28,giveaway,74.33,0
2025020976,2026-03-05,47,8478507,UTA,31.06,86.31,wrist,5v5,0,0,0,0,0,1,87,-31,blocked-shot,32.28,0
2025020976,2026-03-05,54,8482175,UTA,32.2,36.16,snap,5v5,0,0,0,0,0,1,63,19,hit,65.79,0
2025020976,2026-03-05,56,8479343,UTA,62.63,38.52,backhand,5v5,0,0,0,0,0,1,40,-39,giveaway,10.05,0
2025020976,2026-03-05,61,8479336,PHI,35.13,4.9,snap,5v5,0,0,0,0,0,1,54,-3,giveaway,49.68,0
2025020976,2026-03-05,73,8482142,PHI,62.0,0.0,slap,6v5,1,0,0,0,0,1,27,0,blocked-shot,38.33,0
2025020976,2026-03-05,81,8481553,PHI,10.77,68.2,snap,5v5,0,0,0,0,0,1,85,-10,blocked-shot,47.76,0
2025020976,2026-03-05,86,8484142,PHI,34.93,23.63,backhand,5v5,0,0,0,0,0,1,57,-14,hit,84.08,0
2025020976,2026-03-05,88,8476461,PHI,16.64,32.74,tip-in,5v5,0,0,0,0,0,1,75,-9,blocked-shot,9.0,0
2025020976,2026-03-05,102,8480855,UTA,12.04,48.37,wrist,5v5,0,0,0,0,0,2,81,9,blocked-shot,18.03,0
2025020976,2026-03-05,106,8477951,UTA,17.72,73.61,snap,5v4,1,0,0,0,1,2,84,17,faceoff,29.73,1
2025020976,2026-03-05,108,8484142,PHI,22.67,41.42,snap,5v5,0,0,0,0,0,2,72,15,faceoff,89.0,0
2025020976,2026-03-05,115,8478831,UTA,33.12,28.89,slap,5v5,0,0,0,0,0,2,60,-16,blocked-shot,47.01,0
2025020976,2026-03-05,119,8481533,PHI,25.5,48.18,snap,5v5,0,0,0,0,0,2,72,19,hit,63.25,0
2025020976,2026-03-05,122,8480084,UTA,48.26,55.98,wrist,5v5,0,0,0,0,0,2,62,-40,giveaway,61.4,0
2025020976,2026-03-05,123,8480220,PHI,21.47,27.76,snap,5v5,0,1,0,0,0,2,70,10,missed-shot,48.26,0
2025020976,2026-03-05,124,8480220,PHI,5.1,78.69,backhand,5v5,0,1,0,0,0,2,88,5,shot-on-goal,21.47,0
2025020976,2026-03-05,126,8482175,UTA,27.73,64.36,wrist,5v5,0,0,0,0,0,2,77,25,blocked-shot,40.61,0
2025020976,2026-03-05,128,8478474,UTA,32.02,14.47,wrist,5v5,0,0,0,0,0,2,58,8,giveaway,10.2,0
2025020976,2026-03-05,129,8482175,UTA,9.22,40.6,backhand,5v5,0,1,0,0,0,2,82,6,shot-on-goal,32.02,0
2025020976,2026-03-05,132,8479336,PHI,31.62,34.7,wrist,5v5,0,0,0,0,0,2,63,18,faceoff,29.73,0
2025020976,2026-03-05,137,8479619,UTA,25.0,16.26,wrist,5v5,0,0,0,0,0,2,65,7,faceoff,29.73,0
2025020976,2026-03-05,140,8480084,UTA,10.63,48.81,wrist,5v5,0,0,0,0,0,2,82,8,hit,24.08,0
2025020976,2026-03-05,145,8479343,UTA,11.18,10.3,backhand,5v5,0,0,0,0,2,2,78,2,faceoff,29.73,1
2025020976,2026-03-05,149,8480849,UTA,35.85,59.86,wrist,5v5,0,0,0,0,0,2,71,31,hit,91.68,0
2025020976,2026-03-05,153,8476461,PHI,18.03,56.31,snap,5v5,0,0,0,0,0,2,79,15,takeaway,86.02,0
2025020976,2026-03-05,155,8481533,PHI,12.81,38.66,backhand,5v5,0,0,0,0,0,2,79,-8,blocked-shot,7.81,0
2025020976,2026-03-05,156,8480015,PHI,14.56,15.95,tip-in,5v5,0,1,0,0,0,2,75,-4,shot-on-goal,12.81,0
2025020976,2026-03-05,164,8477951,UTA,46.32,32.66,snap,5v5,0,0,0,0,0,2,50,-25,hit,27.29,0
2025020976,2026-03-05,166,8478474,UTA,45.79,31.61,snap,5v5,0,0,0,0,0,2,50,-24,giveaway,78.55,0
2025020976,2026-03-05,173,8484387,PHI,45.62,26.0,snap,5v5,0,0,0,0,0,2,48,-20,faceoff,29.73,0
2025020976,2026-03-05,179,8479343,UTA,51.04,2.25,wrist,5v5,0,0,0,0,0,2,38,-2,faceoff,29.73,0
2025020976,2026-03-05,192,8476461,PHI,55.08,3.12,snap,5v5,0,0,0,0,0,2,34,3,faceoff,29.73,0
2025020976,2026-03-05,195,8482142,PHI,50.8,10.2,snap,5v5,0,0,0,0,0,2,39,-9,hit,18.38,0
2025020976,2026-03-05,197,8480849,UTA,32.8,52.43,wrist,5v5,0,0,0,0,0,2,69,-26,blocked-shot,8.6,0
2025020976,2026-03-05,201,8480220,PHI,40.8,72.9,wrist,5v5,0,0,0,0,0,2,77,39,hit,19.72,0
2025020976,2026-03-05,206,8480434,UTA,25.5,48.18,wrist,5v5,0,0,0,0,0,3,72,-19,giveaway,73.55,0
2025020976,2026-03-05,209,8476461,PHI,33.24,83.09,backhand,5v5,0,0,0,0,0,3,85,-33,hit,50.25,0
2025020976,2026-03-05,210,8478831,UTA,23.35,43.26,backhand,5v5,0,1,0,0,0,3,72,16,shot-on-goal,33.24,0
2025020976,2026-03-05,211,8478507,UTA,65.39,23.43,slap,5v5,0,1,0,0,0,3,29,-26,missed-shot,23.35,0
2025020976,2026-03-05,212,8479343,UTA,9.0,89.36,backhand,5v5,0,1,0,0,0,3,89,-9,missed-shot,65.39,0
2025020976,2026-03-05,216,8481546,PHI,71.85,34.8,wrist,5v5,0,0,0,0,0,3,30,41,hit,47.17,0
2025020976,2026-03-05,218,8478454,PHI,59.08,2.91,slap,6v5,1,0,0,0,0,3,30,3,delayed-penalty,89.0,0
2025020976,2026-03-05,222,8481533,PHI,45.18,5.08,snap,5v4,1,0,0,0,0,3,44,4,hit,58.73,0
2025020976,2026-03-05,234,8481553,PHI,22.14,18.43,tip-in,5v4,1,0,0,0,0,3,68,7,faceoff,29.73,0
2025020976,2026-03-05,238,8482175,UTA,23.41,70.02,wrist,4v4,0,0,0,0,0,3,81,22,faceoff,29.73,0
2025020976,2026-03-05,242,8479336,PHI,8.0,0.0,snap,4v4,0,0,0,0,0,3,81,0,takeaway,44.42,0
2025020976,2026-03-05,243,8479619,UTA,38.21,42.88,wrist,4v4,0,1,0,0,0,3,61,-26,shot-on-goal,8.0,0
2025020976,2026-03-05,245,8480849,UTA,8.54,20.56,wrist,5v4,1,0,0,0,0,3,81,-3,blocked-shot,19.72,0
2025020976,2026-03-05,247,8479343,UTA,85.91,12.09,wrist,5v5,0,0,0,0,0,3,5,-18,giveaway,67.54,0
2025020976,2026-03-05,248,8477220,UTA,61.29,33.69,snap,5v5,0,1,0,0,0,3,38,34,shot-on-goal,85.91,0
2025020976,2026-03-05,257,8482699,UTA,7.81,39.81,backhand,5v5,0,0,0,0,0,3,83,-5,blocked-shot,52.7,0
2025020976,2026-03-05,260,8484142,PHI,55.97,41.38,slap,5v5,0,0,0,0,0,3,47,37,hit,40.85,0
2025020976,2026-03-05,268,8479619,UTA,53.26,50.33,snap,5v5,0,0,0,0,0,3,55,41,hit,46.14,0
2025020976,2026-03-05,275,8477021,UTA,41.23,67.17,wrist,5v6,0,0,0,1,0,3,73,-38,blocked-shot,61.35,0
2025020976,2026-03-05,278,8478507,UTA,34.53,79.99,wrist,5v6,0,0,0,1,0,3,83,34,faceoff,29.73,0
2025020976,2026-03-05,279,8478831,UTA,26.25,49.64,wrist,5v6,0,1,0,1,0,3,72,20,missed-shot,34.53,0
2025020976,2026-03-05,280,8479619,UTA,15.52,14.93,wrist,5v6,0,1,0,1,3,3,74,-4,missed-shot,26.25,1
2025020976,2026-03-05,282,8479977,UTA,16.55,25.02,wrist,5v5,0,0,0,0,0,3,74,-7,faceoff,89.0,0
2025020976,2026-03-05,291,8483733,PHI,21.84,15.95,backhand,5v5,0,0,0,0,0,3,68,-6,giveaway,50.25,0
2025020977,2026-03-05,5,8482659,BUF,42.45,43.09,wrist,5v5,0,0,0,0,0,1,58,-29,giveaway,37.48,0
2025020977,2026-03-05,8,8479420,BUF,37.11,14.04,wrist,5v5,0,0,0,0,0,1,53,9,hit,47.01,0
2025020977,2026-03-05,9,8480980,PIT,57.43,35.07,wrist,5v5,0,1,0,0,0,1,42,33,shot-on-goal,37.11,0
2025020977,2026-03-05,13,8479638,PIT,51.89,25.08,wrist,5v5,0,0,0,0,0,1,42,-22,giveaway,36.01,0
2025020977,2026-03-05,16,8480891,BUF,45.62,64.0,wrist,5v5,0,0,0,0,0,1,69,-41,faceoff,29.73,0
2025020977,2026-03-05,17,8477511,PIT,56.04,34.82,snap,5v5,0,1,0,0,0,1,43,32,shot-on-goal,45.62,0
2025020977,2026-03-05,23,8471215,PIT,30.27,7.59,wrist,5v5,0,0,0,0,0,1,59,4,delayed-penalty,89.0,0
2025020977,2026-03-05,24,8471215,PIT,9.85,23.96,wrist,5v5,0,1,0,0,0,1,80,-4,shot-on-goal,30.27,0
2025020977,2026-03-05,27,8474578,PIT,19.85,40.91,wrist,5v4,1,0,0,0,0,1,74,-13,faceoff,29.73,0
2025020977,2026-03-05,33,8482659,BUF,29.83,13.57,wrist,5v5,0,0,0,0,0,1,60,-7,giveaway,67.23,0
2025020977,2026-03-05,35,8480064,BUF,21.21,45.0,wrist,5v5,0,0,0,0,0,1,74,15,blocked-shot,5.39,0
2025020977,2026-03-05,36,8482659,BUF,8.94,63.43,wrist,5v5,0,1,0,0,0,1,85,-8,missed-shot,21.21,0
2025020977,2026-03-05,37,8483500,BUF,41.77,47.91,snap,5v5,0,1,0,0,0,1,61,31,missed-shot,8.94,0
2025020977,2026-03-05,40,8475722,BUF,8.25,75.96,wrist,5v5,0,0,0,0,0,1,87,-8,hit,30.02,0
2025020977,2026-03-05,46,8480064,BUF,11.4,52.13,wrist,5v4,1,0,0,0,0,1,82,-9,faceoff,29.73,0
2025020977,2026-03-05,47,8481524,BUF,52.15,32.47,wrist,5v4,1,1,0,0,0,1,45,28,shot-on-goal,11.4,0
2025020977,2026-03-05,49,8480802,BUF,28.6,36.47,slap,5v4,1,0,0,0,0,1,66,-17,blocked-shot,27.89,0
2025020977,2026-03-05,53,8474578,PIT,56.89,10.12,wrist,5v4,1,0,0,0,0,1,33,10,faceoff,29.73,0
2025020977,2026-03-05,55,8480802,BUF,10.05,5.71,backhand,4v5,0,0,0,0,1,1,79,1,takeaway,48.02,1
2025020977,2026-03-05,59,8480891,BUF,58.31,30.96,wrist,5v5,0,0,0,0,0,1,39,-30,blocked-shot,8.6,0
2025020977,2026-03-05,67,8475810,PIT,5.1,11.31,wrist,4v5,0,0,0,0,0,1,84,-1,faceoff,29.73,1
2025020977,2026-03-05,76,8482475,PIT,11.18,10.3,backhand,5v5,0,0,0,0,0,1,78,-2,hit,92.03,0
2025020977,2026-03-05,82,8482097,BUF,38.01,1.51,wrist,5v5,0,0,0,0,0,1,51,-1,giveaway,77.01,0
2025020977,2026-03-05,83,8482097,BUF,31.91,32.2,wrist,5v5,0,1,0,0,0,1,62,-17,shot-on-goal,38.01,0
2025020977,2026-03-05,95,8482659,BUF,7.81,39.81,tip-in,5v4,1,0,0,0,0,2,83,5,faceoff,29.73,0
2025020977,2026-03-05,97,8479420,BUF,37.44,55.89,wrist,5v4,1,0,0,0,0,2,68,31,blocked-shot,25.32,0
2025020977,2026-03-05,99,8479420,BUF,35.0,53.13,slap,5v4,1,0,0,0,0,2,68,28,hit,24.04,0
2025020977,2026-03-05,100,8475810,PIT,27.8,52.31,wrist,4v5,0,1,0,0,0,2,72,-22,missed-shot,35.0,0
2025020977,2026-03-05,101,8475722,BUF,13.0,67.38,wrist,5v4,1,1,0,0,0,2,84,-12,missed-shot,27.8,0
2025020977,2026-03-05,102,8482659,BUF,7.28,15.95,deflected,5v4,1,1,0,0,0,2,82,2,shot-on-goal,13.0,0
2025020977,2026-03-05,103,8480064,BUF,11.7,19.98,wrist,5v4,1,1,0,0,1,2,78,4,shot-on-goal,7.28,1
2025020977,2026-03-05,108,8480839,BUF,50.01,1.15,wrist,5v3,1,0,0,0,0,2,39,-1,takeaway,62.2,0
2025020977,2026-03-05,117,8477949,BUF,28.28,8.13,wrist,4v3,1,0,0,0,0,2,61,4,faceoff,29.73,0
2025020977,2026-03-05,118,8481481,PIT,11.7,19.98,tip-in,4v4,0,1,0,0,0,2,78,4,shot-on-goal,28.28,0
2025020977,2026-03-05,122,8477949,BUF,8.54,20.56,tip-in,5v5,0,0,0,0,2,2,81,3,delayed-penalty,89.0,1
2025020977,2026-03-05,128,8482993,PIT,38.42,51.34,wrist,5v5,0,0,0,0,0,2,65,-30,hit,18.36,0
2025020977,2026-03-05,131,8475810,PIT,11.4,74.74,backhand,5v5,0,0,0,0,0,2,86,11,faceoff,29.73,0
2025020977,2026-03-05,132,8476483,PIT,12.04,4.76,bat,5v5,0,1,0,0,0,2,77,-1,shot-on-goal,11.4,0
2025020977,2026-03-05,133,8476483,PIT,8.06,7.13,tip-in,5v5,0,1,0,0,0,2,81,-1,missed-shot,12.04,0
2025020977,2026-03-05,138,8474578,PIT,94.92,20.34,wrist,5v5,0,0,0,0,0,2,0,33,faceoff,72.42,0
2025020977,2026-03-05,139,8482475,PIT,22.2,35.84,wrist,5v5,0,1,0,0,0,2,71,-13,shot-on-goal,94.92,0
2025020977,2026-03-05,145,8482659,BUF,20.52,43.03,wrist,5v5,0,0,0,0,0,2,74,14,faceoff,29.73,0
2025020977,2026-03-05,146,8480839,BUF,61.85,14.04,wrist,5v5,0,1,0,0,0,2,29,-15,shot-on-goal,20.52,0
2025020977,2026-03-05,147,8482671,BUF,20.52,46.97,wrist,5v5,0,1,0,0,3,2,75,15,shot-on-goal,61.85,1
2025020977,2026-03-05,149,8484145,BUF,6.32,71.57,wrist,5v5,0,0,0,0,0,2,87,-6,faceoff,89.0,0
2025020977,2026-03-05,153,8480980,PIT,53.91,40.49,wrist,5v5,0,0,0,0,0,2,48,35,giveaway,58.73,0
2025020977,2026-03-05,158,8477949,BUF,56.08,21.99,slap,5v5,0,0,0,0,0,2,37,-21,hit,31.06,0
2025020977,2026-03-05,159,8476483,PIT,35.38,47.29,slap,5v5,0,1,0,0,0,2,65,26,shot-on-goal,56.08,0
2025020977,2026-03-05,168,8482475,PIT,41.77,47.91,slap,5v4,1,0,0,0,0,2,61,-31,faceoff,29.73,0
2025020977,2026-03-05,169,8475810,PIT,50.99,25.56,slap,5v4,1,1,0,0,0,2,43,22,missed-shot,41.77,0
2025020977,2026-03-05,171,8478569,PIT,29.73,19.65,wrist,5v5,0,0,0,0,0,2,61,10,hit,38.64,0
2025020977,2026-03-05,175,8477365,PIT,19.42,11.89,wrist,5v5,0,0,0,0,0,2,70,4,blocked-shot,7.0,0
2025020977,2026-03-05,177,8475810,PIT,36.67,25.87,wrist,5v5,0,0,0,0,0,2,56,-16,hit,91.68,0
2025020977,2026-03-05,178,8476483,PIT,19.1,6.01,wrist,5v5,0,1,0,0,0,2,70,-2,shot-on-goal,36.67,0
2025020977,2026-03-05,179,8480839,BUF,27.02,2.12,wrist,5v5,0,1,0,0,0,2,62,1,shot-on-goal,19.1,0
2025020977,2026-03-05,180,8474578,PIT,58.6,25.25,snap,5v5,0,1,0,0,0,2,36,-25,missed-shot,27.02,0
2025020977,2026-03-05,181,8475810,PIT,43.08,21.8,wrist,5v5,0,1,0,0,0,2,49,-16,shot-on-goal,58.6,0
2025020977,2026-03-05,185,8471724,PIT,73.78,32.83,wrist,5v5,0,0,0,0,0,2,27,-40,faceoff,72.42,0
2025020977,2026-03-05,205,8480807,BUF,66.4,37.04,wrist,5v5,0,0,0,0,0,3,36,40,hit,30.41,0
2025020977,2026-03-05,206,8482623,BUF,7.0,89.18,wrist,5v5,0,1,0,0,0,3,89,-7,missed-shot,66.4,0
2025020977,2026-03-05,209,8480980,PIT,94.02,23.84,wrist,5v5,0,0,0,0,0,3,3,38,faceoff,29.73,0
2025020977,2026-03-05,210,8482659,BUF,50.22,12.65,wrist,5v5,0,1,0,0,0,3,40,11,shot-on-goal,94.02,0
2025020977,2026-03-05,211,8479420,BUF,43.14,44.06,wrist,5v5,0,1,0,0,0,3,58,30,missed-shot,50.22,0
2025020977,2026-03-05,212,8481522,BUF,44.6,42.27,wrist,5v5,0,1,0,0,0,3,56,30,missed-shot,43.14,0
2025020977,2026-03-05,215,8475722,BUF,8.06,29.74,tip-in,5v5,0,0,0,0,0,3,82,-4,faceoff,29.73,0
2025020977,2026-03-05,216,8480891,BUF,51.97,30.02,slap,5v5,0,1,0,0,0,3,44,26,missed-shot,8.06,0
2025020977,2026-03-05,219,8482623,BUF,14.04,4.09,tip-in,5v5,0,0,0,0,0,3,75,-1,giveaway,31.02,0
2025020977,2026-03-05,222,8482659,BUF,26.83,63.43,wrist,5v5,0,0,0,0,0,3,77,-24,faceoff,29.73,0
2025020977,2026-03-05,224,8481481,PIT,5.0,53.13,backhand,5v5,0,0,0,0,0,3,86,4,hit,43.08,0
2025020977,2026-03-05,232,8480839,BUF,54.41,17.1,wrist,5v4,1,0,0,0,0,3,37,16,faceoff,29.73,0
2025020977,2026-03-05,236,8482659,BUF,29.41,35.31,wrist,5v4,1,0,0,0,0,3,65,-17,blocked-shot,35.44,0
2025020977,2026-03-05,237,8480839,BUF,39.62,10.18,slap,5v4,1,1,0,0,0,3,50,7,missed-shot,29.41,0
2025020977,2026-03-05,238,8475722,BUF,8.6,54.46,wrist,5v4,1,1,0,0,0,3,84,-7,shot-on-goal,39.62,0
2025020977,2026-03-05,241,8482671,BUF,67.2,36.53,wrist,5v5,0,0,0,0,0,3,35,40,hit,51.22,0
2025020977,2026-03-05,244,8476483,PIT,39.96,58.3,wrist,5v5,0,0,0,0,0,3,68,-34,giveaway,42.76,0
2025020977,2026-03-05,248,8471724,PIT,49.4,31.76,wrist,5v5,0,0,0,0,0,3,47,-26,hit,85.0,0
2025020977,2026-03-05,250,8478854,PIT,22.67,41.42,wrist,5v5,0,0,0,0,0,3,72,15,hit,25.96,0
2025020977,2026-03-05,251,8477511,PIT,10.2,11.31,wrist,5v5,0,1,0,0,0,3,79,2,shot-on-goal,22.67,0
2025020977,2026-03-05,257,8475810,PIT,11.31,45.0,wrist,6v4,1,0,0,0,0,3,81,8,blocked-shot,34.18,0
2025020977,2026-03-05,262,8479638,PIT,30.08,74.58,wrist,6v5,1,0,0,0,0,3,81,-29,blocked-shot,29.07,0
2025020977,2026-03-05,265,8478569,PIT,16.0,0.0,tip-in,6v5,1,0,0,0,0,3,73,0,faceoff,29.73,0
2025020977,2026-03-05,269,8479638,PIT,20.22,8.53,tip-in,6v5,1,0,0,0,0,3,69,-3,faceoff,89.0,0
2025020977,2026-03-05,270,8479638,PIT,16.49,14.04,tip-in,6v5,1,1,0,0,0,3,73,4,missed-shot,20.22,0
2025020977,2026-03-05,279,8478438,PIT,31.83,43.73,wrist,6v5,1,0,0,0,0,3,66,-22,blocked-shot,23.09,0
2025020977,2026-03-05,284,8480807,BUF,44.94,20.85,wrist,5v6,0,0,0,1,4,3,47,16,giveaway,87.48,1
2025020977,2026-03-05,287,8480891,BUF,62.37,41.1,wrist,5v5,0,0,0,0,0,3,42,-41,giveaway,62.8,0
2025020977,2026-03-05,292,8481524,BUF,61.98,10.22,wrist,5v5,0,0,0,0,0,3,28,-11,blocked-shot,22.83,0
2025020977,2026-03-05,293,8482097,BUF,20.88,16.7,wrist,5v5,0,1,0,0,0,3,69,6,shot-on-goal,61.98,0
2025020977,2026-03-05,297,8482993,PIT,58.03,1.97,wrist,5v5,0,0,0,0,0,3,31,-2,giveaway,43.32,0
2025020978,2026-03-05,6,8477933,FLA,37.34,69.62,slap,5v5,0,0,0,0,0,1,76,-35,blocked-shot,20.81,0
2025020978,2026-03-05,13,8478975,CBJ,36.06,33.69,tip-in,5v5,0,0,0,0,0,1,59,20,giveaway,8.6,0
2025020978,2026-03-05,22,8482713,FLA,37.48,46.08,slap,5v5,0,0,0,0,0,1,63,27,blocked-shot,12.21,0
2025020978,2026-03-05,26,8478500,CBJ,55.44,7.25,wrist,5v4,1,0,0,0,0,1,34,-7,faceoff,29.73,0
2025020978,2026-03-05,27,8484166,CBJ,39.2,52.25,wrist,5v4,1,1,0,0,0,1,65,31,shot-on-goal,55.44,0
2025020978,2026-03-05,29,8478500,CBJ,43.29,6.63,snap,5v4,1,0,0,0,0,1,46,5,blocked-shot,35.51,0
2025020978,2026-03-05,32,8478500,CBJ,62.39,6.44,wrist,5v4,1,0,0,0,1,1,27,7,hit,16.12,1
2025020978,2026-03-05,37,8475790,CBJ,51.87,19.13,wrist,5v5,0,0,0,0,0,1,40,-17,hit,83.63,0
2025020978,2026-03-05,39,8475745,CBJ,26.93,58.67,wrist,5v5,0,0,0,0,0,1,75,-23,giveaway,14.14,0
2025020978,2026-03-05,42,8480185,FLA,12.53,61.39,tip-in,5v5,0,0,0,0,0,1,83,-11,faceoff,29.73,0
2025020978,2026-03-05,45,8478859,FLA,21.1,58.57,snap,5v5,0,0,0,0,0,1,78,18,giveaway,63.29,0
2025020978,2026-03-05,48,8481716,CBJ,10.82,33.69,backhand,5v5,0,0,0,0,0,1,80,6,blocked-shot,8.0,0
2025020978,2026-03-05,49,8482713,FLA,38.21,47.12,snap,5v5,0,1,0,0,0,1,63,-28,missed-shot,10.82,0
2025020978,2026-03-05,51,8482705,CBJ,8.54,69.44,backhand,5v5,0,0,0,0,0,1,86,-8,blocked-shot,13.6,0
2025020978,2026-03-05,54,8477497,CBJ,19.24,62.1,slap,5v5,0,0,0,0,0,1,80,17,faceoff,29.73,0
2025020978,2026-03-05,55,8479314,FLA,12.21,34.99,tip-in,5v5,0,1,0,0,0,1,79,-7,missed-shot,19.24,0
2025020978,2026-03-05,57,8484304,FLA,49.68,49.9,wrist,5v5,0,0,0,0,0,1,57,38,hit,83.29,0
2025020978,2026-03-05,60,8477933,FLA,39.4,23.96,slap,5v5,0,0,0,0,0,1,53,16,faceoff,29.73,0
2025020978,2026-03-05,61,8481716,CBJ,17.72,73.61,wrist,5v5,0,1,0,0,0,1,84,17,missed-shot,39.4,0
2025020978,2026-03-05,68,8473419,FLA,21.26,41.19,bat,5v4,1,0,0,0,0,1,73,-14,faceoff,29.73,0
2025020978,2026-03-05,71,8477933,FLA,8.0,0.0,tip-in,5v4,1,0,0,0,0,1,81,0,blocked-shot,19.31,0
2025020978,2026-03-05,76,8480003,FLA,30.02,29.98,wrist,5v5,0,0,0,0,0,1,63,-15,faceoff,29.73,0
2025020978,2026-03-05,79,8479671,CBJ,20.62,22.83,backhand,5v5,0,0,0,0,0,1,70,-8,hit,27.46,0
2025020978,2026-03-05,80,8478500,CBJ,56.09,11.31,slap,5v5,0,1,0,0,0,1,34,-11,missed-shot,20.62,0
2025020978,2026-03-05,81,8477935,FLA,11.66,30.96,snap,5v5,0,1,0,0,0,1,79,6,shot-on-goal,56.09,0
2025020978,2026-03-05,82,8477933,FLA,34.18,20.56,wrist,5v5,0,1,0,0,0,1,57,-12,missed-shot,11.66,0
2025020978,2026-03-05,86,8473419,FLA,42.54,29.58,wrist,5v5,0,0,0,0,0,1,52,21,giveaway,30.41,0
2025020978,2026-03-05,91,8482705,CBJ,32.65,49.97,snap,5v5,0,0,0,0,0,1,68,25,hit,80.5,0
2025020978,2026-03-05,101,8478500,CBJ,54.64,34.56,snap,5v5,0,0,0,0,0,2,44,31,faceoff,29.73,0
2025020978,2026-03-05,102,8479671,CBJ,28.02,34.82,wrist,5v5,0,1,0,0,0,2,66,-16,missed-shot,54.64,0
2025020978,2026-03-05,104,8480185,FLA,14.21,50.71,snap,5v5,0,0,0,0,0,2,80,11,giveaway,62.63,0
2025020978,2026-03-05,107,8476432,CBJ,35.78,26.57,snap,5v5,0,0,0,0,0,2,57,16,giveaway,47.38,0
2025020978,2026-03-05,109,8480003,FLA,32.02,38.66,snap,5v5,0,0,0,0,0,2,64,20,hit,9.06,0
2025020978,2026-03-05,116,8477935,FLA,8.06,29.74,wrist,5v5,0,0,0,0,0,2,82,-4,giveaway,9.9,0
2025020978,2026-03-05,117,8477935,FLA,10.05,5.71,wrist,5v5,0,1,0,0,0,2,79,1,shot-on-goal,8.06,0
2025020978,2026-03-05,118,8479314,FLA,10.3,29.05,tip-in,5v5,0,1,0,0,0,2,80,5,missed-shot,10.05,0
2025020978,2026-03-05,122,8475179,FLA,52.81,18.78,wrist,5v5,0,0,0,0,0,2,39,17,blocked-shot,23.32,0
2025020978,2026-03-05,128,8481716,CBJ,12.37,14.04,tip-in,5v4,1,0,0,0,0,2,77,3,faceoff,29.73,0
2025020978,2026-03-05,129,8482660,CBJ,33.3,41.35,snap,5v4,1,1,0,0,0,2,64,-22,shot-on-goal,12.37,0
2025020978,2026-03-05,132,8478542,FLA,77.41,28.55,snap,5v5,0,0,0,0,0,2,21,37,giveaway,60.03,0
2025020978,2026-03-05,135,8479314,FLA,57.27,12.09,snap,5v5,0,0,0,0,0,2,33,12,faceoff,29.73,0
2025020978,2026-03-05,136,8477409,FLA,16.55,64.98,snap,5v5,0,1,0,0,0,2,82,-15,shot-on-goal,57.27,0
2025020978,2026-03-05,137,8475179,FLA,64.62,21.8,wrist,5v5,0,1,0,0,0,2,29,-24,missed-shot,16.55,0
2025020978,2026-03-05,139,8479314,FLA,13.04,85.6,snap,5v5,0,0,0,0,0,2,88,-13,blocked-shot,26.91,0
2025020978,2026-03-05,143,8482660,CBJ,10.82,56.31,wrist,5v5,0,0,0,0,0,2,83,9,giveaway,49.82,0
2025020978,2026-03-05,144,8484304,FLA,53.91,40.49,wrist,5v5,0,1,0,0,0,2,48,35,shot-on-goal,10.82,0
2025020978,2026-03-05,149,8475790,CBJ,53.76,46.51,snap,5v5,0,0,0,0,0,2,52,-39,hit,68.82,0
2025020978,2026-03-05,151,8479671,CBJ,11.66,30.96,deflected,5v5,0,0,0,0,2,2,79,6,hit,42.38,1
2025020978,2026-03-05,156,8480893,CBJ,12.08,65.56,wrist,5v5,0,0,0,0,0,2,84,11,hit,28.44,0
2025020978,2026-03-05,160,8482713,FLA,11.4,52.13,backhand,5v5,0,0,0,0,0,2,82,9,giveaway,84.97,0
2025020978,2026-03-05,161,8482660,CBJ,22.8,52.13,backhand,5v5,0,1,0,0,0,2,75,-18,missed-shot,11.4,0
2025020978,2026-03-05,162,8482131,FLA,38.21,42.88,wrist,5v5,0,1,0,0,0,2,61,26,shot-on-goal,22.8,0
2025020978,2026-03-05,163,8484304,FLA,56.3,19.72,slap,5v5,0,1,0,0,0,2,36,-19,missed-shot,38.21,0
2025020978,2026-03-05,166,8475790,CBJ,42.8,37.41,slap,5v5,0,0,0,0,0,2,55,26,blocked-shot,25.5,0
2025020978,2026-03-05,177,8477497,CBJ,7.0,0.0,wrist,4v5,0,0,0,0,0,2,82,0,giveaway,62.97,0
2025020978,2026-03-05,179,8477933,FLA,40.8,17.1,snap,5v4,1,0,0,0,0,2,50,-12,blocked-shot,30.15,0
2025020978,2026-03-05,181,8477933,FLA,56.0,0.0,slap,5v4,1,0,0,0,0,2,33,0,blocked-shot,9.22,0
2025020978,2026-03-05,182,8482713,FLA,65.15,17.88,wrist,5v5,0,1,0,0,0,2,27,20,missed-shot,56.0,0
2025020978,2026-03-05,187,8480003,FLA,10.2,11.31,slap,5v5,0,0,0,0,0,2,79,2,faceoff,29.73,0
2025020978,2026-03-05,191,8482705,CBJ,25.32,9.09,wrist,5v5,0,0,0,0,0,2,64,-4,giveaway,60.88,0
2025020978,2026-03-05,192,8476923,CBJ,49.48,14.04,slap,5v5,0,1,0,0,0,2,41,12,shot-on-goal,25.32,0
2025020978,2026-03-05,197,8475745,CBJ,20.88,16.7,snap,5v5,0,0,0,0,0,3,69,-6,faceoff,89.0,0
2025020978,2026-03-05,201,8478542,FLA,44.38,22.52,wrist,5v5,0,0,0,0,0,3,48,-17,hit,82.73,0
2025020978,2026-03-05,205,8477497,CBJ,17.0,28.07,snap,5v5,0,0,0,0,0,3,74,8,hit,38.64,0
2025020978,2026-03-05,206,8476432,CBJ,20.4,11.31,wrist,5v5,0,1,0,0,3,3,69,-4,shot-on-goal,17.0,1
2025020978,2026-03-05,210,8483771,FLA,11.4,15.26,tip-in,5v5,0,0,0,0,0,3,78,3,hit,66.4,0
2025020978,2026-03-05,211,8478055,FLA,59.84,9.62,slap,5v5,0,1,0,0,0,3,30,-10,missed-shot,11.4,0
2025020978,2026-03-05,213,8477409,FLA,37.16,23.81,snap,5v5,0,0,0,0,0,3,55,15,blocked-shot,46.27,0
2025020978,2026-03-05,217,8475745,CBJ,21.0,89.73,wrist,5v5,0,0,0,0,0,3,89,-21,giveaway,33.14,0
2025020978,2026-03-05,221,8475179,FLA,57.38,41.47,wrist,5v5,0,0,0,0,0,3,46,38,hit,21.02,0
2025020978,2026-03-05,225,8477497,CBJ,23.09,85.03,wrist,5v5,0,0,0,0,0,3,87,-23,delayed-penalty,89.0,0
2025020978,2026-03-05,231,8477497,CBJ,18.11,89.68,wrist,5v4,1,0,0,0,0,3,91,18,hit,28.44,0
2025020978,2026-03-05,232,8478055,FLA,8.54,69.44,snap,4v5,0,1,0,0,0,3,86,-8,shot-on-goal,18.11,0
2025020978,2026-03-05,236,8476432,CBJ,16.55,64.98,wrist,5v5,0,0,0,0,0,3,82,-15,hit,44.78,0
2025020978,2026-03-05,241,8478859,FLA,24.6,26.57,tip-in,5v5,0,0,0,0,-2,3,67,11,blocked-shot,26.08,1
2025020978,2026-03-05,243,8477425,CBJ,57.78,23.46,snap,5v5,0,0,0,0,0,3,36,-23,faceoff,89.0,0
2025020978,2026-03-05,252,8482705,CBJ,29.83,50.44,snap,5v5,0,0,0,0,0,3,70,23,giveaway,18.68,0
2025020978,2026-03-05,253,8477935,FLA,62.24,23.68,wrist,5v5,0,1,0,0,0,3,32,-25,shot-on-goal,29.83,0
2025020978,2026-03-05,254,8481716,CBJ,7.21,33.69,tip-in,5v5,0,1,0,0,0,3,83,-4,missed-shot,62.24,0
2025020978,2026-03-05,260,8478542,FLA,25.96,15.64,tip-in,5v5,0,0,0,0,0,3,64,-7,hit,28.28,0
2025020978,2026-03-05,264,8479314,FLA,10.2,11.31,tip-in,5v4,1,0,0,0,0,3,79,2,faceoff,29.73,0
2025020978,2026-03-05,265,8477933,FLA,8.06,7.13,snap,5v4,1,1,0,0,0,3,81,-1,shot-on-goal,10.2,0
2025020978,2026-03-05,266,8477933,FLA,11.4,15.26,snap,5v4,1,1,0,0,0,3,78,-3,shot-on-goal,8.06,0
2025020978,2026-03-05,268,8477935,FLA,14.14,45.0,wrist,5v4,1,0,0,0,0,3,79,10,blocked-shot,10.77,0
2025020978,2026-03-05,269,8477933,FLA,18.25,9.46,wrist,5v4,1,1,0,0,0,3,71,-3,shot-on-goal,14.14,0
2025020978,2026-03-05,270,8477935,FLA,36.4,37.18,wrist,6v4,1,1,0,0,-1,3,60,22,missed-shot,18.25,1
2025020978,2026-03-05,272,8482713,FLA,53.34,6.46,snap,5v5,0,0,0,0,0,3,36,-6,faceoff,89.0,0
2025020978,2026-03-05,276,8477933,FLA,14.04,4.09,tip-in,5v5,0,0,0,0,0,3,75,1,hit,31.26,0
2025020978,2026-03-05,277,8482705,CBJ,40.36,41.99,snap,5v5,0,1,0,0,0,3,59,27,missed-shot,14.04,0
2025020978,2026-03-05,280,8477935,FLA,34.54,22.11,snap,5v5,0,0,0,0,0,3,57,13,faceoff,29.73,0
2025020978,2026-03-05,281,8479314,FLA,24.02,89.76,snap,5v5,0,1,0,0,0,3,90,24,shot-on-goal,34.54,0
2025020978,2026-03-05,289,8473419,FLA,31.78,24.15,tip-in,6v5,1,0,0,0,0,3,60,-13,takeaway,57.38,0
2025020978,2026-03-05,290,8479314,FLA,74.63,32.41,wrist,6v5,1,1,0,0,0,3,26,40,missed-shot,31.78,0
2025020978,2026-03-05,291,8479671,CBJ,10.82,56.31,wrist,5v6,0,1,0,1,2,3,83,9,missed-shot,74.63,1
2025020978,2026-03-05,296,8477409,FLA,49.82,51.52,snap,5v5,0,0,0,0,0,3,58,39,hit,46.65,0
2025020979,2026-03-05,19,8480246,NSH,45.79,31.61,wrist,5v5,0,0,0,0,0,1,50,-24,hit,25.32,0
2025020979,2026-03-05,24,8476887,NSH,45.61,37.87,wrist,5v5,0,0,0,0,0,1,53,-28,blocked-shot,13.15,0
2025020979,2026-03-05,27,8479591,BOS,30.59,78.69,wrist,5v5,0,0,0,0,0,1,83,30,faceoff,29.73,0
2025020979,2026-03-05,28,8476869,NSH,41.23,22.83,slap,5v5,0,1,0,0,0,1,51,-16,shot-on-goal,30.59,0
2025020979,2026-03-05,32,8482177,BOS,25.08,4.57,snap,5v5,0,0,0,0,0,1,64,-2,faceoff,29.73,0
2025020979,2026-03-05,41,8482742,NSH,40.0,0.0,snap,5v5,0,0,0,0,0,1,49,0,faceoff,29.73,0
2025020979,2026-03-05,46,8478401,BOS,25.0,36.87,wrist,5v5,0,0,0,0,0,1,69,15,hit,83.19,0
2025020979,2026-03-05,47,8478401,BOS,15.26,31.61,tip-in,5v5,0,1,0,0,0,1,76,8,shot-on-goal,25.0,0
2025020979,2026-03-05,48,8479987,BOS,43.97,17.2,wrist,5v5,0,1,0,0,0,1,47,13,missed-shot,15.26,0
2025020979,2026-03-05,49,8479591,BOS,10.0,36.87,tip-in,5v5,0,1,0,0,0,1,81,-6,shot-on-goal,43.97,0
2025020979,2026-03-05,52,8483489,BOS,69.07,34.38,wrist,5v5,0,0,0,0,0,1,32,39,blocked-shot,32.65,0
2025020979,2026-03-05,65,8482715,NSH,53.34,6.46,slap,5v4,1,0,0,0,0,1,36,-6,faceoff,29.73,0
2025020979,2026-03-05,67,8480887,BOS,57.04,2.01,slap,5v5,0,0,0,0,0,1,32,2,hit,57.98,0
2025020979,2026-03-05,68,8479980,NSH,51.26,20.56,slap,5v5,0,1,0,0,1,1,41,18,missed-shot,57.04,1
2025020979,2026-03-05,75,8482511,BOS,16.49,14.04,tip-in,5v5,0,0,0,0,0,1,73,-4,hit,64.14,0
2025020979,2026-03-05,77,8483465,NSH,13.93,21.04,wrist,5v5,0,0,0,0,0,1,76,5,hit,33.24,0
2025020979,2026-03-05,83,8477956,BOS,65.51,31.26,wrist,5v5,0,0,0,0,0,1,33,34,hit,87.66,0
2025020979,2026-03-05,89,8479999,BOS,41.34,32.15,wrist,5v4,1,0,0,0,0,1,54,22,blocked-shot,59.09,0
2025020979,2026-03-05,93,8482146,NSH,35.47,40.43,wrist,5v5,0,0,0,0,0,1,62,23,hit,58.25,0
2025020979,2026-03-05,96,8477507,BOS,47.01,38.09,snap,5v5,0,0,0,0,0,1,52,29,blocked-shot,22.14,0
2025020979,2026-03-05,103,8476854,BOS,10.0,0.0,snap,4v4,0,0,0,0,0,1,79,0,hit,32.65,0
2025020979,2026-03-05,104,8477496,BOS,15.81,18.43,wrist,4v4,0,1,0,0,0,1,74,5,missed-shot,10.0,0
2025020979,2026-03-05,110,8477956,BOS,30.41,27.41,slap,4v3,1,0,0,0,0,2,62,-14,faceoff,89.0,0
2025020979,2026-03-05,114,8484241,NSH,20.62,22.83,wrist,4v5,0,0,0,0,2,2,70,8,giveaway,42.06,1
2025020979,2026-03-05,116,8474600,NSH,63.39,6.34,wrist,4v5,0,0,0,0,0,2,26,-7,faceoff,89.0,0
2025020979,2026-03-05,119,8476854,BOS,33.3,41.35,snap,5v5,0,0,0,0,0,2,64,22,blocked-shot,23.54,0
2025020979,2026-03-05,129,8477956,BOS,17.72,73.61,wrist,6v5,1,0,0,0,0,2,84,-17,hit,27.17,0
2025020979,2026-03-05,133,8479987,BOS,41.23,22.83,slap,5v4,1,0,0,0,-1,2,51,16,faceoff,29.73,1
2025020979,2026-03-05,139,8484241,NSH,42.06,18.0,wrist,5v5,0,0,0,0,0,2,49,13,blocked-shot,17.2,0
2025020979,2026-03-05,142,8483513,NSH,11.66,30.96,wrist,5v5,0,0,0,0,0,2,79,-6,faceoff,29.73,0
2025020979,2026-03-05,150,8476887,NSH,42.43,45.0,wrist,5v5,0,0,0,0,0,2,59,30,hit,28.02,0
2025020979,2026-03-05,152,8476887,NSH,7.62,23.2,tip-in,5v5,0,0,0,0,0,2,82,3,takeaway,51.74,0
2025020979,2026-03-05,160,8475287,NSH,5.0,36.87,deflected,5v5,0,0,0,0,2,2,85,3,takeaway,30.59,1
2025020979,2026-03-05,165,8476539,NSH,8.06,7.13,tip-in,5v4,1,0,0,0,0,2,81,1,faceoff,29.73,0
2025020979,2026-03-05,173,8476887,NSH,39.85,17.53,wrist,5v4,1,0,0,0,3,2,51,-12,giveaway,24.19,1
2025020979,2026-03-05,177,8477956,BOS,51.31,33.07,wrist,5v5,0,0,0,0,0,2,46,-28,hit,53.15,0
2025020979,2026-03-05,184,8476887,NSH,48.33,24.44,slap,5v5,0,0,0,0,0,2,45,20,faceoff,29.73,0
2025020979,2026-03-05,188,8484241,NSH,6.4,38.66,deflected,5v5,0,0,0,0,4,2,84,-4,hit,42.54,1
2025020979,2026-03-05,192,8474564,NSH,48.02,31.37,slap,5v4,1,0,0,0,0,2,48,25,faceoff,89.0,0
2025020979,2026-03-05,193,8476539,NSH,12.04,41.63,wrist,5v4,1,1,0,0,0,2,80,8,missed-shot,48.02,0
2025020979,2026-03-05,194,8476539,NSH,11.4,52.13,wrist,5v4,1,1,0,0,0,2,82,9,shot-on-goal,12.04,0
2025020979,2026-03-05,195,8476539,NSH,5.66,45.0,wrist,5v4,1,1,0,0,0,2,85,4,shot-on-goal,11.4,0
2025020979,2026-03-05,196,8482146,NSH,14.42,56.31,wrist,5v4,1,1,0,0,0,2,81,12,shot-on-goal,5.66,0
2025020979,2026-03-05,197,8476539,NSH,19.1,42.88,slap,5v4,1,1,0,0,0,2,75,-13,shot-on-goal,14.42,0
2025020979,2026-03-05,199,8476887,NSH,17.2,35.54,wrist,5v4,1,0,0,0,0,2,75,-10,giveaway,30.0,0
2025020979,2026-03-05,200,8474564,NSH,5.0,0.0,backhand,5v4,1,1,0,0,0,2,84,0,shot-on-goal,17.2,0
2025020979,2026-03-05,202,8476887,NSH,48.47,21.8,slap,5v5,0,0,0,0,0,2,44,-18,blocked-shot,3.16,0
2025020979,2026-03-05,203,8479591,BOS,36.67,25.87,wrist,5v5,0,1,0,0,0,2,56,-16,shot-on-goal,48.47,0
2025020979,2026-03-05,206,8477956,BOS,40.8,36.03,snap,5v5,0,0,0,0,0,2,56,24,faceoff,29.73,0
2025020979,2026-03-05,210,8479325,BOS,49.0,0.0,wrist,5v5,0,0,0,0,0,2,40,0,faceoff,29.73,0
2025020979,2026-03-05,213,8478042,BOS,33.24,46.22,wrist,5v5,0,0,0,0,0,2,66,24,hit,71.87,0
2025020979,2026-03-05,219,8474600,NSH,57.0,0.0,slap,5v5,0,0,0,0,0,3,32,0,faceoff,29.73,0
2025020979,2026-03-05,222,8474600,NSH,60.21,11.5,slap,5v5,0,0,0,0,0,3,30,12,faceoff,29.73,0
2025020979,2026-03-05,237,8476539,NSH,9.43,32.01,backhand,5v4,1,0,0,0,0,3,81,-5,giveaway,41.05,0
2025020979,2026-03-05,239,8479325,BOS,25.0,36.87,wrist,5v5,0,0,0,0,-3,3,69,15,takeaway,57.01,1
2025020979,2026-03-05,246,8480355,BOS,39.85,17.53,wrist,4v5,0,0,0,0,0,3,51,12,faceoff,29.73,0
2025020979,2026-03-05,248,8477507,BOS,36.12,48.37,wrist,4v5,0,0,0,0,0,3,65,27,giveaway,30.27,0
2025020979,2026-03-05,253,8479325,BOS,4.47,63.43,wrap-around,4v5,0,0,0,0,0,3,87,4,giveaway,84.53,0
2025020979,2026-03-05,254,8479661,BOS,19.24,8.97,wrist,4v5,0,1,0,0,0,3,70,-3,missed-shot,4.47,0
2025020979,2026-03-05,259,8480887,BOS,30.41,43.67,wrist,5v5,0,0,0,0,0,3,67,21,hit,26.48,0
2025020979,2026-03-05,260,8478042,BOS,9.43,32.01,deflected,5v5,0,1,0,0,0,3,81,-5,missed-shot,30.41,0
2025020979,2026-03-05,263,8477956,BOS,49.82,38.48,wrist,5v5,0,0,0,0,0,3,50,31,faceoff,29.73,0
2025020979,2026-03-05,267,8479987,BOS,13.6,53.97,wrist,5v5,0,0,0,0,0,3,81,-11,hit,62.27,0
2025020979,2026-03-05,274,8483489,BOS,18.03,3.18,tip-in,5v4,1,0,0,0,0,3,71,1,blocked-shot,14.87,0
2025020979,2026-03-05,275,8482511,BOS,25.0,36.87,slap,5v4,1,1,0,0,0,3,69,-15,missed-shot,18.03,0
2025020979,2026-03-05,283,8479591,BOS,25.0,89.76,wrist,5v5,0,0,0,0,0,3,96,-24,hit,46.62,0
2025020979,2026-03-05,284,8477507,BOS,49.2,37.57,wrist,5v5,0,1,0,0,0,3,50,30,missed-shot,25.0,0
2025020979,2026-03-05,289,8478401,BOS,19.21,38.66,snap,5v5,0,0,0,0,0,3,74,12,faceoff,29.73,0
2025020979,2026-03-05,290,8478042,BOS,39.56,20.73,slap,5v5,0,1,0,0,-2,3,52,-14,missed-shot,19.21,1
2025020979,2026-03-05,295,8480887,BOS,66.57,32.74,slap,5v5,0,0,0,0,0,3,33,36,giveaway,75.66,0
2025020979,2026-03-05,298,8476887,NSH,34.93,13.24,wrist,5v6,0,0,0,1,0,3,55,8,faceoff,29.73,0
2025020979,2026-03-05,302,8482146,NSH,61.4,16.07,wrist,5v6,0,0,0,1,3,3,30,17,takeaway,78.29,1
2025020979,2026-03-05,309,8482768,NSH,30.0,36.87,snap,5v5,0,0,0,0,0,3,65,18,hit,23.54,0
2025020979,2026-03-05,311,8483489,BOS,39.22,19.36,backhand,5v5,0,0,0,0,0,3,52,-13,takeaway,82.29,0
2025020979,2026-03-05,320,8484241,NSH,31.11,45.0,snap,5v5,0,0,0,0,0,3,67,-22,faceoff,29.73,0
2025020980,2026-03-05,4,8478398,WPG,33.12,61.11,wrist,5v5,0,0,0,0,0,1,73,29,giveaway,32.02,0
2025020980,2026-03-05,8,8476878,TBL,10.0,36.87,tip-in,5v5,0,0,0,0,0,1,81,-6,giveaway,33.84,0
2025020980,2026-03-05,11,8476460,WPG,30.48,48.99,slap,5v5,0,0,0,0,0,1,69,23,hit,46.32,0
2025020980,2026-03-05,17,8478398,WPG,44.42,31.18,slap,5v4,1,0,0,0,0,1,51,-23,faceoff,29.73,0
2025020980,2026-03-05,19,8477404,TBL,7.81,39.81,bat,4v5,0,0,0,0,0,1,83,5,takeaway,44.94,0
2025020980,2026-03-05,22,8476826,TBL,38.91,64.09,backhand,4v5,0,0,0,0,0,1,72,-35,faceoff,29.73,0
2025020980,2026-03-05,25,8477404,TBL,24.19,60.26,slap,5v5,0,0,0,0,0,1,77,21,hit,26.31,0
2025020980,2026-03-05,33,8476878,TBL,35.13,4.9,wrist,5v5,0,0,0,0,0,1,54,3,blocked-shot,5.83,0
2025020980,2026-03-05,39,8478178,TBL,43.86,43.15,wrist,5v5,0,0,0,0,0,1,57,-30,hit,68.51,0
2025020980,2026-03-05,44,8481572,WPG,59.2,37.45,wrist,5v5,0,0,0,0,0,1,42,36,faceoff,29.73,0
2025020980,2026-03-05,47,8476460,WPG,8.0,0.0,snap,5v5,0,0,0,0,0,1,81,0,hit,66.85,0
2025020980,2026-03-05,54,8482149,WPG,28.46,18.43,wrist,5v5,0,0,0,0,0,1,62,9,giveaway,48.08,0
2025020980,2026-03-05,59,8478519,TBL,18.03,33.69,tip-in,5v5,0,0,0,0,0,1,74,10,hit,40.26,0
2025020980,2026-03-05,63,8480113,WPG,10.44,16.7,wrist,5v5,0,0,0,0,0,1,79,-3,blocked-shot,23.32,0
2025020980,2026-03-05,64,8480113,WPG,14.87,19.65,tip-in,5v5,0,1,0,0,0,1,75,5,shot-on-goal,10.44,0
2025020980,2026-03-05,65,8477416,TBL,10.63,41.19,deflected,5v5,0,1,0,0,0,1,81,7,missed-shot,14.87,0
2025020980,2026-03-05,78,8476331,WPG,59.93,25.71,wrist,5v5,0,0,0,0,0,1,35,-26,faceoff,29.73,0
2025020980,2026-03-05,85,8480289,WPG,30.81,76.87,wrist,5v5,0,0,0,0,0,1,82,30,giveaway,37.95,0
2025020980,2026-03-05,92,8475167,TBL,60.44,16.34,slap,5v5,0,0,0,0,0,1,31,-17,hit,59.03,0
2025020980,2026-03-05,93,8479542,TBL,49.4,21.37,slap,5v5,0,1,0,0,0,1,43,18,missed-shot,60.44,0
2025020980,2026-03-05,94,8482652,WPG,18.11,6.34,tip-in,5v5,0,1,0,0,0,1,71,2,missed-shot,49.4,0
2025020980,2026-03-05,98,8477404,TBL,24.21,38.29,slap,5v5,0,0,0,0,0,1,70,15,giveaway,69.63,0
2025020980,2026-03-05,101,8476871,WPG,28.43,50.71,wrist,5v5,0,0,0,0,0,1,71,22,hit,31.02,0
2025020980,2026-03-05,102,8476871,WPG,26.25,40.36,slap,5v5,0,1,0,0,0,1,69,17,missed-shot,28.43,0
2025020980,2026-03-05,113,8478398,WPG,15.0,36.87,tip-in,5v5,0,0,0,0,0,1,77,9,giveaway,24.7,0
2025020980,2026-03-05,118,8476878,TBL,65.25,15.1,tip-in,5v5,0,0,0,0,0,2,26,-17,faceoff,89.0,0
2025020980,2026-03-05,120,8480995,TBL,47.17,57.99,snap,5v5,0,0,0,0,0,2,64,40,hit,41.79,0
2025020980,2026-03-05,128,8477416,TBL,28.28,45.0,snap,5v4,1,0,0,0,0,2,69,20,faceoff,29.73,0
2025020980,2026-03-05,133,8477404,TBL,6.0,0.0,wrist,5v4,1,0,0,0,0,2,83,0,faceoff,29.73,0
2025020980,2026-03-05,134,8477404,TBL,6.4,38.66,wrist,5v4,1,1,0,0,0,2,84,4,shot-on-goal,6.0,0
2025020980,2026-03-05,139,8475167,TBL,43.57,58.13,backhand,5v5,0,0,0,0,0,2,66,37,faceoff,29.73,0
2025020980,2026-03-05,141,8480995,TBL,19.31,68.75,backhand,5v5,0,0,0,0,0,2,82,-18,hit,27.17,0
2025020980,2026-03-05,148,8482655,TBL,69.84,29.13,wrist,5v5,0,0,0,0,0,2,28,34,blocked-shot,17.0,0
2025020980,2026-03-05,151,8481043,WPG,6.32,18.43,wrist,5v5,0,0,0,0,0,2,83,2,takeaway,59.08,0
2025020980,2026-03-05,160,8477938,WPG,63.41,37.95,wrist,5v5,0,0,0,0,0,2,39,39,faceoff,29.73,0
2025020980,2026-03-05,167,8476331,WPG,73.06,30.43,wrist,5v5,0,0,0,0,0,2,26,-37,faceoff,29.73,0
2025020980,2026-03-05,176,8480995,TBL,67.03,1.71,wrist,5v5,0,0,0,0,0,2,22,-2,faceoff,29.73,0
2025020980,2026-03-05,179,8480014,WPG,27.02,38.99,snap,5v5,0,0,0,0,0,2,68,-17,hit,23.77,0
2025020980,2026-03-05,181,8476331,WPG,67.78,21.64,wrist,5v5,0,0,0,0,0,2,26,-25,hit,9.43,0
2025020980,2026-03-05,183,8480049,WPG,45.1,3.81,wrist,5v5,0,0,0,0,0,2,44,3,giveaway,42.15,0
2025020980,2026-03-05,190,8482652,WPG,33.24,6.91,wrist,5v5,0,0,0,0,0,2,56,-4,giveaway,15.0,0
2025020980,2026-03-05,193,8476460,WPG,34.67,33.23,wrist,6v5,1,0,0,0,0,2,60,-19,delayed-penalty,89.0,0
2025020980,2026-03-05,198,8480014,WPG,12.08,65.56,wrist,5v4,1,0,0,0,0,2,84,-11,faceoff,29.73,0
2025020980,2026-03-05,200,8478398,WPG,35.81,35.91,slap,5v4,1,0,0,0,0,2,60,-21,blocked-shot,12.65,0
2025020980,2026-03-05,203,8476460,WPG,14.76,28.3,snap,5v4,1,0,0,0,0,2,76,-7,faceoff,29.73,0
2025020980,2026-03-05,206,8480113,WPG,10.3,60.95,snap,5v4,1,0,0,0,0,2,84,-9,faceoff,29.73,0
2025020980,2026-03-05,207,8480113,WPG,4.47,63.43,bat,5v4,1,1,0,0,0,2,87,-4,shot-on-goal,10.3,0
2025020980,2026-03-05,210,8479542,TBL,8.06,7.13,backhand,5v5,0,0,0,0,0,2,81,1,blocked-shot,15.23,0
2025020980,2026-03-05,213,8481043,WPG,31.06,33.18,wrist,5v5,0,0,0,0,0,2,63,-17,faceoff,29.73,0
2025020980,2026-03-05,214,8480289,WPG,17.8,38.16,wrist,5v5,0,1,0,0,1,2,75,11,shot-on-goal,31.06,1
2025020980,2026-03-05,216,8482655,TBL,36.12,41.63,wrist,5v5,0,0,0,0,0,2,62,24,faceoff,89.0,0
2025020980,2026-03-05,227,8476460,WPG,25.24,56.31,slap,5v5,0,0,0,0,2,2,75,21,hit,61.22,1
2025020980,2026-03-05,233,8476453,TBL,36.8,42.8,slap,5v5,0,0,0,0,0,3,62,-25,faceoff,89.0,0
2025020980,2026-03-05,234,8479542,TBL,51.24,5.6,wrist,5v5,0,1,0,0,0,3,38,5,shot-on-goal,36.8,0
2025020980,2026-03-05,239,8475167,TBL,42.01,51.77,wrist,5v5,0,0,0,0,0,3,63,33,blocked-shot,17.8,0
2025020980,2026-03-05,240,8478416,TBL,6.71,26.57,wrist,5v5,0,1,0,0,0,3,83,3,shot-on-goal,42.01,0
2025020980,2026-03-05,243,8475167,TBL,57.01,15.26,wrist,5v5,0,0,0,0,0,3,34,15,faceoff,29.73,0
2025020980,2026-03-05,247,8478178,TBL,55.33,6.23,slap,5v4,1,0,0,0,0,3,34,-6,faceoff,29.73,0
2025020980,2026-03-05,248,8478010,TBL,10.05,5.71,wrist,5v4,1,1,0,0,-1,3,79,1,missed-shot,55.33,1
2025020980,2026-03-05,251,8476878,TBL,17.2,35.54,tip-in,5v5,0,0,0,0,0,3,75,-10,hit,11.31,0
2025020980,2026-03-05,254,8482655,TBL,47.2,36.38,wrist,5v5,0,0,0,0,0,3,51,28,faceoff,29.73,0
2025020980,2026-03-05,257,8480289,WPG,19.31,21.25,tip-in,5v5,0,0,0,0,0,3,71,-7,giveaway,80.06,0
2025020980,2026-03-05,259,8482652,WPG,38.01,35.36,slap,5v5,0,0,0,0,0,3,58,-22,blocked-shot,12.08,0
2025020980,2026-03-05,261,8480995,TBL,30.15,5.71,tip-in,5v5,0,0,0,0,0,3,59,-3,hit,15.81,0
2025020980,2026-03-05,264,8474679,WPG,24.02,2.39,wrist,5v5,0,0,0,0,2,3,65,1,takeaway,55.01,1
2025020980,2026-03-05,268,8476826,TBL,11.66,30.96,wrist,5v5,0,0,0,0,0,3,79,6,giveaway,61.03,0
2025020980,2026-03-05,271,8476392,WPG,28.65,60.75,wrist,5v5,0,0,0,0,0,3,75,25,hit,70.72,0
2025020980,2026-03-05,275,8483398,TBL,48.7,19.18,wrist,5v5,0,0,0,0,0,3,43,-16,blocked-shot,34.99,0
2025020980,2026-03-05,276,8477149,TBL,44.41,7.77,slap,5v5,0,1,0,0,0,3,45,-6,missed-shot,48.7,0
2025020980,2026-03-05,277,8476871,WPG,42.49,26.57,wrist,5v5,0,1,0,0,0,3,51,19,missed-shot,44.41,0
2025020980,2026-03-05,282,8478010,TBL,14.42,33.69,wrist,5v5,0,0,0,0,0,3,77,8,faceoff,72.42,0
2025020980,2026-03-05,285,8476392,WPG,33.97,42.61,wrist,5v5,0,0,0,0,0,3,64,23,blocked-shot,15.0,0
2025020980,2026-03-05,299,8477416,TBL,24.84,40.1,wrist,5v5,0,0,0,0,0,3,70,-16,faceoff,29.73,0
2025020980,2026-03-05,300,8481572,WPG,31.78,12.72,wrist,5v5,0,1,0,0,0,3,58,7,shot-on-goal,24.84,0
2025020980,2026-03-05,301,8481043,WPG,11.4,52.13,wrist,5v5,0,1,0,0,0,3,82,-9,missed-shot,31.78,0
2025020980,2026-03-05,305,8473604,WPG,33.84,34.16,wrist,5v5,0,0,0,0,0,3,61,19,giveaway,11.66,0
2025020980,2026-03-05,306,8480995,TBL,26.25,49.64,backhand,5v5,0,1,0,0,0,3,72,-20,shot-on-goal,33.84,0
2025020980,2026-03-05,307,8480995,TBL,5.39,68.2,wrist,5v5,0,1,0,0,0,3,87,-5,shot-on-goal,26.25,0
2025020980,2026-03-05,311,8477938,WPG,33.02,35.13,wrist,5v5,0,0,0,0,0,3,62,19,hit,14.21,0
2025020980,2026-03-05,313,8478398,WPG,19.24,8.97,tip-in,5v5,0,0,0,0,0,3,70,-3,giveaway,43.42,0
2025020980,2026-03-05,315,8482149,WPG,48.8,44.17,wrist,5v5,0,0,0,0,0,3,54,-34,hit,19.7,0
2025020980,2026-03-05,317,8476331,WPG,38.01,26.57,slap,5v5,0,0,0,0,0,3,55,-17,hit,35.13,0
2025020980,2026-03-05,319,8477404,TBL,11.05,5.19,tip-in,6v5,1,0,0,0,0,3,78,-1,blocked-shot,34.37,0
2025020980,2026-03-05,320,8478010,TBL,14.76,28.3,wrist,6v5,1,1,0,0,0,3,76,7,shot-on-goal,11.05,0
2025020980,2026-03-05,321,8478519,TBL,5.66,45.0,wrist,6v5,1,1,0,0,0,3,85,4,shot-on-goal,14.76,0
2025020980,2026-03-05,326,8478398,WPG,3.61,33.69,wrist,5v6,0,0,0,1,3,3,86,-2,giveaway,41.01,1
2025020980,2026-03-05,336,8477416,TBL,36.77,45.0,wrist,5v5,0,0,0,0,0,3,63,-26,hit,11.31,0
2025020981,2026-03-05,6,8474150,CGY,13.6,53.97,tip-in,5v5,0,0,0,0,0,1,81,11,blocked-shot,22.67,0
2025020981,2026-03-05,8,8476399,CGY,34.93,23.63,wrist,5v5,0,0,0,0,0,1,57,14,hit,8.06,0
2025020981,2026-03-05,14,8480028,CGY,53.71,28.95,wrist,5v5,0,0,0,0,0,1,42,-26,blocked-shot,50.45,0
2025020981,2026-03-05,30,8476399,CGY,24.76,43.36,wrist,5v5,0,0,0,0,0,1,71,-17,faceoff,29.73,0
2025020981,2026-03-05,31,8482116,OTT,30.48,48.99,wrist,5v5,0,1,0,0,0,1,69,23,missed-shot,24.76,0
2025020981,2026-03-05,39,8482165,CGY,63.95,26.97,slap,5v5,0,0,0,0,0,1,32,29,takeaway,54.67,0
2025020981,2026-03-05,40,8482074,CGY,7.28,74.05,wrist,5v5,0,1,0,0,0,1,87,7,shot-on-goal,63.95,0
2025020981,2026-03-05,41,8482165,CGY,49.24,23.96,wrist,5v5,0,1,0,0,0,1,44,20,missed-shot,7.28,0
2025020981,2026-03-05,43,8480208,OTT,17.03,49.76,backhand,5v5,0,0,0,0,0,1,78,-13,hit,93.62,0
2025020981,2026-03-05,46,8482116,OTT,19.31,21.25,tip-in,5v5,0,0,0,0,0,1,71,7,faceoff,29.73,0
2025020981,2026-03-05,49,8482105,OTT,36.62,55.01,wrist,5v5,0,0,0,0,0,1,68,30,faceoff,29.73,0
2025020981,2026-03-05,50,8473512,OTT,5.66,45.0,wrist,5v5,0,1,0,0,0,1,85,4,shot-on-goal,36.62,0
2025020981,2026-03-05,52,8482245,OTT,64.08,22.96,wrist,5v5,0,0,0,0,0,1,30,-25,blocked-shot,34.67,0
2025020981,2026-03-05,59,8480797,CGY,7.62,23.2,tip-in,5v4,1,0,0,0,0,1,82,3,faceoff,29.73,0
2025020981,2026-03-05,67,8478469,OTT,22.67,41.42,wrist,5v5,0,0,0,0,0,1,72,15,takeaway,93.02,0
2025020981,2026-03-05,75,8481596,OTT,47.3,13.45,wrist,5v5,0,0,0,0,0,1,43,-11,hit,32.06,0
2025020981,2026-03-05,79,8481606,OTT,39.0,22.62,wrist,5v5,0,0,0,0,0,1,53,-15,hit,62.63,0
2025020981,2026-03-05,80,8481596,OTT,14.0,0.0,wrist,5v5,0,1,0,0,0,1,75,0,shot-on-goal,39.0,0
2025020981,2026-03-05,83,8482679,CGY,39.62,42.95,wrist,5v5,0,0,0,0,0,1,60,-27,giveaway,60.42,0
2025020981,2026-03-05,89,8477810,CGY,63.03,1.82,slap,5v5,0,0,0,0,0,1,26,2,takeaway,43.46,0
2025020981,2026-03-05,90,8481028,CGY,24.19,7.13,wrist,5v5,0,1,0,0,1,1,65,3,shot-on-goal,63.03,1
2025020981,2026-03-05,92,8480860,CGY,64.41,27.76,wrist,5v5,0,0,0,0,0,1,32,30,faceoff,89.0,0
2025020981,2026-03-05,96,8484860,CGY,60.13,3.81,snap,5v5,0,0,0,0,0,1,29,4,faceoff,29.73,0
2025020981,2026-03-05,103,8480188,OTT,7.07,8.13,backhand,5v5,0,0,0,0,0,1,82,-1,giveaway,40.85,0
2025020981,2026-03-05,112,8480801,OTT,73.76,12.53,wrist,5v5,0,0,0,0,0,2,17,-16,faceoff,89.0,0
2025020981,2026-03-05,113,8473512,OTT,25.0,36.87,wrist,5v5,0,1,0,0,0,2,69,-15,shot-on-goal,73.76,0
2025020981,2026-03-05,115,8482116,OTT,29.0,0.0,tip-in,5v5,0,0,0,0,0,2,60,0,giveaway,22.14,0
2025020981,2026-03-05,117,8481606,OTT,60.54,30.8,slap,5v5,0,0,0,0,0,2,37,31,giveaway,8.0,0
2025020981,2026-03-05,122,8478020,OTT,5.39,21.8,tip-in,5v5,0,0,0,0,0,2,84,-2,hit,6.0,0
2025020981,2026-03-05,123,8481606,OTT,26.0,0.0,tip-in,5v5,0,1,0,0,0,2,63,0,shot-on-goal,5.39,0
2025020981,2026-03-05,126,8478469,OTT,66.31,23.09,wrist,5v5,0,0,0,0,0,2,28,26,faceoff,29.73,0
2025020981,2026-03-05,129,8476399,CGY,8.6,35.54,tip-in,5v5,0,0,0,0,0,2,82,5,faceoff,29.73,0
2025020981,2026-03-05,132,8482679,CGY,53.6,8.58,slap,5v5,0,0,0,0,0,2,36,-8,faceoff,29.73,0
2025020981,2026-03-05,133,8480208,OTT,28.43,50.71,snap,5v5,0,1,0,0,0,2,71,-22,missed-shot,53.6,0
2025020981,2026-03-05,134,8482092,OTT,37.01,38.42,tip-in,5v5,0,1,0,0,0,2,60,23,missed-shot,28.43,0
2025020981,2026-03-05,136,8481606,OTT,31.95,20.14,backhand,5v5,0,0,0,0,0,2,59,-11,hit,51.09,0
2025020981,2026-03-05,137,8481606,OTT,24.7,31.76,wrist,5v5,0,1,0,0,0,2,68,-13,missed-shot,31.95,0
2025020981,2026-03-05,139,8482116,OTT,5.83,59.04,backhand,5v5,0,0,0,0,0,2,86,-5,blocked-shot,35.36,0
2025020981,2026-03-05,141,8482105,OTT,29.83,13.57,snap,5v5,0,0,0,0,0,2,60,7,blocked-shot,14.04,0
2025020981,2026-03-05,142,8481068,CGY,50.8,36.19,wrist,5v5,0,1,0,0,0,2,48,-30,missed-shot,29.83,0
2025020981,2026-03-05,145,8482679,CGY,26.63,34.29,wrist,5v5,0,0,0,0,0,2,67,-15,blocked-shot,46.65,0
2025020981,2026-03-05,149,8480188,OTT,50.0,36.87,wrist,5v5,0,0,0,0,0,2,49,30,hit,34.13,0
2025020981,2026-03-05,151,8474189,OTT,38.01,1.51,snap,5v5,0,0,0,0,0,2,51,1,giveaway,41.0,1
2025020981,2026-03-05,155,8482116,OTT,37.48,46.08,wrist,5v5,0,0,0,0,0,2,63,27,hit,49.68,0
2025020981,2026-03-05,157,8482116,OTT,9.85,23.96,backhand,5v5,0,0,0,0,0,2,80,4,hit,33.02,0
2025020981,2026-03-05,167,8481596,OTT,10.0,53.13,wrist,5v4,1,0,0,0,0,2,83,-8,blocked-shot,12.0,0
2025020981,2026-03-05,168,8480188,OTT,37.22,30.7,wrist,5v5,0,1,0,0,0,2,57,-19,missed-shot,10.0,0
2025020981,2026-03-05,172,8480188,OTT,25.06,61.39,wrist,5v5,0,0,0,0,0,2,77,-22,takeaway,27.02,0
2025020981,2026-03-05,173,8481167,CGY,90.14,19.44,wrist,5v5,0,1,0,0,0,2,4,-30,missed-shot,25.06,0
2025020981,2026-03-05,174,8482105,OTT,87.48,10.54,backhand,5v5,0,1,0,0,0,2,3,-16,shot-on-goal,90.14,0
2025020981,2026-03-05,175,8481606,OTT,66.71,23.88,snap,5v5,0,1,0,0,0,2,28,-27,shot-on-goal,87.48,0
2025020981,2026-03-05,180,8482679,CGY,36.01,1.59,wrist,5v5,0,0,0,0,0,2,53,1,giveaway,38.83,0
2025020981,2026-03-05,183,8479066,CGY,24.7,58.24,wrist,5v5,0,0,0,0,0,2,76,-21,blocked-shot,54.08,0
2025020981,2026-03-05,184,8484768,CGY,42.19,31.43,slap,5v5,0,1,0,0,0,2,53,22,missed-shot,24.7,0
2025020981,2026-03-05,187,8482116,OTT,6.0,89.05,backhand,4v5,0,0,0,0,0,2,89,-6,faceoff,29.73,0
2025020981,2026-03-05,193,8483609,CGY,31.24,39.81,wrist,5v5,0,0,0,0,0,2,65,20,giveaway,13.0,0
2025020981,2026-03-05,196,8474150,CGY,47.42,47.56,slap,5v5,0,0,0,0,0,2,57,35,hit,80.53,0
2025020981,2026-03-05,199,8476399,CGY,19.21,38.66,tip-in,5v5,0,0,0,0,0,2,74,-12,faceoff,29.73,0
2025020981,2026-03-05,212,8480801,OTT,40.0,0.0,snap,6v5,1,0,0,0,0,3,49,0,delayed-penalty,89.0,0
2025020981,2026-03-05,215,8481528,OTT,41.77,11.04,wrist,5v4,1,0,0,0,0,3,48,-8,faceoff,29.73,0
2025020981,2026-03-05,217,8480208,OTT,28.3,57.99,snap,5v4,1,0,0,0,0,3,74,24,giveaway,43.66,0
2025020981,2026-03-05,219,8476399,CGY,32.02,38.66,wrist,5v5,0,0,0,0,0,3,64,20,giveaway,30.07,0
2025020981,2026-03-05,222,8480188,OTT,36.36,58.5,wrist,5v5,0,0,0,0,0,3,70,31,hit,64.64,0
2025020981,2026-03-05,228,8475324,OTT,65.86,30.07,wrist,5v5,0,0,0,0,0,3,32,-33,hit,42.95,0
2025020981,2026-03-05,234,8481528,OTT,25.08,4.57,wrist,5v4,1,0,0,0,1,3,64,2,giveaway,18.03,1
2025020981,2026-03-05,236,8478020,OTT,26.4,24.62,tip-in,5v5,0,0,0,0,0,3,65,11,faceoff,89.0,0
2025020981,2026-03-05,237,8481596,OTT,5.39,68.2,wrist,5v5,0,1,0,0,0,3,87,-5,shot-on-goal,26.4,0
2025020981,2026-03-05,238,8481596,OTT,6.0,89.05,wrist,5v5,0,1,0,0,0,3,89,-6,shot-on-goal,5.39,0
2025020981,2026-03-05,241,8480208,OTT,42.05,2.73,wrist,5v5,0,0,0,0,0,3,47,2,faceoff,29.73,0
2025020981,2026-03-05,246,8482105,OTT,31.05,14.93,wrist,5v4,1,0,0,0,0,3,59,-8,faceoff,29.73,0
2025020981,2026-03-05,247,8482105,OTT,45.88,20.41,slap,5v4,1,1,0,0,0,3,46,16,shot-on-goal,31.05,0
2025020981,2026-03-05,248,8481528,OTT,23.09,4.97,wrist,5v4,1,1,0,0,0,3,66,-2,shot-on-goal,45.88,0
2025020981,2026-03-05,249,8480801,OTT,37.64,39.61,slap,5v4,1,1,0,0,0,3,60,-24,missed-shot,23.09,0
2025020981,2026-03-05,250,8478469,OTT,53.46,7.52,wrist,5v4,1,1,0,0,0,3,36,-7,shot-on-goal,37.64,0
2025020981,2026-03-05,252,8481596,OTT,8.06,7.13,wrist,5v5,0,0,0,0,0,3,81,1,blocked-shot,4.12,0
2025020981,2026-03-05,253,8482092,OTT,3.61,33.69,poke,5v5,0,1,0,0,0,3,86,-2,shot-on-goal,8.06,0
2025020981,2026-03-05,276,8481068,CGY,10.63,48.81,snap,5v5,0,0,0,0,0,3,82,-8,blocked-shot,19.1,0
2025020981,2026-03-05,278,8478020,OTT,48.41,38.29,snap,5v5,0,0,0,0,0,3,51,-30,hit,49.68,0
2025020981,2026-03-05,283,8475172,CGY,46.75,48.47,wrist,5v5,0,0,0,0,0,3,58,-35,giveaway,38.28,0
2025020981,2026-03-05,291,8482116,OTT,93.52,24.65,wrist,4v5,0,0,0,0,0,3,4,39,faceoff,29.73,0
2025020981,2026-03-05,292,8482116,OTT,85.0,28.07,wrist,4v6,0,1,0,1,2,3,14,40,shot-on-goal,93.52,1
2025020981,2026-03-05,294,8482679,CGY,49.77,22.44,wrist,5v4,1,0,0,0,0,3,43,19,faceoff,89.0,0
2025020981,2026-03-05,297,8478469,OTT,17.09,89.64,wrist,4v5,0,0,0,0,0,3,95,-16,faceoff,29.73,0
2025020981,2026-03-05,298,8480028,CGY,36.67,25.87,wrist,5v5,0,1,0,0,0,3,56,16,shot-on-goal,17.09,0
2025020981,2026-03-05,301,8484860,CGY,45.97,44.12,snap,6v5,1,0,0,0,0,3,56,-32,blocked-shot,27.02,0
2025020981,2026-03-05,302,8480727,CGY,63.91,20.14,wrist,6v5,1,1,0,0,0,3,29,-22,missed-shot,45.97,0
2025020981,2026-03-05,305,8481596,OTT,59.46,42.27,wrist,5v6,0,0,0,1,3,3,45,40,faceoff,29.73,1
2025020982,2026-03-05,2,8477960,LAK,7.28,74.05,tip-in,5v5,0,0,0,0,0,1,87,7,faceoff,89.0,0
2025020982,2026-03-05,3,8477960,LAK,40.45,8.53,slap,5v5,0,1,0,0,0,1,49,-6,missed-shot,7.28,0
2025020982,2026-03-05,4,8476292,NYI,14.32,24.78,tip-in,5v5,0,1,0,0,0,1,76,-6,missed-shot,40.45,0
2025020982,2026-03-05,5,8482155,LAK,47.51,49.27,wrist,5v5,0,1,0,0,0,1,58,-36,shot-on-goal,14.32,0
2025020982,2026-03-05,9,8470621,LAK,8.94,26.57,tip-in,5v5,0,0,0,0,0,1,81,-4,hit,49.04,0
2025020982,2026-03-05,10,8483675,LAK,41.11,18.43,snap,5v5,0,1,0,0,0,1,50,13,shot-on-goal,8.94,0
2025020982,2026-03-05,20,8477950,NYI,90.25,15.42,wrist,5v5,0,0,0,0,0,1,2,24,hit,81.41,0
2025020982,2026-03-05,23,8471685,LAK,11.66,30.96,poke,5v5,0,0,0,0,0,1,79,6,blocked-shot,15.3,0
2025020982,2026-03-05,24,8471685,LAK,8.49,45.0,snap,5v5,0,1,0,0,0,1,83,6,shot-on-goal,11.66,0
2025020982,2026-03-05,25,8479998,LAK,55.66,17.78,slap,5v5,0,1,0,0,0,1,36,-17,missed-shot,8.49,0
2025020982,2026-03-05,27,8478550,LAK,18.03,33.69,wrist,5v5,0,0,0,0,1,1,74,10,blocked-shot,54.04,1
2025020982,2026-03-05,29,8482155,LAK,37.95,71.57,wrist,5v5,0,0,0,0,0,1,77,-36,faceoff,89.0,0
2025020982,2026-03-05,30,8479675,LAK,16.12,29.74,wrist,5v5,0,1,0,0,0,1,75,-8,shot-on-goal,37.95,0
2025020982,2026-03-05,34,8477960,LAK,37.64,50.39,slap,5v4,1,0,0,0,0,1,65,-29,faceoff,29.73,0
2025020982,2026-03-05,35,8482155,LAK,21.21,8.13,tip-in,5v4,1,1,0,0,0,1,68,3,missed-shot,37.64,0
2025020982,2026-03-05,38,8479675,LAK,13.6,72.9,wrist,5v4,1,0,0,0,0,1,85,13,faceoff,29.73,0
2025020982,2026-03-05,39,8482155,LAK,18.79,25.2,tip-in,5v4,1,1,0,0,0,1,72,8,shot-on-goal,13.6,0
2025020982,2026-03-05,42,8482155,LAK,42.43,45.0,wrist,5v4,1,0,0,0,0,1,59,30,faceoff,29.73,0
2025020982,2026-03-05,47,8481532,LAK,48.26,34.02,backhand,5v5,0,0,0,0,0,1,49,-27,takeaway,97.17,0
2025020982,2026-03-05,51,8475208,LAK,64.08,22.96,slap,5v5,0,0,0,0,0,1,30,25,hit,67.68,0
2025020982,2026-03-05,56,8483756,LAK,79.08,9.46,tip-in,5v5,0,0,0,0,0,1,11,13,hit,7.07,0
2025020982,2026-03-05,59,8477506,NYI,65.0,36.87,wrist,5v5,0,0,0,0,0,1,37,-39,giveaway,10.3,0
2025020982,2026-03-05,60,8477506,NYI,51.24,5.6,wrist,5v5,0,1,0,0,0,1,38,-5,missed-shot,65.0,0
2025020982,2026-03-05,65,8482726,LAK,42.44,34.44,snap,5v5,0,0,0,0,0,1,54,24,hit,21.54,0
2025020982,2026-03-05,67,8483406,LAK,61.66,8.39,wrist,5v5,0,0,0,0,0,1,28,-9,hit,43.08,0
2025020982,2026-03-05,68,8483406,LAK,43.05,30.74,wrist,5v5,0,1,0,0,0,1,52,-22,missed-shot,61.66,0
2025020982,2026-03-05,72,8476441,LAK,71.02,32.35,wrist,5v5,0,0,0,0,0,1,29,38,hit,38.64,0
2025020982,2026-03-05,75,8478550,LAK,38.33,74.88,wrist,5v5,0,0,0,0,0,1,79,-37,faceoff,29.73,0
2025020982,2026-03-05,79,8470621,LAK,9.06,6.34,tip-in,5v5,0,0,0,0,0,1,80,1,blocked-shot,46.23,0
2025020982,2026-03-05,81,8483756,LAK,11.4,15.26,tip-in,5v5,0,0,0,0,0,1,78,3,hit,31.14,0
2025020982,2026-03-05,82,8483675,LAK,13.04,4.4,wrist,5v5,0,1,0,0,0,1,76,-1,shot-on-goal,11.4,0
2025020982,2026-03-05,85,8479675,LAK,12.81,38.66,backhand,5v5,0,0,0,0,0,1,79,-8,blocked-shot,31.32,0
2025020982,2026-03-05,93,8470621,LAK,8.94,26.57,tip-in,5v5,0,0,0,0,0,1,81,-4,blocked-shot,46.65,0
2025020982,2026-03-05,99,8482476,NYI,18.36,60.64,wrist,5v5,0,0,0,0,0,1,80,-16,blocked-shot,59.06,0
2025020982,2026-03-05,107,8470621,LAK,8.6,35.54,deflected,5v5,0,0,0,0,0,1,82,5,hit,36.67,0
2025020982,2026-03-05,110,8477506,NYI,54.59,28.44,wrist,5v5,0,0,0,0,0,1,41,-26,blocked-shot,13.0,0
2025020982,2026-03-05,120,8477960,LAK,12.65,18.43,wrist,5v5,0,0,0,0,0,2,77,-4,blocked-shot,34.21,0
2025020982,2026-03-05,122,8478445,NYI,14.32,24.78,wrist,5v5,0,0,0,0,0,2,76,-6,blocked-shot,10.0,0
2025020982,2026-03-05,125,8479675,LAK,40.8,36.03,snap,4v5,0,0,0,0,0,2,56,-24,faceoff,29.73,0
2025020982,2026-03-05,126,8481601,NYI,10.3,29.05,tip-in,5v4,1,1,0,0,0,2,80,5,shot-on-goal,40.8,0
2025020982,2026-03-05,129,8482155,LAK,8.54,89.28,wrist,4v5,0,0,0,0,0,2,92,-8,blocked-shot,26.93,0
2025020982,2026-03-05,130,8475314,NYI,17.26,79.99,wrist,5v4,1,1,0,0,0,2,86,-17,missed-shot,8.54,0
2025020982,2026-03-05,133,8476429,NYI,58.24,15.95,wrist,5v4,1,0,0,0,0,2,33,-16,faceoff,29.73,0
2025020982,2026-03-05,136,8481237,NYI,28.65,29.25,wrist,5v5,0,0,0,0,0,2,64,-14,faceoff,29.73,0
2025020982,2026-03-05,137,8475231,NYI,22.02,50.53,wrist,5v5,0,1,0,0,0,2,75,-17,missed-shot,28.65,0
2025020982,2026-03-05,140,8475231,NYI,10.2,78.69,wrist,5v5,0,0,0,0,0,2,87,-10,faceoff,29.73,0
2025020982,2026-03-05,147,8478445,NYI,26.25,49.64,snap,5v5,0,0,0,0,0,2,72,-20,takeaway,81.39,0
2025020982,2026-03-05,148,8476917,NYI,46.1,24.34,slap,5v5,0,1,0,0,0,2,47,-19,missed-shot,26.25,0
2025020982,2026-03-05,149,8477500,NYI,25.3,18.43,snap,5v5,0,1,0,0,0,2,65,8,shot-on-goal,46.1,0
2025020982,2026-03-05,152,8481601,NYI,34.54,22.11,snap,5v5,0,0,0,0,0,2,57,13,faceoff,29.73,0
2025020982,2026-03-05,155,8479675,LAK,9.49,71.57,backhand,5v5,0,0,0,0,0,2,86,-9,faceoff,29.73,0
2025020982,2026-03-05,159,8477369,NYI,63.06,14.7,wrist,5v5,0,0,0,0,0,2,28,16,hit,24.04,0
2025020982,2026-03-05,163,8482730,LAK,61.85,39.09,wrist,5v5,0,0,0,0,0,2,41,-39,blocked-shot,48.27,0
2025020982,2026-03-05,169,8485366,NYI,28.65,29.25,snap,5v5,0,0,0,0,0,2,64,14,faceoff,29.73,0
2025020982,2026-03-05,170,8477500,NYI,30.0,53.13,slap,5v5,0,1,0,0,0,2,71,-24,shot-on-goal,28.65,0
2025020982,2026-03-05,171,8478445,NYI,64.35,32.95,wrist,5v5,0,1,0,0,0,2,35,-35,missed-shot,30.0,0
2025020982,2026-03-05,172,8477500,NYI,11.66,30.96,backhand,5v5,0,1,0,0,0,2,79,-6,shot-on-goal,64.35,0
2025020982,2026-03-05,174,8482408,LAK,33.97,47.39,slap,5v5,0,0,0,0,0,2,66,25,blocked-shot,52.39,0
2025020982,2026-03-05,178,8477960,LAK,18.03,19.44,wrist,4v5,0,0,0,0,0,2,72,6,giveaway,57.31,0
2025020982,2026-03-05,179,8477950,NYI,45.61,15.26,wrist,5v4,1,1,0,0,0,2,45,-12,shot-on-goal,18.03,0
2025020982,2026-03-05,182,8475231,NYI,12.08,24.44,tip-in,5v5,0,0,0,0,0,2,78,5,blocked-shot,51.0,0
2025020982,2026-03-05,184,8482730,LAK,30.02,60.02,wrist,5v5,0,0,0,0,0,2,74,-26,blocked-shot,10.0,0
2025020982,2026-03-05,186,8474563,LAK,68.26,31.83,wrist,5v5,0,0,0,0,0,2,31,-36,hit,61.22,0
2025020982,2026-03-05,192,8476419,NYI,20.0,53.13,backhand,5v5,0,0,0,0,0,2,77,16,faceoff,29.73,0
2025020982,2026-03-05,193,8475314,NYI,7.62,89.18,wrist,5v5,0,1,0,0,0,2,92,7,shot-on-goal,20.0,0
2025020982,2026-03-05,196,8481601,NYI,32.28,16.19,snap,5v5,0,0,0,0,0,2,58,9,giveaway,78.0,0
2025020982,2026-03-05,199,8476292,NYI,41.23,22.83,wrist,5v5,0,0,0,0,0,2,51,16,faceoff,29.73,0
2025020982,2026-03-05,200,8478445,NYI,8.06,7.13,backhand,5v5,0,1,0,0,0,2,81,-1,shot-on-goal,41.23,0
2025020982,2026-03-05,203,8477950,NYI,61.07,39.69,wrist,5v5,0,0,0,0,0,2,42,-39,faceoff,29.73,0
2025020982,2026-03-05,213,8482726,LAK,20.62,39.09,wrist,5v5,0,0,0,0,2,2,73,13,hit,16.12,1
2025020982,2026-03-05,215,8475314,NYI,28.43,39.29,tip-in,5v5,0,0,0,0,0,2,67,18,faceoff,89.0,0
2025020982,2026-03-05,216,8475314,NYI,5.39,68.2,wrap-around,5v5,0,1,0,0,0,2,87,-5,missed-shot,28.43,0
2025020982,2026-03-05,218,8475314,NYI,20.62,67.17,wrist,5v5,0,0,0,0,0,2,81,-19,blocked-shot,5.83,0
2025020982,2026-03-05,222,8479998,LAK,50.61,29.6,slap,5v5,0,0,0,0,3,2,45,25,blocked-shot,10.63,1
2025020982,2026-03-05,224,8482476,NYI,51.04,34.62,slap,5v5,0,0,0,0,0,2,47,29,faceoff,89.0,0
2025020982,2026-03-05,230,8477950,NYI,17.03,40.24,wrist,5v5,0,0,0,0,0,2,76,11,faceoff,29.73,0
2025020982,2026-03-05,233,8479675,LAK,35.51,32.35,snap,4v5,0,0,0,0,0,2,59,-19,faceoff,29.73,0
2025020982,2026-03-05,239,8476917,NYI,55.23,5.19,wrist,5v5,0,0,0,0,0,2,34,5,blocked-shot,11.05,0
2025020982,2026-03-05,242,8477500,NYI,37.48,9.21,wrist,5v5,0,0,0,0,-2,2,52,6,faceoff,29.73,1
2025020982,2026-03-05,248,8478445,NYI,25.71,76.5,wrist,5v5,0,0,0,0,0,3,83,-25,takeaway,31.38,0
2025020982,2026-03-05,251,8477960,LAK,25.18,6.84,wrist,5v4,1,0,0,0,0,3,64,3,faceoff,29.73,0
2025020982,2026-03-05,253,8482155,LAK,34.21,37.87,snap,5v4,1,0,0,0,3,3,62,-21,blocked-shot,24.19,1
2025020982,2026-03-05,259,8482730,LAK,40.16,18.89,wrist,5v4,1,0,0,0,0,3,51,13,faceoff,72.42,0
2025020982,2026-03-05,260,8475231,NYI,11.4,37.87,backhand,4v5,0,1,0,0,0,3,80,-7,shot-on-goal,40.16,0
2025020982,2026-03-05,262,8476917,NYI,23.71,27.65,snap,4v5,0,0,0,0,-2,3,68,11,blocked-shot,28.02,1
2025020982,2026-03-05,269,8485366,NYI,20.25,57.09,wrist,5v5,0,0,0,0,0,3,78,-17,giveaway,37.59,0
2025020982,2026-03-05,271,8483406,LAK,32.76,31.26,wrist,5v5,0,0,0,0,0,3,61,-17,hit,58.26,0
2025020982,2026-03-05,272,8475208,LAK,34.83,50.83,wrist,5v5,0,1,0,0,0,3,67,27,shot-on-goal,32.76,0
2025020982,2026-03-05,273,8483406,LAK,10.63,48.81,backhand,5v5,0,1,0,0,0,3,82,8,shot-on-goal,34.83,0
2025020982,2026-03-05,274,8482726,LAK,10.05,89.43,wrist,5v5,0,1,0,0,0,3,90,10,shot-on-goal,10.63,0
2025020982,2026-03-05,279,8477960,LAK,4.24,45.0,tip-in,5v5,0,0,0,0,3,3,86,3,hit,63.25,1
2025020982,2026-03-05,285,8479675,LAK,21.54,68.2,backhand,5v5,0,0,0,0,0,3,81,-20,blocked-shot,17.46,0
2025020982,2026-03-05,287,8477500,NYI,8.25,14.04,tip-in,5v5,0,0,0,0,0,3,81,-2,hit,74.09,0
2025020982,2026-03-05,288,8477500,NYI,14.32,24.78,tip-in,5v5,0,1,0,0,0,3,76,6,shot-on-goal,8.25,0
2025020982,2026-03-05,294,8481601,NYI,35.36,8.13,wrist,5v5,0,0,0,0,0,3,54,-5,faceoff,29.73,0
2025020982,2026-03-05,296,8482476,NYI,27.29,8.43,wrist,5v5,0,0,0,0,0,3,62,4,hit,11.4,0
2025020982,2026-03-05,299,8479675,LAK,79.76,30.1,wrist,5v6,0,0,0,1,0,3,20,-40,faceoff,72.42,0
2025020982,2026-03-05,302,8478445,NYI,54.38,32.23,slap,6v5,1,0,0,0,0,3,43,29,faceoff,29.73,0
2025020982,2026-03-05,306,8475314,NYI,10.0,0.0,wrist,6v5,1,0,0,0,0,3,79,0,blocked-shot,22.36,0
2025020982,2026-03-05,307,8477500,NYI,38.0,0.0,wrist,6v5,1,1,0,0,0,3,51,0,missed-shot,10.0,0
2025020982,2026-03-05,309,8477494,NYI,16.12,7.13,backhand,6v5,1,0,0,0,0,3,73,-2,blocked-shot,13.04,0
2025020982,2026-03-05,312,8485366,NYI,44.1,3.9,slap,6v5,1,0,0,0,0,3,45,3,hit,55.87,0
2025020982,2026-03-05,315,8478550,LAK,86.33,18.23,backhand,5v6,0,0,0,1,0,3,7,-27,faceoff,29.73,0
2025020982,2026-03-05,318,8475314,NYI,12.04,48.37,wrist,6v5,1,0,0,0,0,3,81,9,faceoff,29.73,0
2025020982,2026-03-05,323,8474563,LAK,17.2,54.46,wrist,5v6,0,0,0,1,0,3,79,14,giveaway,45.12,0
2025020982,2026-03-05,326,8482476,NYI,42.01,38.23,snap,6v5,1,0,0,0,0,3,56,-26,faceoff,29.73,0
2025020982,2026-03-05,330,8479675,LAK,65.97,14.04,wrist,5v6,0,0,0,1,0,3,25,16,giveaway,39.32,0
2025020982,2026-03-05,331,8475314,NYI,43.27,33.69,wrist,6v5,1,1,0,0,0,3,53,24,missed-shot,65.97,0
2025020982,2026-03-05,332,8482476,NYI,7.62,23.2,tip-in,6v5,1,1,0,0,-2,3,82,3,shot-on-goal,43.27,1
2025020982,2026-03-05,336,8477960,LAK,53.71,24.18,snap,5v6,0,0,0,1,0,3,40,22,takeaway,92.85,0
2025020982,2026-03-05,340,8478550,LAK,47.0,0.0,wrist,5v6,0,0,0,1,0,3,42,0,giveaway,27.8,0
2025020982,2026-03-05,344,8475314,NYI,9.06,89.36,backhand,6v5,1,0,0,0,0,3,90,9,blocked-shot,42.44,0
2025020970,2026-03-04,5,8481542,DET,52.89,15.35,snap,5v5,0,0,0,0,0,1,38,-14,giveaway,63.16,0
2025020970,2026-03-04,6,8475191,VGK,19.24,62.1,snap,5v5,0,1,0,0,1,1,80,17,shot-on-goal,52.89,1
2025020970,2026-03-04,8,8481133,VGK,15.26,31.61,tip-in,5v5,0,0,0,0,0,1,76,-8,faceoff,89.0,0
2025020970,2026-03-04,12,8484471,DET,47.43,34.7,snap,5v5,0,0,0,0,0,1,50,27,hit,25.32,0
2025020970,2026-03-04,14,8481607,DET,48.76,28.14,wrist,5v5,0,0,0,0,0,1,46,23,hit,25.32,0
2025020970,2026-03-04,23,8475279,DET,62.13,3.69,slap,5v5,0,0,0,0,0,1,27,4,faceoff,29.73,0
2025020970,2026-03-04,25,8484223,DET,49.66,25.02,snap,5v5,0,0,0,0,0,1,44,-21,takeaway,43.86,0
2025020970,2026-03-04,29,8482762,DET,61.29,33.69,slap,5v5,0,0,0,0,0,1,38,34,blocked-shot,40.5,0
2025020970,2026-03-04,30,8484471,DET,37.34,20.38,snap,5v5,0,1,0,0,0,1,54,-13,shot-on-goal,61.29,1
2025020970,2026-03-04,34,8474037,DET,9.85,23.96,tip-in,5v5,0,0,0,0,0,1,80,4,hit,69.63,0
2025020970,2026-03-04,39,8483890,VGK,15.0,36.87,tip-in,5v5,0,0,0,0,0,1,77,9,faceoff,29.73,0
2025020970,2026-03-04,40,8477946,DET,15.52,14.93,wrist,5v5,0,1,0,0,0,1,74,4,missed-shot,15.0,0
2025020970,2026-03-04,41,8484223,DET,26.17,43.45,snap,5v5,0,1,0,0,0,1,70,-18,shot-on-goal,15.52,0
2025020970,2026-03-04,42,8475191,VGK,18.03,3.18,backhand,5v5,0,1,0,0,0,1,71,1,missed-shot,26.17,0
2025020970,2026-03-04,47,8483464,DET,15.65,26.57,tip-in,5v5,0,0,0,0,0,1,75,-7,hit,18.38,0
2025020970,2026-03-04,48,8482062,VGK,6.4,38.66,wrist,5v5,0,1,0,0,0,1,84,-4,missed-shot,15.65,0
2025020970,2026-03-04,49,8477447,VGK,56.57,8.13,slap,5v5,0,1,0,0,0,1,33,-8,shot-on-goal,6.4,0
2025020970,2026-03-04,54,8477964,VGK,13.89,30.26,snap,5v5,0,0,0,0,0,1,77,7,blocked-shot,9.0,0
2025020970,2026-03-04,57,8478396,VGK,60.0,0.0,slap,5v5,0,0,0,0,0,1,29,0,hit,67.2,0
2025020970,2026-03-04,63,8484471,DET,14.56,15.95,snap,5v5,0,0,0,0,0,1,75,-4,giveaway,22.36,0
2025020970,2026-03-04,71,8482762,DET,24.74,14.04,snap,5v5,0,0,0,0,1,1,65,6,blocked-shot,29.15,1
2025020970,2026-03-04,76,8479337,DET,39.29,14.74,snap,5v5,0,0,0,0,2,1,51,10,giveaway,87.6,1
2025020970,2026-03-04,79,8481133,VGK,28.64,65.22,backhand,5v5,0,0,0,0,0,1,77,26,blocked-shot,23.35,0
2025020970,2026-03-04,82,8478396,VGK,62.03,20.77,slap,5v5,0,0,0,0,0,1,31,-22,faceoff,29.73,0
2025020970,2026-03-04,83,8476438,VGK,46.49,18.82,wrist,5v5,0,1,0,0,0,1,45,-15,missed-shot,62.03,0
2025020970,2026-03-04,86,8477447,VGK,59.23,11.69,snap,5v5,0,0,0,0,0,1,31,12,faceoff,29.73,0
2025020970,2026-03-04,87,8478403,VGK,11.18,10.3,wrist,5v5,0,1,0,0,0,1,78,2,shot-on-goal,59.23,0
2025020970,2026-03-04,102,8481527,VGK,41.4,52.85,snap,5v5,0,0,0,0,0,2,64,-33,hit,95.75,0
2025020970,2026-03-04,116,8478403,VGK,37.12,4.64,snap,5v4,1,0,0,0,0,2,52,-3,faceoff,72.42,0
2025020970,2026-03-04,119,8476881,VGK,10.05,5.71,tip-in,5v5,0,0,0,0,0,2,79,-1,blocked-shot,21.21,0
2025020970,2026-03-04,120,8477946,DET,38.21,42.88,snap,5v5,0,1,0,0,0,2,61,26,shot-on-goal,10.05,0
2025020970,2026-03-04,121,8474141,DET,13.89,59.74,snap,5v5,0,1,0,0,0,2,82,12,shot-on-goal,38.21,0
2025020970,2026-03-04,124,8483464,DET,26.93,74.93,snap,5v5,0,0,0,0,0,2,82,26,giveaway,38.95,0
2025020970,2026-03-04,129,8477946,DET,22.36,63.43,snap,5v5,0,0,0,0,0,2,79,20,hit,84.15,0
2025020970,2026-03-04,134,8477946,DET,40.25,26.57,slap,5v4,1,0,0,0,0,2,53,18,giveaway,9.0,0
2025020970,2026-03-04,135,8484223,DET,41.01,45.0,slap,5v4,1,1,0,0,0,2,60,29,missed-shot,40.25,0
2025020970,2026-03-04,139,8477946,DET,7.28,74.05,snap,5v5,0,0,0,0,0,2,87,-7,takeaway,53.91,0
2025020970,2026-03-04,141,8478468,VGK,60.3,5.71,slap,5v5,0,0,0,0,0,2,29,-6,hit,20.88,0
2025020970,2026-03-04,142,8483890,VGK,17.0,0.0,slap,5v5,0,1,0,0,0,2,72,0,missed-shot,60.3,0
2025020970,2026-03-04,145,8477964,VGK,14.87,42.27,wrist,5v5,0,0,0,0,0,2,78,10,faceoff,29.73,0
2025020970,2026-03-04,148,8482078,DET,10.0,0.0,backhand,5v5,0,0,0,0,0,2,79,0,hit,67.6,0
2025020970,2026-03-04,152,8477429,DET,50.21,44.19,wrist,5v4,1,0,0,0,0,2,53,35,faceoff,29.73,0
2025020970,2026-03-04,155,8475188,VGK,16.4,52.43,wrist,4v5,0,0,0,0,0,2,79,-13,faceoff,29.73,0
2025020970,2026-03-04,156,8474141,DET,41.05,34.08,snap,5v4,1,1,0,0,0,2,55,-23,shot-on-goal,16.4,0
2025020970,2026-03-04,157,8474141,DET,20.52,46.97,wrist,5v4,1,1,0,0,0,2,75,-15,missed-shot,41.05,0
2025020970,2026-03-04,161,8481607,DET,49.09,3.5,snap,5v4,1,0,0,0,0,2,40,-3,giveaway,11.66,0
2025020970,2026-03-04,165,8478403,VGK,16.16,21.8,snap,5v5,0,0,0,0,0,2,74,-6,faceoff,29.73,0
2025020970,2026-03-04,168,8477946,DET,26.48,89.78,wrist,5v5,0,0,0,0,0,2,94,-26,faceoff,29.73,0
2025020970,2026-03-04,169,8478403,VGK,50.99,48.18,wrist,5v5,0,1,0,0,0,2,55,-38,shot-on-goal,26.48,0
2025020970,2026-03-04,173,8478483,VGK,6.4,51.34,wrist,5v5,0,0,0,0,0,2,85,-5,giveaway,55.32,0
2025020970,2026-03-04,176,8478483,VGK,45.01,1.27,slap,5v5,0,0,0,0,0,2,44,-1,blocked-shot,12.53,0
2025020970,2026-03-04,180,8482762,DET,33.14,84.81,wrist,5v5,0,0,0,0,0,2,86,-33,hit,17.2,0
2025020970,2026-03-04,187,8483890,VGK,54.01,1.06,snap,5v5,0,0,0,0,0,3,35,-1,blocked-shot,28.3,0
2025020970,2026-03-04,195,8476925,VGK,7.28,89.18,wrist,5v5,0,0,0,0,0,3,91,7,hit,81.02,0
2025020970,2026-03-04,196,8476925,VGK,7.0,89.18,wrist,5v5,0,1,0,0,0,3,89,7,shot-on-goal,7.28,0
2025020970,2026-03-04,201,8483890,VGK,15.03,3.81,tip-in,5v5,0,0,0,0,0,3,74,1,blocked-shot,33.97,0
2025020970,2026-03-04,204,8481604,VGK,47.85,26.03,wrist,5v5,0,0,0,0,0,3,46,21,takeaway,21.93,0
2025020970,2026-03-04,211,8478403,VGK,9.85,23.96,wrist,5v5,0,0,0,0,0,3,80,4,blocked-shot,8.0,0
2025020970,2026-03-04,217,8474141,DET,17.2,89.59,wrist,5v5,0,0,0,0,0,3,99,-14,giveaway,23.41,0
2025020970,2026-03-04,222,8477447,VGK,40.31,23.39,snap,5v5,0,0,0,0,0,3,52,16,blocked-shot,14.0,0
2025020970,2026-03-04,227,8478891,DET,14.21,50.71,wrist,5v5,0,0,0,0,0,3,80,11,hit,58.26,0
2025020970,2026-03-04,233,8477964,VGK,7.81,50.19,wrist,5v5,0,0,0,0,-1,3,84,-6,hit,9.9,1
2025020970,2026-03-04,235,8478468,VGK,54.04,38.99,slap,5v5,0,0,0,0,0,3,47,34,faceoff,89.0,0
2025020970,2026-03-04,236,8478397,VGK,60.9,29.51,slap,5v5,0,1,0,0,0,3,36,-30,missed-shot,54.04,0
2025020970,2026-03-04,237,8476925,VGK,28.16,16.5,wrist,5v5,0,1,0,0,0,3,62,-8,shot-on-goal,60.9,0
2025020970,2026-03-04,244,8478483,VGK,18.68,15.52,deflected,5v5,0,0,0,0,0,3,71,5,takeaway,59.46,0
2025020970,2026-03-04,245,8478483,VGK,9.06,6.34,wrist,5v5,0,1,0,0,0,3,80,1,missed-shot,18.68,1
2025020970,2026-03-04,256,8482078,DET,27.59,46.47,slap,5v4,1,0,0,0,0,3,70,20,blocked-shot,18.6,0
2025020970,2026-03-04,257,8479337,DET,7.81,39.81,wrist,5v4,1,1,0,0,0,3,83,5,shot-on-goal,27.59,0
2025020970,2026-03-04,260,8481542,DET,45.71,10.08,snap,5v4,1,0,0,0,0,3,44,8,faceoff,72.42,0
2025020970,2026-03-04,261,8479337,DET,22.83,28.81,wrist,5v4,1,1,0,0,0,3,69,-11,shot-on-goal,45.71,0
2025020970,2026-03-04,262,8477429,DET,7.28,15.95,wrist,5v4,1,1,0,0,0,3,82,-2,shot-on-goal,22.83,0
2025020970,2026-03-04,263,8477429,DET,7.0,0.0,wrist,5v4,1,1,0,0,0,3,82,0,shot-on-goal,7.28,0
2025020970,2026-03-04,265,8479337,DET,10.2,78.69,bat,5v4,1,0,0,0,0,3,87,10,blocked-shot,6.32,0
2025020970,2026-03-04,269,8478891,DET,7.28,15.95,backhand,5v5,0,0,0,0,0,3,82,-2,faceoff,29.73,0
2025020970,2026-03-04,278,8481604,VGK,13.6,36.03,backhand,3v3,0,0,0,0,0,4,78,-8,blocked-shot,33.29,0
2025020970,2026-03-04,279,8481542,DET,27.73,25.64,snap,3v3,0,1,0,0,0,4,64,-12,shot-on-goal,13.6,0
2025020970,2026-03-04,280,8478403,VGK,29.43,9.78,snap,3v3,0,1,0,0,0,4,60,5,shot-on-goal,27.73,0
2025020970,2026-03-04,281,8483890,VGK,8.25,14.04,backhand,3v3,0,1,0,0,0,4,81,-2,missed-shot,29.43,0
2025020970,2026-03-04,284,8476881,VGK,11.66,30.96,wrist,4v3,1,0,0,0,1,4,79,-6,faceoff,29.73,1
2025020971,2026-03-04,2,8479318,TOR,28.18,27.47,wrist,5v5,0,0,0,0,0,1,64,13,faceoff,89.0,0
2025020971,2026-03-04,5,8480192,NJD,51.92,15.64,wrist,5v5,0,0,0,0,0,1,39,-14,takeaway,55.33,0
2025020971,2026-03-04,6,8482684,NJD,46.87,33.69,wrist,5v5,0,1,0,0,0,1,50,-26,shot-on-goal,51.92,0
2025020971,2026-03-04,7,8482684,NJD,39.82,38.88,wrist,5v5,0,1,0,0,0,1,58,25,shot-on-goal,46.87,0
2025020971,2026-03-04,10,8478462,TOR,40.72,65.32,wrist,5v5,0,0,0,0,0,1,72,-37,faceoff,29.73,0
2025020971,2026-03-04,12,8481122,TOR,65.8,36.35,wrist,5v5,0,0,0,0,0,1,36,39,giveaway,7.21,0
2025020971,2026-03-04,15,8481711,TOR,36.36,31.5,wrist,5v5,0,0,0,0,0,1,58,19,faceoff,29.73,0
2025020971,2026-03-04,26,8476853,TOR,62.68,33.94,wrist,5v5,0,0,0,0,0,1,37,35,hit,92.7,0
2025020971,2026-03-04,27,8478414,NJD,41.62,35.22,snap,5v5,0,1,0,0,0,1,55,-24,missed-shot,62.68,0
2025020971,2026-03-04,28,8477939,TOR,36.24,39.4,wrist,5v5,0,1,0,0,0,1,61,-23,shot-on-goal,41.62,0
2025020971,2026-03-04,31,8479442,TOR,59.91,14.5,slap,5v5,0,0,0,0,0,1,31,-15,faceoff,29.73,0
2025020971,2026-03-04,39,8476462,NJD,59.03,10.74,slap,5v5,0,0,0,0,0,1,31,11,blocked-shot,8.06,0
2025020971,2026-03-04,41,8481711,TOR,27.17,6.34,wrist,5v5,0,0,0,0,1,1,62,3,hit,43.83,1
2025020971,2026-03-04,47,8482110,NJD,10.0,36.87,deflected,5v5,0,0,0,0,0,1,81,6,giveaway,11.66,0
2025020971,2026-03-04,53,8478414,NJD,24.76,43.36,snap,5v5,0,0,0,0,0,1,71,17,hit,18.79,1
2025020971,2026-03-04,60,8479407,NJD,7.62,23.2,backhand,5v5,0,0,0,0,0,1,82,3,hit,37.34,0
2025020971,2026-03-04,61,8479407,NJD,17.26,79.99,wrist,5v5,0,1,0,0,0,1,86,17,shot-on-goal,7.62,0
2025020971,2026-03-04,62,8484958,NJD,8.54,69.44,tip-in,5v5,0,1,0,0,0,1,86,8,shot-on-goal,17.26,0
2025020971,2026-03-04,63,8475714,TOR,12.08,24.44,tip-in,5v5,0,1,0,0,0,1,78,5,shot-on-goal,8.54,0
2025020971,2026-03-04,67,8478414,NJD,24.7,58.24,snap,5v5,0,0,0,0,0,1,76,-21,faceoff,29.73,0
2025020971,2026-03-04,70,8478414,NJD,10.2,11.31,wrist,5v5,0,0,0,0,0,1,79,2,giveaway,43.01,0
2025020971,2026-03-04,71,8480002,NJD,29.41,72.18,wrist,5v5,0,1,0,0,0,1,80,-28,shot-on-goal,10.2,0
2025020971,2026-03-04,72,8479442,TOR,63.57,19.29,slap,5v5,0,1,0,0,0,1,29,-21,missed-shot,29.41,0
2025020971,2026-03-04,73,8481582,TOR,14.32,12.09,wrist,5v5,0,1,0,0,0,1,75,-3,shot-on-goal,63.57,0
2025020971,2026-03-04,74,8475455,NJD,56.01,1.02,slap,5v5,0,1,0,0,0,1,33,-1,missed-shot,14.32,0
2025020971,2026-03-04,77,8482110,NJD,15.23,23.2,wrist,5v5,0,0,0,0,0,1,75,-6,faceoff,29.73,0
2025020971,2026-03-04,78,8478414,NJD,13.0,22.62,tip-in,5v5,0,1,0,0,0,1,77,-5,missed-shot,15.23,0
2025020971,2026-03-04,81,8481559,NJD,27.86,21.04,snap,5v5,0,0,0,0,0,1,63,10,hit,91.71,0
2025020971,2026-03-04,84,8479318,TOR,14.32,24.78,backhand,5v5,0,0,0,0,0,1,76,-6,giveaway,57.8,0
2025020971,2026-03-04,87,8479318,TOR,30.41,27.41,slap,5v4,1,0,0,0,0,1,62,-14,faceoff,29.73,0
2025020971,2026-03-04,88,8475166,TOR,11.18,63.43,wrist,5v4,1,1,0,0,0,1,84,-10,shot-on-goal,30.41,0
2025020971,2026-03-04,91,8478904,TOR,26.93,21.8,wrist,5v5,0,0,0,0,0,1,64,10,blocked-shot,36.06,0
2025020971,2026-03-04,94,8478443,TOR,20.52,43.03,backhand,5v5,0,0,0,0,0,1,74,14,faceoff,29.73,0
2025020971,2026-03-04,101,8479442,TOR,57.43,35.07,wrist,5v5,0,0,0,0,0,2,42,-33,faceoff,29.73,0
2025020971,2026-03-04,104,8479318,TOR,48.01,1.19,wrist,5v5,0,0,0,0,0,2,41,-1,faceoff,29.73,0
2025020971,2026-03-04,108,8475166,TOR,11.4,37.87,wrist,5v4,1,0,0,0,0,2,80,7,faceoff,29.73,0
2025020971,2026-03-04,110,8482720,TOR,26.42,60.52,snap,5v4,1,0,0,0,0,2,76,23,hit,59.68,0
2025020971,2026-03-04,111,8476462,NJD,13.04,89.56,wrist,4v5,0,1,0,0,0,2,90,13,missed-shot,26.42,0
2025020971,2026-03-04,117,8477939,TOR,13.0,0.0,deflected,5v4,1,0,0,0,1,2,76,0,faceoff,29.73,1
2025020971,2026-03-04,122,8479996,NJD,22.47,20.85,wrist,4v5,0,0,0,0,0,2,68,-8,faceoff,29.73,0
2025020971,2026-03-04,123,8482720,TOR,30.48,48.99,slap,5v4,1,1,0,0,0,2,69,-23,shot-on-goal,22.47,0
2025020971,2026-03-04,126,8480002,NJD,36.8,42.8,snap,4v5,0,0,0,0,0,2,62,25,faceoff,29.73,0
2025020971,2026-03-04,130,8480002,NJD,10.44,16.7,wrist,4v5,0,0,0,0,0,2,79,-3,blocked-shot,21.93,0
2025020971,2026-03-04,131,8481711,TOR,8.25,14.04,tip-in,5v5,0,1,0,0,0,2,81,-2,shot-on-goal,10.44,0
2025020971,2026-03-04,132,8481721,NJD,35.06,3.27,wrist,5v5,0,1,0,0,0,2,54,2,shot-on-goal,8.25,1
2025020971,2026-03-04,137,8478414,NJD,12.04,41.63,tip-in,5v5,0,0,0,0,0,2,80,-8,takeaway,78.77,0
2025020971,2026-03-04,139,8484958,NJD,61.27,26.15,wrist,5v5,0,0,0,0,0,2,34,-27,giveaway,9.43,0
2025020971,2026-03-04,140,8476462,NJD,70.33,29.85,wrist,5v5,0,1,0,0,0,2,28,-35,shot-on-goal,61.27,0
2025020971,2026-03-04,141,8479318,TOR,40.82,30.96,wrist,5v5,0,1,0,0,0,2,54,21,missed-shot,70.33,0
2025020971,2026-03-04,142,8481032,NJD,17.2,54.46,backhand,5v5,0,1,0,0,0,2,79,-14,shot-on-goal,40.82,0
2025020971,2026-03-04,147,8477015,NJD,7.21,33.69,tip-in,5v4,1,0,0,0,0,2,83,4,hit,36.67,0
2025020971,2026-03-04,148,8477015,NJD,7.07,8.13,backhand,5v4,1,1,0,0,0,2,82,-1,shot-on-goal,7.21,0
2025020971,2026-03-04,152,8481559,NJD,26.17,43.45,snap,5v4,1,0,0,0,0,2,70,-18,blocked-shot,18.38,0
2025020971,2026-03-04,155,8482684,NJD,28.84,33.69,wrist,5v4,1,0,0,0,0,2,65,16,faceoff,29.73,0
2025020971,2026-03-04,163,8480002,NJD,17.03,3.37,wrist,5v4,1,0,0,0,0,2,72,-1,faceoff,29.73,0
2025020971,2026-03-04,164,8480002,NJD,9.85,23.96,backhand,5v4,1,1,0,0,0,2,80,-4,shot-on-goal,17.03,0
2025020971,2026-03-04,170,8482110,NJD,9.49,71.57,tip-in,5v4,1,0,0,0,0,2,86,9,faceoff,29.73,0
2025020971,2026-03-04,172,8479407,NJD,29.53,28.3,wrist,5v4,1,0,0,0,0,2,63,-14,giveaway,7.62,0
2025020971,2026-03-04,177,8482110,NJD,31.4,37.23,wrist,5v5,0,0,0,0,0,2,64,-19,faceoff,29.73,0
2025020971,2026-03-04,180,8479026,TOR,58.8,41.55,wrist,5v5,0,0,0,0,0,2,45,39,giveaway,51.09,0
2025020971,2026-03-04,181,8475166,TOR,14.42,33.69,wrist,5v5,0,1,0,0,0,2,77,8,shot-on-goal,58.8,0
2025020971,2026-03-04,182,8479442,TOR,47.17,57.99,wrist,5v5,0,1,0,0,0,2,64,-40,missed-shot,14.42,0
2025020971,2026-03-04,183,8476853,TOR,47.42,24.94,wrist,5v5,0,1,0,0,0,2,46,-20,missed-shot,47.17,0
2025020971,2026-03-04,187,8484177,NJD,7.07,45.0,wrist,5v5,0,0,0,0,0,2,84,5,giveaway,27.2,0
2025020971,2026-03-04,190,8480002,NJD,5.1,11.31,tip-in,5v4,1,0,0,0,0,2,84,1,faceoff,29.73,0
2025020971,2026-03-04,191,8477015,NJD,5.66,45.0,backhand,5v4,1,1,0,0,0,2,85,4,shot-on-goal,5.1,0
2025020971,2026-03-04,198,8479318,TOR,39.7,40.91,wrist,5v5,0,0,0,0,0,3,59,26,blocked-shot,22.56,0
2025020971,2026-03-04,200,8478399,NJD,44.82,38.66,wrist,5v5,0,0,0,0,0,3,54,28,takeaway,88.28,0
2025020971,2026-03-04,207,8477015,NJD,28.43,39.29,wrist,5v5,0,0,0,0,0,3,67,18,hit,17.0,0
2025020971,2026-03-04,210,8479407,NJD,87.82,7.85,wrist,5v5,0,0,0,0,0,3,2,-12,takeaway,43.66,0
2025020971,2026-03-04,216,8482684,NJD,70.46,34.59,wrist,5v5,0,0,0,0,0,3,31,40,giveaway,16.49,0
2025020971,2026-03-04,218,8476462,NJD,59.67,39.56,wrist,5v5,0,0,0,0,0,3,43,-38,hit,85.0,0
2025020971,2026-03-04,223,8477015,NJD,46.39,7.43,wrist,5v5,0,0,0,0,0,3,43,-6,giveaway,36.67,0
2025020971,2026-03-04,228,8484177,NJD,32.31,21.8,wrist,5v5,0,0,0,0,0,3,59,12,giveaway,12.65,0
2025020971,2026-03-04,231,8478399,NJD,63.89,39.92,wrist,5v5,0,0,0,0,0,3,40,41,faceoff,29.73,0
2025020971,2026-03-04,232,8476462,NJD,53.26,50.33,wrist,5v5,0,1,0,0,0,3,55,-41,missed-shot,63.89,0
2025020971,2026-03-04,235,8478399,NJD,7.21,56.31,poke,5v5,0,0,0,0,0,3,85,-6,faceoff,29.73,0
2025020971,2026-03-04,238,8482684,NJD,71.69,30.14,snap,5v5,0,0,0,0,0,3,27,36,faceoff,29.73,0
2025020971,2026-03-04,240,8483495,NJD,58.08,2.96,slap,5v5,0,0,0,0,0,3,31,-3,blocked-shot,25.46,0
2025020971,2026-03-04,241,8482684,NJD,21.93,46.85,wrist,5v5,0,1,0,0,0,3,74,16,missed-shot,58.08,0
2025020971,2026-03-04,243,8482110,NJD,7.07,81.87,deflected,5v5,0,0,0,0,0,3,88,7,takeaway,27.46,0
2025020971,2026-03-04,244,8478414,NJD,24.08,85.24,wrist,5v5,0,1,0,0,0,3,87,24,shot-on-goal,7.07,0
2025020971,2026-03-04,245,8482110,NJD,7.81,39.81,wrap-around,5v5,0,1,0,0,0,3,83,5,missed-shot,24.08,0
2025020971,2026-03-04,247,8478414,NJD,10.3,60.95,wrist,5v5,0,0,0,0,0,3,84,9,blocked-shot,26.68,0
2025020971,2026-03-04,248,8481122,TOR,13.04,57.53,wrist,5v5,0,1,0,0,0,3,82,11,shot-on-goal,10.3,0
2025020971,2026-03-04,252,8479996,NJD,27.59,43.53,snap,5v5,0,0,0,0,0,3,69,-19,giveaway,8.25,0
2025020971,2026-03-04,254,8481559,NJD,18.44,49.4,snap,5v5,0,0,0,0,0,3,77,-14,hit,11.4,0
2025020971,2026-03-04,255,8475166,TOR,25.46,45.0,wrist,5v5,0,1,0,0,0,3,71,18,shot-on-goal,18.44,0
2025020971,2026-03-04,256,8482720,TOR,7.21,33.69,bat,5v5,0,1,0,0,1,3,83,-4,shot-on-goal,25.46,1
2025020971,2026-03-04,258,8481582,TOR,34.99,30.96,backhand,5v5,0,0,0,0,0,3,59,18,faceoff,89.0,0
2025020971,2026-03-04,260,8478399,NJD,54.71,18.1,wrist,5v5,0,0,0,0,0,3,37,-17,blocked-shot,33.3,0
2025020971,2026-03-04,263,8481559,NJD,18.03,56.31,wrist,5v5,0,0,0,0,0,3,79,-15,giveaway,58.52,0
2025020971,2026-03-04,266,8479996,NJD,10.0,0.0,deflected,5v5,0,0,0,0,0,3,79,0,faceoff,29.73,0
2025020971,2026-03-04,267,8479996,NJD,10.0,0.0,wrist,5v5,0,1,0,0,0,3,79,0,shot-on-goal,10.0,0
2025020971,2026-03-04,270,8478057,TOR,18.68,74.48,wrist,5v5,0,0,0,0,0,3,84,-18,hit,54.71,0
2025020971,2026-03-04,271,8482684,NJD,65.8,36.35,wrist,5v5,0,1,0,0,0,3,36,39,shot-on-goal,18.68,0
2025020971,2026-03-04,272,8477015,NJD,10.3,29.05,wrist,5v5,0,1,0,0,0,3,80,-5,missed-shot,65.8,1
2025020971,2026-03-04,276,8481582,TOR,7.07,8.13,backhand,5v5,0,0,0,0,0,3,82,-1,takeaway,67.01,0
2025020971,2026-03-04,279,8478057,TOR,8.06,82.87,wrist,5v5,0,0,0,0,0,3,88,8,faceoff,29.73,0
2025020971,2026-03-04,282,8481711,TOR,26.02,87.8,wrist,5v5,0,0,0,0,0,3,88,26,faceoff,29.73,0
2025020971,2026-03-04,283,8481721,NJD,70.06,2.45,wrist,5v5,0,1,0,0,0,3,19,3,missed-shot,26.02,0
2025020971,2026-03-04,289,8479318,TOR,8.49,45.0,backhand,3v3,0,0,0,0,0,4,83,-6,faceoff,89.0,0
2025020971,2026-03-04,291,8479318,TOR,7.62,66.8,wrist,3v3,0,0,0,0,0,4,86,-7,takeaway,53.49,0
2025020971,2026-03-04,292,8481559,NJD,29.53,28.3,wrist,3v3,0,1,0,0,0,4,63,14,missed-shot,7.62,0
2025020971,2026-03-04,293,8475166,TOR,17.2,35.54,backhand,3v3,0,1,0,0,0,4,75,-10,shot-on-goal,29.53,0
2025020971,2026-03-04,297,8478414,NJD,19.8,45.0,backhand,3v3,0,0,0,0,0,4,75,-14,giveaway,47.17,0
2025020971,2026-03-04,299,8481032,NJD,33.11,25.02,snap,3v3,0,0,0,0,0,4,59,-14,takeaway,76.92,0
2025020971,2026-03-04,301,8476462,NJD,29.12,15.95,wrist,3v3,0,0,0,0,0,4,61,-8,giveaway,17.46,0
2025020971,2026-03-04,306,8481032,NJD,7.62,23.2,backhand,1v0,1,0,0,0,0,5,82,-3,period-start,89.0,1
2025020971,2026-03-04,307,8477939,TOR,22.2,7.77,wrist,1v0,1,1,0,0,0,5,67,-3,goal,7.62,0
2025020971,2026-03-04,308,8479407,NJD,9.43,32.01,backhand,1v0,1,1,0,0,0,5,81,-5,shot-on-goal,22.2,1
2025020971,2026-03-04,309,8479318,TOR,20.62,14.04,wrist,1v0,1,1,0,0,0,5,69,-5,goal,9.43,0
2025020972,2026-03-04,2,8476921,CAR,6.32,18.43,tip-in,5v5,0,0,0,0,0,1,83,2,faceoff,89.0,0
2025020972,2026-03-04,6,8476906,CAR,39.6,45.0,slap,5v4,1,0,0,0,0,1,61,-28,faceoff,29.73,0
2025020972,2026-03-04,7,8482093,CAR,73.06,30.43,wrist,5v4,1,1,0,0,0,1,26,-37,shot-on-goal,39.6,0
2025020972,2026-03-04,10,8476906,CAR,58.01,0.99,slap,5v4,1,0,0,0,0,1,31,1,faceoff,29.73,0
2025020972,2026-03-04,13,8480830,CAR,13.89,30.26,snap,5v4,1,0,0,0,1,1,77,7,faceoff,29.73,1
2025020972,2026-03-04,21,8477969,VAN,48.6,53.37,wrist,5v5,0,0,0,0,0,1,60,-39,giveaway,74.06,0
2025020972,2026-03-04,23,8478427,CAR,8.54,20.56,backhand,5v5,0,0,0,0,0,1,81,3,blocked-shot,17.2,0
2025020972,2026-03-04,27,8475791,CAR,45.79,31.61,snap,5v5,0,0,0,0,0,1,50,-24,faceoff,29.73,0
2025020972,2026-03-04,30,8475791,CAR,17.0,0.0,tip-in,5v5,0,0,0,0,0,1,72,0,faceoff,29.73,0
2025020972,2026-03-04,31,8482809,CAR,29.43,80.22,backhand,5v5,0,1,0,0,0,1,84,29,shot-on-goal,17.0,0
2025020972,2026-03-04,33,8480817,CAR,63.25,18.43,wrist,5v5,0,0,0,0,0,1,29,20,blocked-shot,8.06,0
2025020972,2026-03-04,38,8480762,CAR,11.7,19.98,deflected,5v5,0,0,0,0,0,1,78,4,faceoff,29.73,0
2025020972,2026-03-04,40,8482100,CAR,60.93,23.2,wrist,5v5,0,0,0,0,0,1,33,-24,hit,25.32,0
2025020972,2026-03-04,48,8478427,CAR,27.02,51.01,slap,5v5,0,0,0,0,0,1,72,-21,hit,32.02,0
2025020972,2026-03-04,52,8482809,CAR,6.32,71.57,backhand,5v5,0,0,0,0,0,1,87,6,blocked-shot,45.01,0
2025020972,2026-03-04,53,8476958,CAR,59.44,12.63,snap,5v5,0,1,0,0,0,1,31,13,missed-shot,6.32,0
2025020972,2026-03-04,55,8480830,CAR,20.25,20.22,snap,5v5,0,0,0,0,0,1,70,-7,hit,94.02,0
2025020972,2026-03-04,73,8473533,CAR,5.39,88.85,backhand,5v5,0,0,0,0,0,1,91,-5,faceoff,29.73,0
2025020972,2026-03-04,77,8484798,VAN,55.54,13.54,wrist,5v5,0,0,0,0,0,1,35,13,faceoff,29.73,0
2025020972,2026-03-04,81,8480762,CAR,26.63,55.71,wrist,5v5,0,0,0,0,0,1,74,22,blocked-shot,21.63,0
2025020972,2026-03-04,82,8476958,CAR,78.89,30.47,wrist,5v5,0,1,0,0,0,1,21,40,missed-shot,26.63,0
2025020972,2026-03-04,85,8483678,VAN,61.0,0.0,snap,5v5,0,0,0,0,0,1,28,0,takeaway,97.17,0
2025020972,2026-03-04,90,8484798,VAN,48.83,55.01,wrist,5v5,0,0,0,0,0,1,61,40,faceoff,29.73,0
2025020972,2026-03-04,94,8482079,VAN,9.43,57.99,wrist,5v4,1,0,0,0,0,1,84,-8,faceoff,29.73,1
2025020972,2026-03-04,96,8482055,VAN,23.43,50.19,wrist,5v5,0,0,0,0,0,1,74,18,faceoff,89.0,0
2025020972,2026-03-04,97,8479425,VAN,36.89,32.83,slap,5v5,0,1,0,0,1,1,58,-20,shot-on-goal,23.43,1
2025020972,2026-03-04,99,8483678,VAN,68.24,34.85,snap,5v5,0,0,0,0,0,1,33,39,faceoff,89.0,0
2025020972,2026-03-04,101,8477478,CAR,16.64,32.74,tip-in,5v5,0,0,0,0,0,1,75,-9,hit,55.15,0
2025020972,2026-03-04,109,8476958,CAR,57.71,27.9,slap,5v5,0,0,0,0,0,1,38,-27,faceoff,29.73,0
2025020972,2026-03-04,114,8477940,CAR,31.4,52.77,snap,5v5,0,0,0,0,0,2,70,25,hit,24.52,0
2025020972,2026-03-04,120,8480336,CAR,30.89,29.05,snap,5v5,0,0,0,0,0,2,62,15,blocked-shot,16.49,1
2025020972,2026-03-04,124,8476927,VAN,66.71,12.99,wrist,5v5,0,0,0,0,0,2,24,-15,giveaway,51.86,0
2025020972,2026-03-04,126,8477969,VAN,27.2,72.9,wrist,5v5,0,0,0,0,0,2,81,26,hit,40.85,0
2025020972,2026-03-04,128,8482055,VAN,13.93,68.96,wrist,5v5,0,0,0,0,0,2,84,-13,hit,42.05,0
2025020972,2026-03-04,131,8480762,CAR,39.6,45.0,snap,5v5,0,0,0,0,0,2,61,28,takeaway,61.01,0
2025020972,2026-03-04,134,8477940,CAR,21.26,48.81,snap,5v5,0,0,0,0,1,2,75,16,faceoff,29.73,1
2025020972,2026-03-04,138,8482093,CAR,26.87,45.0,snap,5v5,0,0,0,0,0,2,70,19,giveaway,48.37,0
2025020972,2026-03-04,139,8482093,CAR,13.15,8.75,tip-in,5v5,0,1,0,0,0,2,76,-2,missed-shot,26.87,0
2025020972,2026-03-04,140,8482079,VAN,12.81,38.66,wrist,5v5,0,1,0,0,0,2,79,8,shot-on-goal,13.15,0
2025020972,2026-03-04,144,8482055,VAN,12.04,41.63,snap,5v4,1,0,0,0,0,2,80,8,blocked-shot,13.0,0
2025020972,2026-03-04,145,8476921,CAR,22.56,77.2,backhand,4v5,0,1,0,0,0,2,84,-22,shot-on-goal,12.04,0
2025020972,2026-03-04,148,8480012,VAN,43.42,14.68,wrist,5v4,1,0,0,0,0,2,47,11,giveaway,55.15,0
2025020972,2026-03-04,162,8482702,CAR,19.7,23.96,snap,5v4,1,0,0,0,0,2,71,-8,giveaway,33.06,0
2025020972,2026-03-04,163,8475791,CAR,7.28,15.95,tip-in,5v4,1,1,0,0,0,2,82,-2,shot-on-goal,19.7,0
2025020972,2026-03-04,165,8482809,CAR,21.93,46.85,snap,5v4,1,0,0,0,0,2,74,-16,blocked-shot,19.1,0
2025020972,2026-03-04,169,8478427,CAR,18.79,25.2,backhand,5v5,0,0,0,0,2,2,72,-8,hit,43.83,1
2025020972,2026-03-04,173,8477940,CAR,34.71,48.5,slap,5v5,0,0,0,0,3,2,66,26,giveaway,89.27,1
2025020972,2026-03-04,177,8476921,CAR,41.77,11.04,snap,5v5,0,0,0,0,0,2,48,8,faceoff,29.73,0
2025020972,2026-03-04,178,8482809,CAR,31.78,24.15,snap,5v5,0,1,0,0,0,2,60,-13,missed-shot,41.77,0
2025020972,2026-03-04,181,8478970,CAR,58.41,38.05,slap,5v5,0,0,0,0,0,2,43,-36,faceoff,29.73,0
2025020972,2026-03-04,199,8477969,VAN,33.54,26.57,wrist,5v5,0,0,0,0,0,2,59,-15,faceoff,29.73,0
2025020972,2026-03-04,207,8478444,VAN,4.24,45.0,wrist,5v3,1,0,0,0,-2,2,86,3,faceoff,29.73,1
2025020972,2026-03-04,212,8476921,CAR,19.1,83.99,wrist,4v5,0,0,0,0,0,2,87,19,faceoff,29.73,0
2025020972,2026-03-04,213,8478444,VAN,29.21,38.05,wrist,5v4,1,1,0,0,0,2,66,-18,shot-on-goal,19.1,0
2025020972,2026-03-04,220,8478856,VAN,8.6,54.46,wrist,5v5,0,0,0,0,0,3,84,-7,giveaway,51.31,0
2025020972,2026-03-04,221,8482055,VAN,10.0,89.43,wrist,5v5,0,1,0,0,0,3,89,-10,missed-shot,8.6,0
2025020972,2026-03-04,223,8482702,CAR,34.99,30.96,snap,5v5,0,0,0,0,0,3,59,-18,giveaway,56.82,0
2025020972,2026-03-04,226,8482702,CAR,23.77,22.25,wrist,5v5,0,0,0,0,0,3,67,-9,faceoff,29.73,0
2025020972,2026-03-04,230,8482702,CAR,30.68,19.03,snap,5v5,0,0,0,0,0,3,60,-10,blocked-shot,20.4,0
2025020972,2026-03-04,231,8476921,CAR,33.06,89.83,backhand,5v5,0,1,0,0,0,3,91,-33,shot-on-goal,30.68,0
2025020972,2026-03-04,234,8473533,CAR,22.63,45.0,wrist,5v5,0,0,0,0,0,3,73,-16,faceoff,29.73,0
2025020972,2026-03-04,239,8477478,CAR,44.65,55.95,wrist,5v5,0,0,0,0,0,3,64,37,faceoff,29.73,0
2025020972,2026-03-04,242,8477478,CAR,25.61,51.34,backhand,5v5,0,0,0,0,0,3,73,20,faceoff,29.73,0
2025020972,2026-03-04,246,8483678,VAN,55.36,16.8,snap,5v5,0,0,0,0,0,3,36,16,faceoff,29.73,0
2025020972,2026-03-04,247,8481024,VAN,10.0,53.13,tip-in,5v5,0,1,0,0,0,3,83,8,shot-on-goal,55.36,0
2025020972,2026-03-04,252,8481535,VAN,24.7,21.37,snap,5v5,0,0,0,0,-1,3,66,-9,blocked-shot,35.38,1
2025020972,2026-03-04,256,8479425,VAN,43.86,24.23,slap,5v5,0,0,0,0,0,3,49,18,hit,38.83,0
2025020972,2026-03-04,259,8484798,VAN,68.8,32.54,wrist,5v5,0,0,0,0,0,3,31,37,faceoff,29.73,0
2025020972,2026-03-04,266,8476906,CAR,56.6,32.01,wrist,5v5,0,0,0,0,0,3,41,30,blocked-shot,44.91,0
2025020972,2026-03-04,269,8480336,CAR,50.57,24.54,snap,5v5,0,0,0,0,0,3,43,-21,hit,97.17,0
2025020972,2026-03-04,273,8478970,CAR,45.61,37.87,slap,5v5,0,0,0,0,0,3,53,-28,hit,8.06,0
2025020972,2026-03-04,278,8478444,VAN,26.63,34.29,snap,5v5,0,0,0,0,0,3,67,-15,blocked-shot,42.95,0
2025020972,2026-03-04,283,8483678,VAN,47.42,47.56,wrist,5v5,0,0,0,0,0,3,57,35,hit,40.8,0
2025020972,2026-03-04,284,8480012,VAN,28.86,14.04,wrist,5v5,0,1,0,0,0,3,61,7,shot-on-goal,47.42,0
2025020972,2026-03-04,290,8476958,CAR,59.17,30.47,wrist,5v5,0,0,0,0,0,3,38,30,faceoff,29.73,0
2025020972,2026-03-04,295,8478856,VAN,35.85,30.14,wrist,4v5,0,0,0,0,0,3,58,-18,giveaway,33.53,0
2025020972,2026-03-04,296,8482055,VAN,34.67,33.23,wrist,4v5,0,1,0,0,0,3,60,-19,missed-shot,35.85,0
2025020972,2026-03-04,297,8482055,VAN,23.85,33.02,slap,5v5,0,1,0,0,0,3,69,-13,missed-shot,34.67,0
2025020972,2026-03-04,302,8479425,VAN,54.41,17.1,wrist,5v5,0,0,0,0,0,3,37,16,faceoff,29.73,0
2025020972,2026-03-04,303,8477940,CAR,21.84,15.95,wrist,5v5,0,1,0,1,2,3,68,6,missed-shot,54.41,1
2025020973,2026-03-04,2,8484153,ANA,23.35,43.26,snap,5v5,0,0,0,0,0,1,72,16,faceoff,89.0,0
2025020973,2026-03-04,5,8476292,NYI,61.72,40.4,wrist,5v5,0,0,0,0,0,1,42,40,faceoff,29.73,0
2025020973,2026-03-04,10,8482745,ANA,41.79,21.04,snap,5v5,0,0,0,0,0,1,50,-15,giveaway,57.38,0
2025020973,2026-03-04,18,8476917,NYI,33.62,59.62,snap,4v5,0,0,0,0,0,1,72,-29,blocked-shot,39.82,0
2025020973,2026-03-04,19,8477500,NYI,31.62,34.7,snap,4v5,0,1,0,0,0,1,63,-18,shot-on-goal,33.62,0
2025020973,2026-03-04,25,8485366,NYI,38.01,35.36,wrist,5v4,1,0,0,0,0,1,58,22,faceoff,29.73,0
2025020973,2026-03-04,28,8481601,NYI,32.25,7.13,wrist,5v4,1,0,0,0,0,1,57,4,faceoff,29.73,0
2025020973,2026-03-04,29,8484221,NYI,14.14,45.0,tip-in,5v4,1,1,0,0,0,1,79,10,missed-shot,32.25,0
2025020973,2026-03-04,32,8482476,NYI,42.44,34.44,slap,5v4,1,0,0,0,0,1,54,-24,faceoff,29.73,0
2025020973,2026-03-04,35,8475314,NYI,25.08,4.57,tip-in,5v4,1,0,0,0,0,1,64,-2,faceoff,29.73,0
2025020973,2026-03-04,36,8475314,NYI,14.32,12.09,snap,5v4,1,1,0,0,1,1,75,3,shot-on-goal,25.08,1
2025020973,2026-03-04,41,8484762,ANA,3.61,33.69,snap,5v5,0,0,0,0,0,1,86,2,giveaway,22.09,0
2025020973,2026-03-04,52,8477500,NYI,7.21,33.69,tip-in,5v5,0,0,0,0,0,1,83,4,faceoff,29.73,0
2025020973,2026-03-04,53,8485366,NYI,68.88,27.68,slap,5v5,0,1,0,0,0,1,28,32,shot-on-goal,7.21,0
2025020973,2026-03-04,54,8476429,NYI,42.45,46.91,snap,5v5,0,1,0,0,0,1,60,-31,shot-on-goal,68.88,0
2025020973,2026-03-04,55,8476429,NYI,95.08,22.25,wrist,5v5,0,1,0,0,0,1,1,36,missed-shot,42.45,0
2025020973,2026-03-04,57,8484153,ANA,18.68,15.52,wrist,5v5,0,0,0,0,0,1,71,-5,giveaway,81.88,0
2025020973,2026-03-04,58,8475184,ANA,9.49,71.57,snap,5v5,0,1,0,0,0,1,86,9,shot-on-goal,18.68,0
2025020973,2026-03-04,62,8484762,ANA,16.64,32.74,wrist,5v5,0,0,0,0,0,1,75,-9,takeaway,5.39,0
2025020973,2026-03-04,63,8482803,ANA,24.02,89.76,wrist,5v5,0,1,0,0,0,1,90,24,shot-on-goal,16.64,0
2025020973,2026-03-04,69,8485512,ANA,15.81,55.3,snap,5v5,0,0,0,0,0,1,80,13,giveaway,23.26,0
2025020973,2026-03-04,75,8475314,NYI,19.92,72.47,wrist,5v5,0,0,0,0,0,1,83,-19,hit,61.85,0
2025020973,2026-03-04,76,8481601,NYI,37.64,73.01,wrist,5v5,0,1,0,0,0,1,78,36,missed-shot,19.92,0
2025020973,2026-03-04,77,8475314,NYI,5.0,36.87,snap,5v5,0,1,0,0,0,1,85,3,shot-on-goal,37.64,0
2025020973,2026-03-04,79,8475314,NYI,5.1,78.69,snap,5v5,0,0,0,0,0,1,88,5,blocked-shot,2.83,0
2025020973,2026-03-04,80,8475314,NYI,3.16,88.09,poke,5v5,0,1,0,0,0,1,90,3,missed-shot,5.1,0
2025020973,2026-03-04,81,8481601,NYI,44.6,19.65,snap,5v5,0,1,0,0,0,1,47,-15,missed-shot,3.16,0
2025020973,2026-03-04,82,8476419,NYI,8.94,63.43,wrist,5v5,0,1,0,0,0,1,85,-8,missed-shot,44.6,0
2025020973,2026-03-04,85,8476917,NYI,56.61,35.66,wrist,5v5,0,0,0,0,0,1,43,33,faceoff,29.73,0
2025020973,2026-03-04,91,8483445,ANA,28.43,39.29,snap,5v4,1,0,0,0,0,1,67,18,faceoff,29.73,1
2025020973,2026-03-04,96,8476885,ANA,53.91,40.49,wrist,5v5,0,0,0,0,0,1,48,-35,hit,24.04,0
2025020973,2026-03-04,100,8477950,NYI,71.03,35.26,wrist,5v5,0,0,0,0,0,1,31,-41,faceoff,29.73,0
2025020973,2026-03-04,101,8477494,NYI,25.46,45.0,snap,5v5,0,1,0,0,0,1,71,-18,missed-shot,71.03,0
2025020973,2026-03-04,106,8482178,ANA,67.98,26.19,slap,5v5,0,0,0,0,0,1,28,-30,blocked-shot,26.17,0
2025020973,2026-03-04,107,8478366,ANA,50.99,48.18,slap,5v5,0,1,0,0,0,1,55,38,shot-on-goal,67.98,0
2025020973,2026-03-04,108,8483445,ANA,44.6,19.65,snap,5v5,0,1,0,0,0,1,47,-15,missed-shot,50.99,0
2025020973,2026-03-04,110,8477500,NYI,23.35,43.26,wrist,5v5,0,0,0,0,0,1,72,16,blocked-shot,15.0,0
2025020973,2026-03-04,111,8483445,ANA,24.21,38.29,snap,5v5,0,1,0,0,1,1,70,-15,shot-on-goal,23.35,1
2025020973,2026-03-04,120,8477494,NYI,23.02,55.62,snap,5v5,0,0,0,0,0,1,76,-19,takeaway,50.22,0
2025020973,2026-03-04,121,8476917,NYI,59.54,7.72,slap,5v5,0,1,0,0,0,1,30,8,shot-on-goal,23.02,0
2025020973,2026-03-04,127,8482745,ANA,5.1,11.31,tip-in,5v5,0,0,0,0,0,1,84,-1,blocked-shot,7.07,0
2025020973,2026-03-04,128,8484762,ANA,10.63,41.19,snap,5v5,0,1,0,0,2,1,81,7,shot-on-goal,5.1,1
2025020973,2026-03-04,130,8478366,ANA,30.02,29.98,tip-in,5v5,0,0,0,0,0,1,63,-15,faceoff,89.0,0
2025020973,2026-03-04,137,8481601,NYI,31.89,41.19,snap,5v4,1,0,0,0,0,2,65,-21,faceoff,29.73,0
2025020973,2026-03-04,138,8478445,NYI,35.38,42.71,snap,5v4,1,1,0,0,0,2,63,24,shot-on-goal,31.89,0
2025020973,2026-03-04,142,8477950,NYI,62.18,27.8,wrist,5v4,1,0,0,0,0,2,34,-29,faceoff,72.42,0
2025020973,2026-03-04,145,8484153,ANA,36.06,56.31,wrist,5v5,0,0,0,0,0,2,69,30,hit,35.11,0
2025020973,2026-03-04,146,8484153,ANA,38.9,46.04,snap,5v5,0,1,0,0,0,2,62,28,shot-on-goal,36.06,0
2025020973,2026-03-04,152,8485366,NYI,57.27,12.09,wrist,5v5,0,0,0,0,0,2,33,12,blocked-shot,34.01,0
2025020973,2026-03-04,162,8480068,ANA,24.52,78.23,snap,5v5,0,0,0,0,0,2,84,-24,blocked-shot,58.52,0
2025020973,2026-03-04,170,8483445,ANA,39.41,35.71,snap,5v5,0,0,0,0,0,2,57,-23,hit,64.82,0
2025020973,2026-03-04,178,8484762,ANA,9.43,57.99,bat,5v4,1,0,0,0,0,2,84,8,faceoff,29.73,0
2025020973,2026-03-04,184,8482178,ANA,47.51,59.66,snap,5v5,0,0,0,0,0,2,65,-41,hit,63.13,0
2025020973,2026-03-04,186,8475231,NYI,7.81,50.19,wrist,5v5,0,0,0,0,0,2,84,-6,hit,39.81,0
2025020973,2026-03-04,188,8476429,NYI,69.46,30.26,wrist,5v5,0,0,0,0,0,2,29,-35,giveaway,43.32,0
2025020973,2026-03-04,194,8478445,NYI,49.0,0.0,wrist,5v4,1,0,0,0,0,2,40,0,faceoff,29.73,0
2025020973,2026-03-04,196,8477950,NYI,37.2,36.25,wrist,5v4,1,0,0,0,0,2,59,22,takeaway,31.24,0
2025020973,2026-03-04,199,8483445,ANA,37.01,38.42,wrist,5v5,0,0,0,0,0,2,60,23,faceoff,29.73,0
2025020973,2026-03-04,201,8480871,NYI,36.12,41.63,slap,5v5,0,0,0,0,0,2,62,-24,blocked-shot,35.38,0
2025020973,2026-03-04,202,8476429,NYI,51.62,21.6,snap,5v5,0,1,0,0,0,2,41,19,shot-on-goal,36.12,0
2025020973,2026-03-04,203,8475231,NYI,7.62,23.2,deflected,5v5,0,1,0,0,0,2,82,-3,missed-shot,51.62,0
2025020973,2026-03-04,204,8481237,NYI,24.08,4.76,bat,5v5,0,1,0,0,0,2,65,-2,missed-shot,7.62,0
2025020973,2026-03-04,205,8481237,NYI,19.21,38.66,wrist,5v5,0,1,0,0,0,2,74,12,missed-shot,24.08,0
2025020973,2026-03-04,206,8483553,NYI,42.54,29.58,wrist,5v5,0,1,0,0,0,2,52,-21,shot-on-goal,19.21,0
2025020973,2026-03-04,209,8473986,ANA,12.81,51.34,wrist,5v5,0,0,0,0,0,2,81,10,hit,23.09,0
2025020973,2026-03-04,212,8476292,NYI,9.43,32.01,wrist,5v5,0,0,0,0,0,2,81,-5,giveaway,40.52,0
2025020973,2026-03-04,213,8476292,NYI,7.28,15.95,backhand,5v5,0,1,0,0,0,2,82,2,shot-on-goal,9.43,0
2025020973,2026-03-04,217,8477950,NYI,54.56,26.1,snap,5v4,1,0,0,0,0,2,40,-24,faceoff,29.73,0
2025020973,2026-03-04,218,8482476,NYI,37.01,38.42,slap,5v4,1,1,0,0,0,2,60,-23,shot-on-goal,54.56,0
2025020973,2026-03-04,221,8477500,NYI,44.15,13.09,slap,5v4,1,0,0,0,0,2,46,10,faceoff,29.73,0
2025020973,2026-03-04,224,8482178,ANA,29.27,89.8,wrist,4v5,0,0,0,0,0,2,93,-29,faceoff,29.73,0
2025020973,2026-03-04,231,8482178,ANA,67.6,29.22,snap,5v5,0,0,0,0,0,3,30,-33,faceoff,89.0,0
2025020973,2026-03-04,234,8485366,NYI,46.84,16.11,snap,5v5,0,0,0,0,0,3,44,-13,giveaway,91.76,0
2025020973,2026-03-04,242,8480068,ANA,7.62,23.2,backhand,5v5,0,0,0,0,3,3,82,3,faceoff,29.73,1
2025020973,2026-03-04,247,8477369,NYI,43.6,53.39,wrist,5v5,0,0,0,0,0,3,63,35,hit,30.59,0
2025020973,2026-03-04,256,8475462,ANA,58.22,4.93,snap,5v5,0,0,0,0,0,3,31,-5,hit,44.78,0
2025020973,2026-03-04,264,8483490,ANA,31.14,47.6,snap,5v5,0,0,0,0,0,3,68,23,blocked-shot,15.13,0
2025020973,2026-03-04,268,8485366,NYI,46.32,32.66,snap,5v5,0,0,0,0,0,3,50,25,takeaway,12.21,0
2025020973,2026-03-04,271,8477950,NYI,31.02,69.23,snap,5v5,0,0,0,0,0,3,78,-29,faceoff,29.73,0
2025020973,2026-03-04,272,8478366,ANA,47.17,21.12,snap,5v5,0,1,0,0,0,3,45,-17,shot-on-goal,31.02,0
2025020973,2026-03-04,274,8475462,ANA,28.32,42.14,snap,6v5,1,0,0,0,0,3,68,-19,delayed-penalty,89.0,0
2025020973,2026-03-04,277,8484762,ANA,48.84,42.51,slap,5v4,1,0,0,0,0,3,53,33,faceoff,29.73,0
2025020973,2026-03-04,279,8477500,NYI,27.66,12.53,wrist,4v5,0,0,0,0,0,3,62,6,takeaway,71.02,0
2025020973,2026-03-04,283,8476885,ANA,63.16,23.32,slap,5v5,0,0,0,0,0,3,31,-25,blocked-shot,15.13,0
2025020973,2026-03-04,286,8483490,ANA,34.41,54.46,snap,5v5,0,0,0,0,0,3,69,28,faceoff,29.73,0
2025020973,2026-03-04,292,8480068,ANA,5.83,59.04,backhand,5v5,0,0,0,0,0,3,86,-5,hit,13.89,0
2025020973,2026-03-04,295,8478445,NYI,36.24,39.4,slap,6v5,1,0,0,0,0,3,61,23,faceoff,72.42,0
2025020973,2026-03-04,296,8478445,NYI,46.32,32.66,wrist,6v5,1,1,0,0,0,3,50,25,missed-shot,36.24,0
2025020973,2026-03-04,300,8483445,ANA,70.46,34.59,backhand,5v6,0,0,0,1,0,3,31,40,takeaway,43.6,0
2025020973,2026-03-04,305,8484221,NYI,51.89,25.08,wrist,6v5,1,0,0,0,0,3,42,22,blocked-shot,50.99,0
2025020973,2026-03-04,308,8477950,NYI,58.22,4.93,wrist,6v5,1,0,0,0,0,3,31,-5,faceoff,29.73,0
2025020973,2026-03-04,314,8481601,NYI,46.07,27.12,slap,6v5,1,0,0,0,0,3,48,-21,faceoff,29.73,0
2025020973,2026-03-04,316,8481601,NYI,25.61,38.66,wrist,6v5,1,0,0,0,0,3,69,-16,blocked-shot,36.14,0
2025020973,2026-03-04,317,8481601,NYI,31.62,18.43,wrist,6v5,1,1,0,0,0,3,59,-10,shot-on-goal,25.61,0
2025020973,2026-03-04,318,8475314,NYI,10.77,21.8,backhand,6v5,1,1,0,0,0,3,79,-4,shot-on-goal,31.62,0
2025020973,2026-03-04,322,8478366,ANA,83.19,25.64,wrist,5v6,0,0,0,1,0,3,14,36,blocked-shot,34.67,0
2025020973,2026-03-04,325,8478366,ANA,88.02,21.32,wrist,5v6,0,0,0,1,4,3,7,-32,giveaway,75.17,1
2025020973,2026-03-04,327,8475231,NYI,36.72,60.64,wrist,5v5,0,0,0,0,0,3,71,32,faceoff,89.0,0
2025020973,2026-03-04,334,8476885,ANA,54.13,11.73,wrist,5v5,0,0,0,0,0,3,36,-11,faceoff,29.73,0
2025020973,2026-03-04,338,8482803,ANA,61.07,39.69,wrist,5v5,0,0,0,0,0,3,42,39,takeaway,30.07,0
2025020973,2026-03-04,339,8477527,ANA,4.12,75.96,wrap-around,5v5,0,1,0,0,0,3,88,-4,missed-shot,61.07,0
2025020973,2026-03-04,340,8473986,ANA,94.02,23.84,tip-in,5v5,0,1,0,0,0,3,3,-38,missed-shot,4.12,0
2025020973,2026-03-04,341,8481237,NYI,9.43,57.99,tip-in,5v5,0,1,0,0,0,3,84,-8,shot-on-goal,94.02,0
2025020973,2026-03-04,342,8481237,NYI,7.28,74.05,backhand,5v5,0,1,0,0,0,3,87,-7,missed-shot,9.43,0
2025020973,2026-03-04,345,8477494,NYI,62.8,37.23,wrist,5v5,0,0,0,0,0,3,39,38,faceoff,29.73,0
2025020973,2026-03-04,349,8483445,ANA,66.73,19.25,wrist,5v5,0,0,0,0,0,3,26,-22,hit,8.54,0
2025020973,2026-03-04,352,8480068,ANA,10.0,0.0,deflected,5v5,0,0,0,0,0,3,79,0,faceoff,29.73,0
2025020974,2026-03-04,3,8476467,SEA,58.05,42.21,wrist,5v5,0,0,0,0,0,1,46,39,blocked-shot,30.48,0
2025020974,2026-03-04,6,8476457,SEA,65.8,36.35,wrist,5v5,0,0,0,0,0,1,36,-39,faceoff,29.73,0
2025020974,2026-03-04,7,8475768,SEA,15.81,34.7,snap,5v5,0,1,0,0,1,1,76,9,shot-on-goal,65.8,1
2025020974,2026-03-04,12,8477955,SEA,60.84,25.3,wrist,5v5,0,0,0,0,0,1,34,26,blocked-shot,57.31,0
2025020974,2026-03-04,13,8477986,SEA,66.21,25.02,slap,5v5,0,1,0,0,0,1,29,-28,shot-on-goal,60.84,0
2025020974,2026-03-04,24,8483570,SEA,42.05,64.65,wrist,5v5,0,0,0,0,0,1,71,38,hit,9.22,0
2025020974,2026-03-04,27,8482858,SEA,57.45,31.48,slap,5v5,0,0,0,0,0,1,40,-30,hit,19.24,0
2025020974,2026-03-04,30,8476467,SEA,63.53,28.18,slap,5v5,0,0,0,0,0,1,33,30,blocked-shot,54.2,0
2025020974,2026-03-04,32,8482077,STL,22.67,41.42,backhand,5v5,0,0,0,0,0,1,72,15,hit,31.06,0
2025020974,2026-03-04,33,8482077,STL,49.82,10.41,wrist,5v5,0,1,0,0,0,1,40,9,shot-on-goal,22.67,0
2025020974,2026-03-04,37,8481554,SEA,20.0,36.87,snap,5v5,0,0,0,0,0,1,73,-12,giveaway,50.77,0
2025020974,2026-03-04,38,8475764,STL,29.0,89.8,wrist,5v5,0,1,0,0,0,1,89,29,missed-shot,20.0,0
2025020974,2026-03-04,42,8482733,STL,30.89,29.05,wrist,5v5,0,0,0,0,0,1,62,-15,hit,56.22,0
2025020974,2026-03-04,43,8475170,STL,9.22,49.4,backhand,5v5,0,1,0,0,0,1,83,-7,shot-on-goal,30.89,0
2025020974,2026-03-04,44,8482733,STL,2.83,45.0,wrap-around,5v5,0,1,0,0,0,1,87,2,missed-shot,9.22,1
2025020974,2026-03-04,49,8482665,SEA,26.93,21.8,tip-in,5v5,0,0,0,0,0,1,64,-10,hit,42.38,0
2025020974,2026-03-04,56,8481598,STL,44.1,57.03,wrist,5v5,0,0,0,0,0,1,65,37,blocked-shot,12.53,0
2025020974,2026-03-04,57,8480459,STL,53.6,14.04,wrist,5v5,0,1,0,0,0,1,37,-13,shot-on-goal,44.1,0
2025020974,2026-03-04,61,8474586,SEA,48.33,24.44,wrist,5v5,0,0,0,0,0,1,45,-20,takeaway,34.71,0
2025020974,2026-03-04,63,8479385,STL,47.85,10.84,wrist,5v5,0,0,0,0,0,1,42,9,hit,44.78,0
2025020974,2026-03-04,64,8482733,STL,20.52,43.03,wrist,5v5,0,1,0,0,0,1,74,-14,shot-on-goal,47.85,0
2025020974,2026-03-04,65,8482733,STL,7.21,56.31,poke,5v5,0,1,0,0,0,1,85,-6,shot-on-goal,20.52,0
2025020974,2026-03-04,68,8482077,STL,72.67,34.35,backhand,5v5,0,0,0,0,0,1,29,-41,faceoff,29.73,0
2025020974,2026-03-04,73,8475170,STL,10.0,0.0,deflected,5v4,1,0,0,0,0,1,79,0,faceoff,29.73,0
2025020974,2026-03-04,74,8480023,STL,4.24,45.0,deflected,5v4,1,1,0,0,0,1,86,3,shot-on-goal,10.0,0
2025020974,2026-03-04,78,8479385,STL,38.42,51.34,wrist,5v4,1,0,0,0,0,1,65,30,giveaway,21.02,0
2025020974,2026-03-04,79,8483570,SEA,16.12,7.13,wrist,4v5,0,1,0,0,0,1,73,-2,shot-on-goal,38.42,0
2025020974,2026-03-04,80,8480281,STL,17.12,6.71,backhand,5v5,0,1,0,0,0,1,72,-2,shot-on-goal,16.12,0
2025020974,2026-03-04,84,8480459,STL,30.08,74.58,wrist,5v5,0,0,0,0,0,1,81,29,blocked-shot,24.7,0
2025020974,2026-03-04,85,8481598,STL,39.05,39.81,wrist,5v5,0,1,0,0,0,1,59,25,missed-shot,30.08,0
2025020974,2026-03-04,88,8474586,SEA,16.12,60.26,wrist,5v4,1,0,0,0,0,1,81,14,faceoff,29.73,0
2025020974,2026-03-04,89,8480009,SEA,40.25,26.57,slap,5v4,1,1,0,0,0,1,53,-18,shot-on-goal,16.12,0
2025020974,2026-03-04,93,8475768,SEA,8.06,29.74,tip-in,5v4,1,0,0,0,0,1,82,4,blocked-shot,36.12,0
2025020974,2026-03-04,94,8483524,SEA,22.47,32.28,wrist,5v5,0,1,0,0,0,1,70,-12,missed-shot,8.06,0
2025020974,2026-03-04,95,8475170,STL,9.0,0.0,tip-in,5v5,0,1,0,0,0,1,80,0,missed-shot,22.47,0
2025020974,2026-03-04,107,8475170,STL,48.01,1.19,wrist,5v5,0,0,0,0,0,2,41,-1,giveaway,88.64,0
2025020974,2026-03-04,108,8483516,STL,11.0,0.0,tip-in,5v5,0,1,0,0,0,2,78,0,shot-on-goal,48.01,0
2025020974,2026-03-04,109,8483516,STL,7.0,0.0,bat,5v5,0,1,0,0,0,2,82,0,shot-on-goal,11.0,0
2025020974,2026-03-04,111,8482874,SEA,13.45,48.01,backhand,5v5,0,0,0,0,0,2,80,10,takeaway,42.45,0
2025020974,2026-03-04,113,8477919,SEA,4.24,45.0,bat,5v5,0,0,0,0,0,2,86,3,hit,10.05,0
2025020974,2026-03-04,119,8480009,SEA,57.72,14.04,wrist,5v5,0,0,0,0,0,2,33,-14,hit,58.14,0
2025020974,2026-03-04,133,8480023,STL,12.0,0.0,tip-in,4v4,0,0,0,0,0,2,77,0,faceoff,29.73,0
2025020974,2026-03-04,136,8482077,STL,4.12,14.04,tip-in,4v4,0,0,0,0,1,2,85,1,faceoff,29.73,1
2025020974,2026-03-04,141,8482733,STL,52.89,15.35,wrist,5v5,0,0,0,0,0,2,38,-14,giveaway,44.41,0
2025020974,2026-03-04,144,8482874,SEA,10.0,89.05,wrist,5v5,0,0,0,0,0,2,97,6,faceoff,29.73,0
2025020974,2026-03-04,146,8482858,SEA,40.36,48.01,snap,5v5,0,0,0,0,0,2,62,-30,blocked-shot,31.06,0
2025020974,2026-03-04,149,8481554,SEA,29.0,46.4,wrist,5v5,0,0,0,0,0,2,69,-21,faceoff,29.73,0
2025020974,2026-03-04,150,8483524,SEA,19.03,3.01,backhand,5v5,0,1,0,0,0,2,70,1,shot-on-goal,29.0,0
2025020974,2026-03-04,151,8481554,SEA,26.42,29.48,tip-in,5v5,0,1,0,0,0,2,66,-13,missed-shot,19.03,0
2025020974,2026-03-04,153,8477955,SEA,7.21,33.69,deflected,5v5,0,0,0,0,0,2,83,-4,hit,36.5,0
2025020974,2026-03-04,156,8477955,SEA,8.49,45.0,tip-in,5v5,0,0,0,0,0,2,83,6,faceoff,29.73,0
2025020974,2026-03-04,157,8482665,SEA,32.98,75.96,wrist,5v5,0,1,0,0,0,2,81,-32,missed-shot,8.49,0
2025020974,2026-03-04,158,8477955,SEA,35.81,35.91,tip-in,5v5,0,1,0,0,0,2,60,-21,shot-on-goal,32.98,0
2025020974,2026-03-04,159,8482090,STL,7.07,45.0,deflected,5v5,0,1,0,0,0,2,84,5,shot-on-goal,35.81,0
2025020974,2026-03-04,162,8476897,STL,31.4,80.84,wrist,5v5,0,0,0,0,0,2,84,-31,giveaway,38.28,0
2025020974,2026-03-04,164,8484800,SEA,16.12,7.13,backhand,5v5,0,0,0,0,0,2,73,2,hit,50.0,0
2025020974,2026-03-04,170,8476467,SEA,61.19,11.31,wrist,5v5,0,0,0,0,0,2,29,-12,giveaway,10.44,0
2025020974,2026-03-04,171,8477955,SEA,19.1,6.01,bat,5v5,0,1,0,0,0,2,70,-2,shot-on-goal,61.19,0
2025020974,2026-03-04,174,8477986,SEA,79.62,25.28,wrist,5v5,0,0,0,0,0,2,17,-34,takeaway,11.4,0
2025020974,2026-03-04,183,8482665,SEA,60.42,12.43,slap,5v5,0,0,0,0,0,2,30,-13,blocked-shot,57.2,0
2025020974,2026-03-04,184,8474586,SEA,12.04,4.76,tip-in,5v5,0,1,0,0,0,2,77,-1,missed-shot,60.42,0
2025020974,2026-03-04,185,8480009,SEA,34.06,3.37,wrist,5v5,0,1,0,0,0,2,55,-2,missed-shot,12.04,0
2025020974,2026-03-04,199,8482665,SEA,44.55,45.91,wrist,5v5,0,0,0,0,0,3,58,-32,giveaway,40.31,0
2025020974,2026-03-04,204,8480023,STL,23.09,4.97,wrist,5v5,0,0,0,0,2,3,66,2,faceoff,72.42,1
2025020974,2026-03-04,206,8476897,STL,45.1,3.81,wrist,5v5,0,0,0,0,0,3,44,3,faceoff,89.0,0
2025020974,2026-03-04,212,8475753,STL,25.46,45.0,wrist,5v5,0,0,0,0,0,3,71,-18,hit,68.24,0
2025020974,2026-03-04,214,8482077,STL,9.85,23.96,tip-in,5v5,0,0,0,0,0,3,80,4,blocked-shot,10.2,0
2025020974,2026-03-04,215,8482077,STL,8.06,29.74,deflected,5v5,0,1,0,0,0,3,82,4,shot-on-goal,9.85,0
2025020974,2026-03-04,216,8475764,STL,56.92,18.43,wrist,5v5,0,1,0,0,0,3,35,18,shot-on-goal,8.06,0
2025020974,2026-03-04,229,8482733,STL,50.09,3.43,wrist,5v5,0,0,0,0,0,3,39,-3,takeaway,97.08,0
2025020974,2026-03-04,230,8476905,SEA,28.3,57.99,snap,5v5,0,1,0,0,0,3,74,24,missed-shot,50.09,0
2025020974,2026-03-04,231,8476467,SEA,73.78,32.83,backhand,5v5,0,1,0,0,0,3,27,-40,shot-on-goal,28.3,0
2025020974,2026-03-04,234,8476457,SEA,66.65,27.72,slap,5v5,0,0,0,0,0,3,30,-31,faceoff,29.73,0
2025020974,2026-03-04,241,8481598,STL,32.28,73.81,wrist,4v5,0,0,0,0,0,3,80,-31,faceoff,29.73,0
2025020974,2026-03-04,242,8478407,SEA,57.14,4.01,wrist,5v4,1,1,0,0,0,3,32,-4,shot-on-goal,32.28,0
2025020974,2026-03-04,243,8477955,SEA,36.89,32.83,wrist,5v4,1,1,0,0,0,3,58,-20,shot-on-goal,57.14,0
2025020974,2026-03-04,249,8478407,SEA,44.28,25.41,wrist,5v5,0,0,0,0,0,3,49,19,faceoff,72.42,0
2025020974,2026-03-04,250,8477955,SEA,42.19,58.57,slap,5v5,0,1,0,0,0,3,67,-36,shot-on-goal,44.28,0
2025020974,2026-03-04,251,8478407,SEA,16.28,10.62,snap,5v5,0,1,0,0,-1,3,73,3,shot-on-goal,42.19,1
2025020974,2026-03-04,258,8481554,SEA,56.61,35.66,wrist,5v5,0,0,0,0,0,3,43,-33,faceoff,29.73,0
2025020974,2026-03-04,269,8481598,STL,47.76,19.57,wrist,5v5,0,0,0,0,0,3,44,16,faceoff,29.73,0
2025020974,2026-03-04,276,8476457,SEA,59.67,13.57,slap,5v5,0,0,0,0,0,3,31,-14,giveaway,26.31,0
2025020974,2026-03-04,285,8482665,SEA,21.21,8.13,tip-in,5v4,1,0,0,0,0,3,68,-3,faceoff,29.73,0
2025020974,2026-03-04,286,8474586,SEA,10.0,36.87,wrist,5v4,1,1,0,0,0,3,81,-6,shot-on-goal,21.21,0
2025020974,2026-03-04,287,8477986,SEA,55.15,4.16,slap,6v4,1,1,0,0,0,3,34,-4,missed-shot,10.0,0
2025020974,2026-03-04,291,8482665,SEA,8.94,63.43,tip-in,6v4,1,0,0,0,0,3,85,-8,blocked-shot,67.23,0
2025020974,2026-03-04,294,8477986,SEA,44.29,28.3,slap,6v4,1,0,0,0,0,3,50,21,faceoff,29.73,0
2025020974,2026-03-04,295,8477986,SEA,50.99,11.31,slap,6v4,1,1,0,0,0,3,39,-10,shot-on-goal,44.29,0
2025020974,2026-03-04,296,8474586,SEA,9.49,18.43,wrist,6v4,1,1,0,0,0,3,80,3,shot-on-goal,50.99,0
2025020974,2026-03-04,297,8477986,SEA,55.01,1.04,slap,6v4,1,1,0,0,0,3,34,-1,shot-on-goal,9.49,0
2025020959,2026-03-03,2,8482177,BOS,20.0,36.87,snap,5v5,0,0,0,0,0,1,73,12,faceoff,89.0,0
2025020959,2026-03-03,4,8476854,BOS,66.61,35.84,snap,5v5,0,0,0,0,0,1,35,39,hit,20.4,0
2025020959,2026-03-03,8,8477496,BOS,7.0,0.0,wrist,5v5,0,0,0,0,0,1,82,0,giveaway,31.0,0
2025020959,2026-03-03,10,8474578,PIT,65.73,33.21,wrist,5v5,0,0,0,0,1,1,34,-36,giveaway,16.55,1
2025020959,2026-03-03,14,8475810,PIT,34.41,35.54,slap,5v4,1,0,0,0,0,1,61,-20,faceoff,89.0,0
2025020959,2026-03-03,18,8477511,PIT,14.32,12.09,backhand,5v4,1,0,0,0,0,1,75,-3,blocked-shot,24.76,0
2025020959,2026-03-03,19,8477496,BOS,39.7,40.91,snap,4v5,0,1,0,0,0,1,59,-26,shot-on-goal,14.32,0
2025020959,2026-03-03,26,8479591,BOS,53.6,8.58,slap,5v5,0,0,0,0,0,1,36,8,faceoff,29.73,0
2025020959,2026-03-03,27,8479325,BOS,29.83,76.43,snap,5v5,0,1,0,0,0,1,82,-29,missed-shot,53.6,0
2025020959,2026-03-03,28,8482177,BOS,24.76,46.64,wrist,5v5,0,1,0,0,0,1,72,-18,shot-on-goal,29.83,1
2025020959,2026-03-03,34,8478450,PIT,58.82,17.82,snap,5v5,0,0,0,0,0,1,33,-18,hit,36.5,0
2025020959,2026-03-03,38,8477507,BOS,35.17,14.83,snap,5v5,0,0,0,0,0,1,55,9,hit,89.9,0
2025020959,2026-03-03,39,8479999,BOS,12.21,55.01,wrist,5v5,0,1,0,0,1,1,82,-10,shot-on-goal,35.17,1
2025020959,2026-03-03,49,8479661,BOS,31.14,5.53,snap,5v5,0,0,0,0,0,1,58,3,blocked-shot,38.6,0
2025020959,2026-03-03,53,8479591,BOS,4.12,75.96,wrap-around,5v5,0,0,0,0,0,1,88,-4,hit,18.44,0
2025020959,2026-03-03,54,8480980,PIT,7.28,74.05,wrist,5v5,0,1,0,0,0,1,87,-7,shot-on-goal,4.12,0
2025020959,2026-03-03,58,8477507,BOS,61.13,3.75,slap,5v5,0,0,0,0,0,1,28,4,blocked-shot,13.6,0
2025020959,2026-03-03,65,8482475,PIT,9.9,45.0,backhand,5v5,0,0,0,0,0,1,82,-7,hit,22.14,0
2025020959,2026-03-03,66,8478450,PIT,38.6,36.57,slap,5v5,0,1,0,0,0,1,58,23,missed-shot,9.9,0
2025020959,2026-03-03,70,8478438,PIT,28.28,89.8,snap,5v5,0,0,0,0,0,1,93,28,blocked-shot,59.03,0
2025020959,2026-03-03,71,8479661,BOS,54.38,32.23,wrist,5v5,0,1,0,0,0,1,43,29,missed-shot,28.28,0
2025020959,2026-03-03,78,8482475,PIT,42.8,52.59,snap,5v5,0,0,0,0,0,1,63,34,giveaway,59.64,0
2025020959,2026-03-03,80,8479987,BOS,21.26,41.19,backhand,5v5,0,0,0,0,0,1,73,14,hit,43.08,0
2025020959,2026-03-03,88,8478569,PIT,24.74,14.04,snap,4v5,0,0,0,0,0,1,65,-6,blocked-shot,39.05,0
2025020959,2026-03-03,92,8482511,BOS,38.28,33.27,slap,5v4,1,0,0,0,0,1,57,-21,hit,50.93,0
2025020959,2026-03-03,95,8476854,BOS,19.24,62.1,wrist,5v5,0,0,0,0,0,1,80,17,blocked-shot,12.08,0
2025020959,2026-03-03,98,8478042,BOS,9.22,40.6,tip-in,5v5,0,0,0,0,0,1,82,6,giveaway,23.02,0
2025020959,2026-03-03,100,8479999,BOS,17.26,79.99,wrist,5v5,0,0,0,0,0,1,86,17,hit,30.07,0
2025020959,2026-03-03,101,8477507,BOS,45.28,6.34,snap,5v5,0,1,0,0,0,1,44,5,missed-shot,17.26,0
2025020959,2026-03-03,102,8480355,BOS,20.59,29.05,snap,5v5,0,1,0,0,0,1,71,10,shot-on-goal,45.28,0
2025020959,2026-03-03,104,8476374,BOS,43.42,38.45,snap,5v5,0,0,0,0,0,1,55,-27,blocked-shot,24.6,0
2025020959,2026-03-03,110,8474578,PIT,51.09,3.37,slap,5v4,1,0,0,0,0,1,38,-3,faceoff,72.42,0
2025020959,2026-03-03,119,8479369,BOS,74.33,33.48,snap,5v5,0,0,0,0,0,2,27,-41,faceoff,29.73,0
2025020959,2026-03-03,120,8482993,PIT,43.6,36.61,snap,5v5,0,1,0,0,0,2,54,-26,missed-shot,74.33,0
2025020959,2026-03-03,125,8478042,BOS,79.71,23.67,tip-in,5v5,0,0,0,0,0,2,16,-32,hit,42.06,0
2025020959,2026-03-03,131,8482511,BOS,55.97,18.76,slap,5v5,0,0,0,0,0,2,36,18,blocked-shot,25.5,0
2025020959,2026-03-03,134,8474578,PIT,66.24,28.89,slap,5v5,0,0,0,0,0,2,31,-32,faceoff,29.73,0
2025020959,2026-03-03,135,8478450,PIT,52.4,41.91,snap,5v5,0,1,0,0,0,2,50,35,missed-shot,66.24,0
2025020959,2026-03-03,139,8477956,BOS,13.6,72.9,wrist,5v5,0,0,0,0,0,2,85,13,hit,8.94,0
2025020959,2026-03-03,141,8479398,PIT,50.01,11.53,backhand,5v5,0,0,0,0,0,2,40,-10,giveaway,74.79,0
2025020959,2026-03-03,142,8478438,PIT,5.39,68.2,snap,5v5,0,1,0,0,0,2,87,-5,shot-on-goal,50.01,0
2025020959,2026-03-03,146,8482475,PIT,50.8,10.2,snap,5v5,0,0,0,0,0,2,39,9,hit,29.07,0
2025020959,2026-03-03,152,8474578,PIT,58.82,17.82,slap,5v5,0,0,0,0,0,2,33,-18,blocked-shot,24.04,0
2025020959,2026-03-03,156,8482177,BOS,8.06,29.74,tip-in,5v5,0,0,0,0,0,2,82,4,hit,53.91,0
2025020959,2026-03-03,158,8480980,PIT,26.93,21.8,wrist,5v5,0,0,0,0,0,2,64,10,takeaway,69.32,0
2025020959,2026-03-03,159,8481219,BOS,67.2,36.53,snap,5v5,0,1,0,0,0,2,35,40,missed-shot,26.93,0
2025020959,2026-03-03,162,8480355,BOS,6.08,80.54,wrap-around,5v5,0,0,0,0,0,2,88,-6,faceoff,29.73,0
2025020959,2026-03-03,164,8478854,PIT,60.9,29.51,snap,5v5,0,0,0,0,0,2,36,30,takeaway,31.26,0
2025020959,2026-03-03,165,8476483,PIT,7.07,8.13,snap,5v5,0,1,0,0,0,2,82,-1,shot-on-goal,60.9,0
2025020959,2026-03-03,168,8481219,BOS,48.37,7.13,wrist,5v5,0,0,0,0,0,2,41,6,faceoff,29.73,0
2025020959,2026-03-03,175,8482475,PIT,26.08,57.53,snap,5v5,0,0,0,0,0,2,75,22,hit,70.18,0
2025020959,2026-03-03,177,8479987,BOS,10.3,29.05,snap,5v5,0,0,0,0,0,2,80,-5,delayed-penalty,89.0,0
2025020959,2026-03-03,181,8475810,PIT,28.46,18.43,wrist,4v5,0,0,0,0,0,2,62,9,faceoff,29.73,0
2025020959,2026-03-03,186,8474578,PIT,41.01,45.0,slap,5v4,1,0,0,0,0,2,60,29,faceoff,29.73,0
2025020959,2026-03-03,189,8475810,PIT,29.41,54.69,snap,5v4,1,0,0,0,0,2,72,24,blocked-shot,34.06,0
2025020959,2026-03-03,190,8477511,PIT,27.2,17.1,snap,5v4,1,1,0,0,0,2,63,-8,missed-shot,29.41,0
2025020959,2026-03-03,191,8475810,PIT,7.28,15.95,snap,5v4,1,1,0,0,0,2,82,-2,shot-on-goal,27.2,0
2025020959,2026-03-03,194,8471724,PIT,44.72,26.57,slap,5v4,1,0,0,0,0,2,49,20,faceoff,29.73,0
2025020959,2026-03-03,198,8480355,BOS,32.45,56.31,wrist,5v5,0,0,0,0,0,2,71,27,takeaway,74.71,0
2025020959,2026-03-03,202,8482475,PIT,35.85,22.99,snap,5v5,0,0,0,0,0,2,56,-14,hit,17.26,0
2025020959,2026-03-03,205,8482475,PIT,19.24,62.1,backhand,5v5,0,0,0,0,0,2,80,-17,giveaway,84.97,0
2025020959,2026-03-03,208,8477507,BOS,39.41,54.29,wrist,5v5,0,0,0,0,0,2,66,-32,faceoff,29.73,0
2025020959,2026-03-03,209,8474578,PIT,57.22,5.01,snap,5v5,0,1,0,0,0,2,32,5,shot-on-goal,39.41,0
2025020959,2026-03-03,210,8476483,PIT,9.85,66.04,between-legs,5v5,0,1,0,0,0,2,85,9,missed-shot,57.22,0
2025020959,2026-03-03,212,8479661,BOS,11.18,26.57,deflected,5v5,0,0,0,0,0,2,79,-5,blocked-shot,28.46,0
2025020959,2026-03-03,216,8477956,BOS,37.59,28.61,snap,5v5,0,0,0,0,0,2,56,-18,faceoff,29.73,0
2025020959,2026-03-03,217,8485414,PIT,12.04,48.37,wrist,5v5,0,1,0,0,0,2,81,-9,shot-on-goal,37.59,0
2025020959,2026-03-03,219,8479638,PIT,35.36,28.74,wrist,5v5,0,0,0,0,0,2,58,-17,giveaway,94.24,0
2025020959,2026-03-03,227,8476854,BOS,43.6,36.61,snap,5v4,1,0,0,0,0,2,54,26,blocked-shot,30.87,0
2025020959,2026-03-03,228,8478401,BOS,8.06,29.74,tip-in,5v4,1,1,0,0,0,2,82,-4,shot-on-goal,43.6,0
2025020959,2026-03-03,229,8478401,BOS,8.49,45.0,tip-in,5v4,1,1,0,0,0,2,83,-6,missed-shot,8.06,0
2025020959,2026-03-03,235,8485414,PIT,32.57,72.12,snap,5v5,0,0,0,0,0,3,79,-31,blocked-shot,38.83,0
2025020959,2026-03-03,237,8485414,PIT,9.22,49.4,backhand,5v5,0,0,0,0,0,3,83,7,blocked-shot,17.46,0
2025020959,2026-03-03,241,8474578,PIT,44.41,7.77,snap,5v4,1,0,0,0,0,3,45,-6,faceoff,29.73,0
2025020959,2026-03-03,242,8477511,PIT,44.05,39.47,snap,5v4,1,1,0,0,0,3,55,28,shot-on-goal,44.41,0
2025020959,2026-03-03,244,8478854,PIT,60.08,18.43,snap,5v5,0,0,0,0,0,3,32,19,blocked-shot,29.73,0
2025020959,2026-03-03,245,8478569,PIT,11.31,45.0,snap,5v5,0,1,0,0,0,3,81,-8,missed-shot,60.08,0
2025020959,2026-03-03,247,8478438,PIT,30.61,38.37,snap,5v5,0,0,0,0,0,3,65,19,hit,10.0,0
2025020959,2026-03-03,249,8478450,PIT,61.85,39.09,wrist,5v5,0,0,0,0,0,3,41,39,giveaway,44.1,0
2025020959,2026-03-03,251,8485414,PIT,6.08,9.46,wrist,5v5,0,0,0,0,0,3,83,-1,blocked-shot,20.62,0
2025020959,2026-03-03,252,8479398,PIT,31.14,47.6,snap,5v5,0,1,0,0,0,3,68,23,shot-on-goal,6.08,0
2025020959,2026-03-03,260,8485414,PIT,37.11,75.96,wrist,5v5,0,0,0,0,0,3,80,-36,blocked-shot,43.83,0
2025020959,2026-03-03,261,8481219,BOS,40.31,29.74,slap,5v5,0,1,0,0,0,3,54,20,missed-shot,37.11,0
2025020959,2026-03-03,262,8482177,BOS,16.4,37.57,tip-in,5v5,0,1,0,0,0,3,76,10,missed-shot,40.31,0
2025020959,2026-03-03,265,8477507,BOS,22.47,69.15,wrist,5v5,0,0,0,0,0,3,81,21,faceoff,72.42,0
2025020959,2026-03-03,266,8477956,BOS,7.81,39.81,backhand,5v5,0,1,0,0,0,3,83,-5,shot-on-goal,22.47,0
2025020959,2026-03-03,269,8476374,BOS,37.8,52.52,slap,5v5,0,0,0,0,0,3,66,30,takeaway,44.41,0
2025020959,2026-03-03,271,8479661,BOS,16.55,25.02,bat,5v5,0,0,0,0,0,3,74,-7,takeaway,54.13,0
2025020959,2026-03-03,272,8479325,BOS,41.44,8.33,snap,5v5,0,1,0,0,0,3,48,-6,missed-shot,16.55,0
2025020959,2026-03-03,273,8474578,PIT,33.84,18.97,snap,5v5,0,1,0,0,0,3,57,-11,shot-on-goal,41.44,0
2025020959,2026-03-03,276,8476483,PIT,35.47,21.5,snap,5v5,0,0,0,0,0,3,56,-13,faceoff,29.73,0
2025020959,2026-03-03,280,8479987,BOS,30.89,29.05,snap,5v5,0,0,0,0,0,3,62,15,hit,36.14,0
2025020959,2026-03-03,282,8482511,BOS,67.08,26.57,snap,5v5,0,0,0,0,0,3,29,30,hit,38.63,0
2025020959,2026-03-03,285,8478854,PIT,65.37,29.31,snap,5v5,0,0,0,0,0,3,32,32,hit,34.23,0
2025020959,2026-03-03,286,8474578,PIT,24.02,87.61,snap,5v5,0,1,0,0,0,3,88,-24,missed-shot,65.37,0
2025020959,2026-03-03,293,8485414,PIT,35.81,54.09,snap,5v5,0,0,0,0,0,3,68,-29,blocked-shot,14.42,0
2025020959,2026-03-03,300,8471215,PIT,18.25,9.46,tip-in,5v5,0,0,0,0,0,3,71,-3,blocked-shot,48.38,0
2025020959,2026-03-03,304,8480980,PIT,18.25,80.54,wrist,5v5,0,0,0,0,0,3,86,18,hit,92.61,0
2025020959,2026-03-03,305,8479638,PIT,7.21,33.69,backhand,5v5,0,1,0,0,0,3,83,4,missed-shot,18.25,0
2025020959,2026-03-03,309,8478042,BOS,37.48,46.08,wrist,5v6,0,0,0,1,0,3,63,27,hit,54.49,0
2025020959,2026-03-03,313,8471215,PIT,42.19,31.43,slap,6v5,1,0,0,0,0,3,53,-22,faceoff,29.73,0
2025020959,2026-03-03,320,8474578,PIT,62.63,19.59,snap,6v5,1,0,0,0,0,3,30,-21,giveaway,59.46,0
2025020960,2026-03-03,2,8483890,VGK,17.2,35.54,snap,5v5,0,0,0,0,0,1,75,10,faceoff,89.0,0
2025020960,2026-03-03,15,8479420,BUF,26.42,60.52,snap,5v5,0,0,0,0,0,1,76,-23,giveaway,85.87,0
2025020960,2026-03-03,18,8480891,BUF,68.8,32.54,wrist,5v5,0,0,0,0,0,1,31,-37,faceoff,72.42,0
2025020960,2026-03-03,21,8483500,BUF,38.21,42.88,snap,5v5,0,0,0,0,0,1,61,26,hit,63.13,0
2025020960,2026-03-03,24,8480839,BUF,35.85,67.01,wrist,5v5,0,0,0,0,0,1,75,33,faceoff,29.73,0
2025020960,2026-03-03,27,8475722,BUF,7.21,33.69,snap,5v5,0,0,0,0,1,1,83,-4,faceoff,29.73,1
2025020960,2026-03-03,29,8478434,VGK,22.63,45.0,wrist,5v5,0,0,0,0,0,1,73,-16,faceoff,89.0,0
2025020960,2026-03-03,30,8476881,VGK,5.83,59.04,deflected,5v5,0,1,0,0,0,1,86,-5,shot-on-goal,22.63,0
2025020960,2026-03-03,31,8478434,VGK,7.62,66.8,snap,5v5,0,1,0,0,0,1,86,-7,shot-on-goal,5.83,0
2025020960,2026-03-03,32,8478434,VGK,51.26,20.56,snap,5v5,0,1,0,0,0,1,41,18,missed-shot,7.62,0
2025020960,2026-03-03,34,8476438,VGK,36.12,4.76,wrist,5v5,0,0,0,0,0,1,53,3,hit,68.51,0
2025020960,2026-03-03,35,8476881,VGK,8.0,0.0,deflected,5v5,0,1,0,0,0,1,81,0,shot-on-goal,36.12,0
2025020960,2026-03-03,44,8480807,BUF,57.57,17.18,snap,5v5,0,0,0,0,0,1,34,-17,faceoff,72.42,0
2025020960,2026-03-03,50,8476881,VGK,21.02,2.73,tip-in,5v4,1,0,0,0,0,1,68,-1,faceoff,29.73,0
2025020960,2026-03-03,51,8483890,VGK,5.0,36.87,snap,5v4,1,1,0,0,0,1,85,3,missed-shot,21.02,0
2025020960,2026-03-03,52,8483890,VGK,4.0,0.0,snap,5v4,1,1,0,0,0,1,85,0,missed-shot,5.0,0
2025020960,2026-03-03,54,8480802,BUF,95.34,24.15,wrist,4v5,0,0,0,0,0,1,2,-39,takeaway,26.0,0
2025020960,2026-03-03,60,8484305,BUF,41.01,45.0,snap,5v5,0,0,0,0,0,1,60,-29,blocked-shot,13.45,0
2025020960,2026-03-03,67,8482097,BUF,31.14,42.4,snap,5v5,0,0,0,0,0,1,66,-21,giveaway,50.45,0
2025020960,2026-03-03,68,8475722,BUF,8.06,7.13,snap,5v5,0,1,0,0,0,1,81,-1,shot-on-goal,31.14,0
2025020960,2026-03-03,69,8476925,VGK,43.86,46.85,snap,5v5,0,1,0,0,0,1,59,-32,missed-shot,8.06,0
2025020960,2026-03-03,73,8483890,VGK,9.22,40.6,snap,5v5,0,0,0,0,0,1,82,-6,hit,37.34,0
2025020960,2026-03-03,77,8483500,BUF,6.32,18.43,tip-in,5v5,0,0,0,0,0,1,83,-2,hit,36.4,0
2025020960,2026-03-03,79,8480891,BUF,29.21,38.05,snap,5v5,0,0,0,0,0,1,66,-18,hit,70.18,0
2025020960,2026-03-03,82,8482097,BUF,11.66,59.04,bat,5v5,0,0,0,0,0,1,83,-10,faceoff,29.73,0
2025020960,2026-03-03,86,8481604,VGK,34.0,0.0,snap,5v5,0,0,0,0,0,1,55,0,giveaway,60.0,0
2025020960,2026-03-03,87,8478397,VGK,49.48,14.04,slap,5v5,0,1,0,0,0,1,41,-12,shot-on-goal,34.0,0
2025020960,2026-03-03,88,8477949,BUF,53.81,41.99,wrist,5v5,0,1,0,0,0,1,49,36,missed-shot,49.48,0
2025020960,2026-03-03,96,8479420,BUF,37.22,59.3,snap,5v5,0,0,0,0,0,1,70,-32,blocked-shot,28.28,0
2025020960,2026-03-03,97,8480807,BUF,42.38,19.29,snap,5v5,0,1,0,0,0,1,49,14,shot-on-goal,37.22,0
2025020960,2026-03-03,100,8482671,BUF,44.65,34.05,snap,5v5,0,0,0,0,0,1,52,-25,faceoff,29.73,0
2025020960,2026-03-03,105,8480807,BUF,40.2,5.71,snap,5v5,0,0,0,0,0,2,49,-4,faceoff,89.0,0
2025020960,2026-03-03,108,8482671,BUF,61.4,6.55,wrist,5v5,0,0,0,0,2,2,28,7,faceoff,29.73,1
2025020960,2026-03-03,115,8475191,VGK,21.19,19.29,snap,5v5,0,0,0,0,0,2,69,7,faceoff,72.42,0
2025020960,2026-03-03,118,8477949,BUF,31.02,20.77,snap,5v5,0,0,0,0,0,2,60,-11,faceoff,72.42,0
2025020960,2026-03-03,120,8481534,VGK,36.07,46.12,slap,5v5,0,0,0,0,0,2,64,26,giveaway,70.46,0
2025020960,2026-03-03,125,8477964,VGK,40.5,20.22,snap,5v5,0,0,0,0,0,2,51,14,faceoff,29.73,0
2025020960,2026-03-03,126,8482097,BUF,10.44,16.7,snap,5v5,0,1,0,0,0,2,79,-3,shot-on-goal,40.5,0
2025020960,2026-03-03,128,8480064,BUF,23.35,43.26,backhand,5v5,0,0,0,0,0,2,72,-16,giveaway,23.77,0
2025020960,2026-03-03,131,8480064,BUF,21.95,30.07,tip-in,5v5,0,0,0,0,0,2,70,11,faceoff,29.73,0
2025020960,2026-03-03,134,8481604,VGK,27.66,49.4,snap,5v5,0,0,0,0,0,2,71,-21,faceoff,29.73,0
2025020960,2026-03-03,136,8481522,BUF,6.08,9.46,tip-in,5v5,0,0,0,0,0,2,83,-1,hit,58.9,0
2025020960,2026-03-03,140,8479420,BUF,28.84,33.69,wrist,5v5,0,0,0,0,3,2,65,-16,faceoff,29.73,1
2025020960,2026-03-03,146,8481133,VGK,17.72,16.39,snap,5v5,0,0,0,0,0,2,72,-5,giveaway,90.08,0
2025020960,2026-03-03,150,8477447,VGK,57.43,7.0,slap,5v5,0,0,0,0,0,2,32,-7,hit,38.9,0
2025020960,2026-03-03,151,8477964,VGK,6.08,80.54,backhand,5v5,0,1,0,0,0,2,88,-6,missed-shot,57.43,0
2025020960,2026-03-03,152,8477964,VGK,3.61,56.31,wrap-around,5v5,0,1,0,0,-2,2,87,3,shot-on-goal,6.08,1
2025020960,2026-03-03,156,8478403,VGK,69.64,32.09,snap,5v5,0,0,0,0,0,2,30,37,hit,35.23,0
2025020960,2026-03-03,157,8482659,BUF,19.72,30.47,tip-in,5v5,0,1,0,0,0,2,72,-10,shot-on-goal,69.64,0
2025020960,2026-03-03,160,8482659,BUF,15.0,0.0,snap,5v5,0,0,0,0,0,2,74,0,blocked-shot,17.03,0
2025020960,2026-03-03,161,8481604,VGK,21.19,19.29,wrist,5v5,0,1,0,0,-1,2,69,7,missed-shot,15.0,1
2025020960,2026-03-03,163,8475188,VGK,25.61,51.34,snap,5v5,0,0,0,0,0,2,73,20,faceoff,89.0,0
2025020960,2026-03-03,166,8478396,VGK,68.43,26.94,slap,5v5,0,0,0,0,0,2,28,31,hit,10.2,0
2025020960,2026-03-03,170,8475722,BUF,46.23,51.15,snap,5v5,0,0,0,0,0,2,60,36,hit,43.08,0
2025020960,2026-03-03,174,8482659,BUF,51.31,33.07,snap,5v5,0,0,0,0,0,2,46,28,faceoff,29.73,0
2025020960,2026-03-03,178,8475191,VGK,7.21,56.31,tip-in,5v5,0,0,0,0,0,2,85,-6,hit,16.12,0
2025020960,2026-03-03,182,8475191,VGK,43.01,35.54,snap,5v5,0,0,0,0,0,2,54,25,hit,20.12,0
2025020960,2026-03-03,183,8478468,VGK,11.4,37.87,bat,5v5,0,1,0,0,0,2,80,7,shot-on-goal,43.01,0
2025020960,2026-03-03,184,8480802,BUF,31.95,20.14,snap,5v5,0,1,0,0,0,2,59,-11,shot-on-goal,11.4,0
2025020960,2026-03-03,186,8477949,BUF,33.54,63.43,snap,5v5,0,0,0,0,0,2,74,-30,giveaway,66.19,0
2025020960,2026-03-03,187,8478434,VGK,12.65,18.43,snap,5v5,0,1,0,0,0,2,77,4,missed-shot,33.54,0
2025020960,2026-03-03,189,8476925,VGK,32.56,47.49,snap,5v5,0,0,0,0,0,2,67,24,giveaway,32.02,0
2025020960,2026-03-03,193,8480064,BUF,26.63,55.71,snap,5v5,0,0,0,0,0,2,74,22,takeaway,64.4,0
2025020960,2026-03-03,195,8478397,VGK,53.49,20.81,slap,5v5,0,0,0,0,0,2,39,-19,takeaway,41.59,0
2025020960,2026-03-03,197,8480891,BUF,15.65,26.57,snap,5v5,0,0,0,0,0,2,75,7,hit,68.01,0
2025020960,2026-03-03,198,8479359,BUF,11.4,37.87,snap,5v5,0,1,0,0,0,2,80,-7,missed-shot,15.65,0
2025020960,2026-03-03,200,8482097,BUF,23.02,2.49,snap,5v5,0,0,0,0,0,2,66,1,takeaway,66.1,0
2025020960,2026-03-03,204,8475188,VGK,60.64,13.35,wrist,5v5,0,0,0,0,0,2,30,14,faceoff,29.73,0
2025020960,2026-03-03,210,8478396,VGK,52.77,27.05,snap,5v5,0,0,0,0,0,2,42,24,faceoff,29.73,0
2025020960,2026-03-03,213,8477447,VGK,70.71,28.74,snap,5v5,0,0,0,0,0,2,27,34,faceoff,29.73,0
2025020960,2026-03-03,214,8478434,VGK,6.4,51.34,snap,5v5,0,1,0,0,0,2,85,-5,shot-on-goal,70.71,0
2025020960,2026-03-03,220,8480807,BUF,37.64,16.99,snap,5v5,0,0,0,0,0,3,53,11,faceoff,89.0,0
2025020960,2026-03-03,221,8481522,BUF,7.62,66.8,tip-in,5v5,0,1,0,0,0,3,86,-7,missed-shot,37.64,0
2025020960,2026-03-03,225,8475722,BUF,43.86,24.23,snap,5v5,0,0,0,0,0,3,49,18,giveaway,78.55,0
2025020960,2026-03-03,226,8480891,BUF,63.13,40.5,snap,5v5,0,1,0,0,0,3,41,-41,missed-shot,43.86,0
2025020960,2026-03-03,227,8476881,VGK,36.62,34.99,snap,5v5,0,1,0,0,0,3,59,-21,shot-on-goal,63.13,0
2025020960,2026-03-03,231,8480807,BUF,55.76,32.55,snap,5v5,0,0,0,0,0,3,42,-30,faceoff,29.73,0
2025020960,2026-03-03,234,8480807,BUF,55.17,46.47,snap,5v5,0,0,0,0,0,3,51,40,faceoff,29.73,0
2025020960,2026-03-03,244,8478468,VGK,54.41,17.1,slap,5v5,0,0,0,0,0,3,37,-16,faceoff,29.73,0
2025020960,2026-03-03,245,8482097,BUF,28.16,6.12,backhand,5v5,0,1,0,0,0,3,61,3,missed-shot,54.41,0
2025020960,2026-03-03,250,8481527,VGK,56.89,10.12,snap,5v5,0,0,0,0,0,3,33,-10,hit,70.88,0
2025020960,2026-03-03,253,8478468,VGK,33.6,53.47,wrist,5v5,0,0,0,0,0,3,69,27,faceoff,72.42,0
2025020960,2026-03-03,254,8481604,VGK,5.0,0.0,snap,5v5,0,1,0,0,0,3,84,0,shot-on-goal,33.6,0
2025020960,2026-03-03,263,8475188,VGK,65.0,30.51,snap,5v5,0,0,0,0,0,3,33,33,faceoff,29.73,0
2025020960,2026-03-03,270,8480807,BUF,32.25,60.26,snap,5v5,0,0,0,0,0,3,73,28,blocked-shot,36.07,0
2025020960,2026-03-03,273,8478403,VGK,29.41,35.31,snap,5v5,0,0,0,0,0,3,65,-17,faceoff,29.73,0
2025020960,2026-03-03,276,8478396,VGK,66.21,25.02,slap,5v5,0,0,0,0,0,3,29,28,hit,53.15,0
2025020960,2026-03-03,300,8482097,BUF,8.06,60.26,wrist,5v4,1,0,0,0,0,3,85,7,faceoff,29.73,0
2025020960,2026-03-03,301,8477447,VGK,8.25,75.96,snap,5v5,0,1,0,0,0,3,87,-8,shot-on-goal,8.06,0
2025020960,2026-03-03,305,8478403,VGK,52.35,46.55,wrist,5v5,0,0,0,0,0,3,53,-38,faceoff,29.73,0
2025020960,2026-03-03,310,8480802,BUF,13.34,12.99,snap,5v5,0,0,0,0,0,3,76,3,takeaway,76.42,0
2025020960,2026-03-03,315,8477447,VGK,37.7,21.8,snap,6v5,1,0,0,0,0,3,54,14,giveaway,96.66,0
2025020960,2026-03-03,317,8480807,BUF,61.39,12.23,snap,5v6,0,0,0,1,0,3,29,-13,hit,39.81,0
2025020960,2026-03-03,321,8483890,VGK,30.0,0.0,snap,6v5,1,0,0,0,0,3,59,0,giveaway,21.1,0
2025020961,2026-03-03,4,8477935,FLA,5.39,21.8,backhand,5v5,0,0,0,0,0,1,84,2,blocked-shot,9.22,0
2025020961,2026-03-03,5,8479314,FLA,6.32,18.43,between-legs,5v5,0,1,0,0,0,1,83,-2,shot-on-goal,5.39,0
2025020961,2026-03-03,9,8477933,FLA,18.44,12.53,wrist,5v5,0,0,0,0,0,1,71,4,blocked-shot,14.0,0
2025020961,2026-03-03,11,8482113,FLA,5.1,84.29,wrap-around,5v5,0,0,0,0,0,1,94,-1,hit,51.74,0
2025020961,2026-03-03,16,8481721,NJD,29.15,22.17,backhand,5v5,0,0,0,0,0,1,62,-11,faceoff,72.42,0
2025020961,2026-03-03,19,8484958,NJD,10.05,5.71,snap,5v5,0,0,0,0,0,1,79,1,faceoff,29.73,0
2025020961,2026-03-03,20,8480002,NJD,11.0,0.0,tip-in,5v5,0,1,0,0,0,1,78,0,shot-on-goal,10.05,0
2025020961,2026-03-03,25,8473419,FLA,8.06,60.26,backhand,5v5,0,0,0,0,0,1,85,-7,giveaway,17.46,0
2025020961,2026-03-03,33,8478414,NJD,15.13,7.59,tip-in,5v5,0,0,0,0,0,1,74,-2,hit,34.0,0
2025020961,2026-03-03,36,8477409,FLA,40.31,60.26,deflected,5v5,0,0,0,0,0,1,69,-35,faceoff,29.73,0
2025020961,2026-03-03,37,8478414,NJD,15.23,23.2,wrist,5v5,0,1,0,0,0,1,75,6,shot-on-goal,40.31,0
2025020961,2026-03-03,43,8478399,NJD,59.84,9.62,snap,5v5,0,0,0,0,0,1,30,10,faceoff,29.73,0
2025020961,2026-03-03,48,8478859,FLA,16.28,10.62,tip-in,5v5,0,0,0,0,0,1,73,-3,faceoff,29.73,0
2025020961,2026-03-03,49,8484304,FLA,70.68,25.11,wrist,5v5,0,1,0,0,0,1,25,-30,shot-on-goal,16.28,0
2025020961,2026-03-03,56,8481032,NJD,9.0,0.0,tip-in,5v5,0,0,0,0,0,1,80,0,giveaway,51.97,0
2025020961,2026-03-03,61,8483771,FLA,8.06,29.74,backhand,5v5,0,0,0,0,0,1,82,4,faceoff,72.42,0
2025020961,2026-03-03,62,8481721,NJD,22.36,26.57,snap,5v5,0,1,0,0,1,1,69,10,shot-on-goal,8.06,1
2025020961,2026-03-03,68,8482110,NJD,50.0,53.13,slap,4v5,0,0,0,0,0,1,59,40,faceoff,72.42,0
2025020961,2026-03-03,69,8477932,FLA,43.42,28.93,slap,5v4,1,1,0,0,0,1,51,21,shot-on-goal,50.0,0
2025020961,2026-03-03,70,8477935,FLA,13.0,22.62,wrist,5v4,1,1,0,0,0,1,77,-5,missed-shot,43.42,0
2025020961,2026-03-03,71,8477935,FLA,8.54,69.44,wrist,5v4,1,1,0,0,0,1,86,-8,shot-on-goal,13.0,0
2025020961,2026-03-03,78,8478542,FLA,64.35,32.95,wrist,5v5,0,0,0,0,0,1,35,-35,faceoff,29.73,0
2025020961,2026-03-03,79,8482113,FLA,9.06,6.34,backhand,5v5,0,1,0,0,0,1,80,1,missed-shot,64.35,1
2025020961,2026-03-03,82,8483771,FLA,23.41,19.98,backhand,5v5,0,0,0,0,0,1,67,8,takeaway,58.69,0
2025020961,2026-03-03,83,8478421,FLA,7.07,8.13,backhand,5v5,0,1,0,0,0,1,82,1,shot-on-goal,23.41,0
2025020961,2026-03-03,92,8477935,FLA,18.44,12.53,wrist,4v4,0,0,0,0,0,1,71,-4,hit,58.03,0
2025020961,2026-03-03,100,8479407,NJD,46.04,2.49,wrist,5v5,0,0,0,0,0,1,43,-2,hit,34.06,0
2025020961,2026-03-03,111,8480002,NJD,17.46,13.24,wrist,4v5,0,0,0,0,0,2,72,4,faceoff,89.0,0
2025020961,2026-03-03,115,8481559,NJD,31.4,9.16,wrist,4v4,0,0,0,0,0,2,58,5,faceoff,29.73,0
2025020961,2026-03-03,116,8476462,NJD,22.36,63.43,wrist,4v4,0,1,0,0,1,2,79,-20,missed-shot,31.4,1
2025020961,2026-03-03,135,8478859,FLA,50.25,47.42,wrist,4v5,0,0,0,0,0,2,55,37,faceoff,29.73,0
2025020961,2026-03-03,137,8480002,NJD,34.41,35.54,slap,5v4,1,0,0,0,0,2,61,-20,takeaway,68.03,0
2025020961,2026-03-03,138,8480002,NJD,29.15,30.96,wrist,5v4,1,1,0,0,0,2,64,15,missed-shot,34.41,0
2025020961,2026-03-03,141,8478414,NJD,20.81,54.78,wrist,5v4,1,0,0,0,0,2,77,-17,faceoff,29.73,0
2025020961,2026-03-03,142,8478414,NJD,9.06,6.34,tip-in,5v4,1,1,0,0,0,2,80,-1,missed-shot,20.81,0
2025020961,2026-03-03,148,8477933,FLA,82.86,29.66,wrist,5v5,0,0,0,0,0,2,17,-41,giveaway,53.91,0
2025020961,2026-03-03,149,8482113,FLA,22.47,32.28,wrist,5v5,0,1,0,0,0,2,70,-12,shot-on-goal,82.86,0
2025020961,2026-03-03,152,8479407,NJD,40.5,20.22,snap,5v5,0,0,0,0,0,2,51,14,faceoff,29.73,0
2025020961,2026-03-03,153,8479407,NJD,5.39,68.2,snap,5v5,0,1,0,0,0,2,87,-5,shot-on-goal,40.5,0
2025020961,2026-03-03,154,8479996,NJD,9.9,45.0,tip-in,5v5,0,1,0,0,2,2,82,-7,shot-on-goal,5.39,1
2025020961,2026-03-03,162,8478414,NJD,51.86,50.48,wrist,5v5,0,0,0,0,0,2,56,40,giveaway,75.17,0
2025020961,2026-03-03,165,8478055,FLA,53.04,44.24,wrist,5v5,0,0,0,0,0,2,51,37,faceoff,29.73,0
2025020961,2026-03-03,166,8478542,FLA,7.07,45.0,wrist,5v5,0,1,0,0,0,2,84,-5,shot-on-goal,53.04,0
2025020961,2026-03-03,172,8484958,NJD,27.8,37.69,wrist,5v5,0,0,0,0,0,2,67,-17,takeaway,12.17,0
2025020961,2026-03-03,177,8477935,FLA,13.93,21.04,tip-in,5v5,0,0,0,0,0,2,76,5,hit,96.66,0
2025020961,2026-03-03,179,8477488,NJD,56.65,20.67,slap,5v5,0,0,0,0,0,2,36,-20,hit,33.02,0
2025020961,2026-03-03,182,8483495,NJD,65.0,14.25,slap,5v5,0,0,0,0,0,2,26,-16,faceoff,29.73,0
2025020961,2026-03-03,186,8484304,FLA,43.05,2.66,snap,5v5,0,0,0,0,0,2,46,2,hit,17.46,0
2025020961,2026-03-03,191,8481559,NJD,34.93,23.63,wrist,5v4,1,0,0,0,0,2,57,-14,giveaway,38.08,0
2025020961,2026-03-03,194,8482684,NJD,40.85,21.54,wrist,5v4,1,0,0,0,0,2,51,-15,faceoff,29.73,0
2025020961,2026-03-03,198,8482110,NJD,25.96,74.36,backhand,5v4,1,0,0,0,0,2,82,25,blocked-shot,27.29,0
2025020961,2026-03-03,203,8479407,NJD,29.02,1.97,snap,5v5,0,0,0,0,0,2,60,-1,faceoff,29.73,0
2025020961,2026-03-03,206,8478055,FLA,42.19,31.43,wrist,5v5,0,0,0,0,0,2,53,22,faceoff,29.73,0
2025020961,2026-03-03,208,8479314,FLA,7.07,8.13,tip-in,5v5,0,0,0,0,0,2,82,1,giveaway,7.81,0
2025020961,2026-03-03,209,8481600,FLA,52.39,13.24,wrist,5v5,0,1,0,0,0,2,38,12,shot-on-goal,7.07,0
2025020961,2026-03-03,212,8482684,NJD,50.91,45.0,wrist,5v5,0,0,0,0,0,2,53,36,faceoff,29.73,0
2025020961,2026-03-03,224,8476462,NJD,34.79,18.43,wrist,5v5,0,0,0,0,0,3,56,11,hit,30.15,0
2025020961,2026-03-03,227,8481721,NJD,9.0,0.0,backhand,5v5,0,0,0,0,0,3,80,0,faceoff,29.73,0
2025020961,2026-03-03,229,8478055,FLA,67.54,25.43,snap,5v5,0,0,0,0,0,3,28,29,giveaway,89.63,0
2025020961,2026-03-03,235,8478859,FLA,60.37,26.57,slap,5v5,0,0,0,0,0,3,35,27,faceoff,29.73,0
2025020961,2026-03-03,240,8477932,FLA,27.2,36.03,wrist,5v5,0,0,0,0,0,3,67,16,faceoff,29.73,0
2025020961,2026-03-03,243,8476462,NJD,65.28,5.27,slap,5v5,0,0,0,0,0,3,24,6,blocked-shot,32.65,0
2025020961,2026-03-03,248,8478399,NJD,65.19,32.47,wrist,5v5,0,0,0,0,0,3,34,-35,hit,13.45,0
2025020961,2026-03-03,249,8479407,NJD,33.0,0.0,wrist,5v5,0,1,0,0,0,3,56,0,missed-shot,65.19,0
2025020961,2026-03-03,252,8482684,NJD,42.45,15.02,wrist,5v5,0,0,0,0,0,3,48,11,hit,93.04,0
2025020961,2026-03-03,255,8482110,NJD,34.54,22.11,wrist,5v5,0,0,0,0,0,3,57,-13,hit,39.29,0
2025020961,2026-03-03,256,8478414,NJD,45.65,61.19,wrist,5v5,0,1,0,0,0,3,67,40,shot-on-goal,34.54,0
2025020961,2026-03-03,258,8478399,NJD,60.42,12.43,wrist,5v5,0,0,0,0,0,3,30,-13,giveaway,54.45,0
2025020961,2026-03-03,261,8477488,NJD,94.43,24.39,wrist,5v5,0,0,0,0,0,3,3,-39,blocked-shot,36.4,0
2025020961,2026-03-03,264,8475760,NJD,47.51,49.27,wrist,5v5,0,0,0,0,0,3,58,-36,hit,29.15,0
2025020961,2026-03-03,272,8482684,NJD,56.57,45.0,wrist,5v5,0,0,0,0,0,3,49,-40,faceoff,72.42,0
2025020961,2026-03-03,277,8477933,FLA,60.13,3.81,snap,5v5,0,0,0,0,0,3,29,-4,giveaway,25.3,0
2025020961,2026-03-03,282,8478055,FLA,48.26,55.98,wrist,5v5,0,0,0,0,0,3,62,40,blocked-shot,13.93,0
2025020961,2026-03-03,286,8482110,NJD,66.04,32.01,wrist,5v6,0,0,0,1,3,3,33,-35,takeaway,86.98,1
2025020961,2026-03-03,289,8482684,NJD,60.88,42.34,wrist,5v6,0,0,0,1,0,3,44,-41,giveaway,78.23,0
2025020961,2026-03-03,296,8481721,NJD,15.52,14.93,wrist,5v6,0,0,0,1,0,3,74,-4,giveaway,13.93,0
2025020961,2026-03-03,297,8481721,NJD,93.3,19.41,wrist,5v6,0,1,0,1,0,3,1,-31,missed-shot,15.52,0
2025020961,2026-03-03,298,8483495,NJD,30.27,7.59,wrist,5v6,0,1,0,1,4,3,59,-4,missed-shot,93.3,1
2025020962,2026-03-03,4,8480796,WSH,13.45,41.99,backhand,5v5,0,0,0,0,0,1,79,-9,faceoff,29.73,0
2025020962,2026-03-03,8,8475795,WSH,39.82,51.12,slap,5v5,0,0,0,0,0,1,64,-31,hit,10.3,0
2025020962,2026-03-03,13,8482175,UTA,11.05,5.19,wrist,5v5,0,0,0,0,0,1,78,-1,faceoff,72.42,0
2025020962,2026-03-03,14,8482175,UTA,5.66,45.0,wrist,5v5,0,1,0,0,0,1,85,-4,shot-on-goal,11.05,0
2025020962,2026-03-03,19,8479619,UTA,27.51,19.09,snap,5v5,0,0,0,0,0,1,63,-9,blocked-shot,24.0,0
2025020962,2026-03-03,20,8477021,UTA,57.28,16.22,snap,5v5,0,1,0,0,0,1,34,-16,missed-shot,27.51,0
2025020962,2026-03-03,24,8479343,UTA,46.75,48.47,slap,5v5,0,0,0,0,0,1,58,-35,faceoff,29.73,0
2025020962,2026-03-03,25,8477951,UTA,17.03,3.37,deflected,5v5,0,1,0,0,0,1,72,-1,missed-shot,46.75,0
2025020962,2026-03-03,29,8478507,UTA,71.87,31.92,snap,5v5,0,0,0,0,0,1,28,-38,blocked-shot,34.99,0
2025020962,2026-03-03,36,8471214,WSH,53.08,42.71,snap,5v5,0,0,0,0,0,1,50,-36,hit,68.01,0
2025020962,2026-03-03,37,8471214,WSH,13.6,36.03,snap,5v5,0,1,0,0,0,1,78,-8,shot-on-goal,53.08,0
2025020962,2026-03-03,44,8482175,UTA,38.95,29.2,snap,5v5,0,0,0,0,0,1,55,-19,blocked-shot,34.99,0
2025020962,2026-03-03,48,8482699,UTA,32.25,60.26,snap,5v5,0,0,0,0,0,1,73,28,giveaway,49.4,0
2025020962,2026-03-03,49,8479410,UTA,57.31,6.01,slap,5v5,0,1,0,0,0,1,32,-6,missed-shot,32.25,0
2025020962,2026-03-03,55,8482699,UTA,36.4,15.95,snap,5v5,0,0,0,0,1,1,54,10,hit,64.01,1
2025020962,2026-03-03,64,8479410,UTA,48.17,4.76,snap,5v4,1,0,0,0,2,1,41,-4,blocked-shot,26.63,1
2025020962,2026-03-03,68,8479520,WSH,16.55,64.98,backhand,5v5,0,0,0,0,0,1,82,-15,faceoff,29.73,0
2025020962,2026-03-03,76,8482699,UTA,7.07,45.0,tip-in,5v5,0,0,0,0,0,1,84,5,faceoff,29.73,0
2025020962,2026-03-03,84,8479345,WSH,13.6,72.9,backhand,5v5,0,0,0,0,0,1,85,13,hit,25.96,0
2025020962,2026-03-03,89,8479345,WSH,8.06,29.74,tip-in,5v4,1,0,0,0,0,1,82,-4,blocked-shot,21.02,0
2025020962,2026-03-03,90,8471214,WSH,58.52,16.89,snap,5v4,1,1,0,0,0,1,33,17,shot-on-goal,8.06,0
2025020962,2026-03-03,91,8479345,WSH,6.71,26.57,wrist,5v4,1,1,0,0,0,1,83,3,shot-on-goal,58.52,0
2025020962,2026-03-03,93,8479400,WSH,36.07,46.12,snap,5v4,1,0,0,0,-1,1,64,-26,blocked-shot,6.32,1
2025020962,2026-03-03,98,8480434,UTA,88.07,12.46,snap,5v5,0,0,0,0,0,1,3,-19,giveaway,78.23,0
2025020962,2026-03-03,103,8479410,UTA,70.66,26.93,snap,5v5,0,0,0,0,0,2,26,32,giveaway,28.64,0
2025020962,2026-03-03,104,8482175,UTA,36.0,0.0,snap,5v5,0,1,0,0,0,2,53,0,shot-on-goal,70.66,0
2025020962,2026-03-03,105,8475343,WSH,30.48,41.01,snap,5v5,0,1,0,0,0,2,66,20,shot-on-goal,36.0,0
2025020962,2026-03-03,114,8477951,UTA,34.79,18.43,wrist,5v5,0,0,0,0,0,2,56,-11,faceoff,29.73,0
2025020962,2026-03-03,115,8480873,WSH,43.42,51.55,snap,5v5,0,1,0,0,0,2,62,34,missed-shot,34.79,0
2025020962,2026-03-03,116,8480434,UTA,19.24,89.66,wrist,5v5,0,1,0,0,0,2,98,-17,shot-on-goal,43.42,0
2025020962,2026-03-03,121,8478474,UTA,14.0,0.0,backhand,5v5,0,0,0,0,0,2,75,0,faceoff,29.73,0
2025020962,2026-03-03,137,8477845,WSH,69.46,30.26,slap,5v5,0,0,0,0,0,2,29,-35,blocked-shot,28.84,0
2025020962,2026-03-03,138,8482148,WSH,24.74,14.04,snap,5v5,0,1,0,0,0,2,65,6,missed-shot,69.46,0
2025020962,2026-03-03,141,8479619,UTA,10.3,88.85,backhand,5v5,0,0,0,0,0,2,98,5,faceoff,29.73,0
2025020962,2026-03-03,144,8471214,WSH,7.0,0.0,wrist,5v5,0,0,0,0,0,2,82,0,hit,46.32,0
2025020962,2026-03-03,146,8482088,WSH,85.0,25.06,tip-in,5v5,0,0,0,0,0,2,12,-36,giveaway,68.31,0
2025020962,2026-03-03,150,8479345,WSH,57.22,5.01,slap,5v5,0,0,0,0,0,2,32,5,blocked-shot,42.72,0
2025020962,2026-03-03,155,8480855,UTA,21.93,46.85,snap,5v5,0,0,0,0,0,2,74,-16,giveaway,39.46,0
2025020962,2026-03-03,156,8479343,UTA,47.54,22.25,snap,5v5,0,1,0,0,0,2,45,18,missed-shot,21.93,0
2025020962,2026-03-03,160,8477951,UTA,19.31,68.75,snap,5v5,0,0,0,0,0,2,82,18,giveaway,30.41,0
2025020962,2026-03-03,163,8480796,WSH,16.28,47.49,snap,5v5,0,0,0,0,0,2,78,12,hit,35.06,0
2025020962,2026-03-03,175,8479400,WSH,7.0,0.0,snap,5v5,0,0,0,0,0,2,82,0,blocked-shot,14.04,0
2025020962,2026-03-03,176,8479345,WSH,33.24,6.91,snap,5v5,0,1,0,0,0,2,56,4,shot-on-goal,7.0,0
2025020962,2026-03-03,178,8482699,UTA,24.84,40.1,wrist,5v5,0,0,0,0,0,2,70,-16,giveaway,42.54,0
2025020962,2026-03-03,184,8483431,UTA,43.83,34.78,snap,5v5,0,0,0,0,0,2,53,-25,faceoff,72.42,0
2025020962,2026-03-03,203,8482175,UTA,23.26,25.46,snap,5v4,1,0,0,0,2,2,68,10,giveaway,54.82,1
2025020962,2026-03-03,205,8478911,WSH,51.22,51.34,snap,5v5,0,0,0,0,0,2,57,-40,faceoff,89.0,0
2025020962,2026-03-03,206,8471214,WSH,58.67,29.62,slap,5v5,0,1,0,0,0,2,38,-29,missed-shot,51.22,0
2025020962,2026-03-03,209,8474013,UTA,39.12,4.4,snap,5v5,0,0,0,0,0,2,50,3,takeaway,45.45,0
2025020962,2026-03-03,218,8478474,UTA,40.02,12.99,snap,5v5,0,0,0,0,0,3,50,-9,hit,73.25,0
2025020962,2026-03-03,219,8482175,UTA,49.58,48.27,backhand,5v5,0,1,0,0,0,3,56,-37,shot-on-goal,40.02,0
2025020962,2026-03-03,222,8477021,UTA,8.06,7.13,tip-in,5v5,0,0,0,0,0,3,81,-1,faceoff,29.73,0
2025020962,2026-03-03,227,8479345,WSH,43.68,15.95,snap,5v5,0,0,0,0,0,3,47,12,blocked-shot,35.0,0
2025020962,2026-03-03,228,8479345,WSH,38.01,35.36,snap,5v5,0,1,0,0,0,3,58,22,missed-shot,43.68,0
2025020962,2026-03-03,229,8474013,UTA,14.21,39.29,backhand,5v5,0,1,0,0,0,3,78,-9,missed-shot,38.01,0
2025020962,2026-03-03,236,8478463,WSH,58.73,42.93,snap,5v5,0,0,0,0,0,3,46,40,blocked-shot,20.62,0
2025020962,2026-03-03,240,8476880,WSH,14.87,42.27,snap,5v5,0,0,0,0,0,3,78,-10,delayed-penalty,89.0,0
2025020962,2026-03-03,241,8476880,WSH,8.06,60.26,deflected,5v5,0,1,0,0,0,3,85,-7,shot-on-goal,14.87,0
2025020962,2026-03-03,246,8484186,WSH,27.2,53.97,snap,5v4,1,0,0,0,-1,3,73,-22,giveaway,40.82,1
2025020962,2026-03-03,248,8480873,WSH,40.22,34.88,snap,5v5,0,0,0,0,0,3,56,-23,faceoff,89.0,0
2025020962,2026-03-03,249,8479400,WSH,6.32,18.43,deflected,5v5,0,1,0,0,0,3,83,-2,shot-on-goal,40.22,0
2025020962,2026-03-03,250,8478463,WSH,9.22,77.47,snap,5v5,0,1,0,0,0,3,87,-9,shot-on-goal,6.32,0
2025020962,2026-03-03,254,8482175,UTA,58.67,29.62,snap,5v5,0,0,0,0,0,3,38,-29,takeaway,57.98,0
2025020962,2026-03-03,255,8478507,UTA,8.06,82.87,snap,5v5,0,1,0,0,0,3,88,-8,shot-on-goal,58.67,0
2025020962,2026-03-03,257,8479410,UTA,26.91,41.99,snap,5v5,0,0,0,0,0,3,69,18,blocked-shot,37.0,0
2025020962,2026-03-03,264,8477951,UTA,13.6,53.97,wrist,5v5,0,0,0,0,0,3,81,-11,takeaway,69.89,0
2025020962,2026-03-03,265,8480873,WSH,47.54,14.62,snap,5v5,0,1,0,0,0,3,43,12,missed-shot,13.6,0
2025020962,2026-03-03,272,8480855,UTA,6.08,80.54,wrist,5v5,0,0,0,0,0,3,88,6,blocked-shot,14.87,0
2025020962,2026-03-03,273,8480855,UTA,6.08,80.54,wrist,5v5,0,1,0,0,0,3,88,6,shot-on-goal,6.08,0
2025020962,2026-03-03,276,8478911,WSH,69.4,36.21,snap,5v5,0,0,0,0,0,3,33,-41,giveaway,22.36,0
2025020962,2026-03-03,277,8481580,WSH,15.52,75.07,snap,5v5,0,1,0,0,0,3,85,-15,shot-on-goal,69.4,0
2025020962,2026-03-03,281,8479400,WSH,18.79,64.8,snap,5v5,0,0,0,0,0,3,81,-17,blocked-shot,28.23,0
2025020962,2026-03-03,284,8479343,UTA,10.3,60.95,wrist,5v5,0,0,0,0,0,3,84,9,faceoff,29.73,0
2025020962,2026-03-03,292,8481580,WSH,9.49,71.57,tip-in,5v5,0,0,0,0,0,3,86,9,hit,66.31,0
2025020962,2026-03-03,294,8484186,WSH,11.4,52.13,backhand,5v5,0,0,0,0,0,3,82,-9,blocked-shot,27.66,0
2025020962,2026-03-03,300,8477220,UTA,90.71,14.04,snap,5v6,0,0,0,1,0,3,1,22,faceoff,29.73,0
2025020962,2026-03-03,303,8471214,WSH,46.75,41.53,slap,6v5,1,0,0,0,0,3,54,31,blocked-shot,9.0,0
2025020962,2026-03-03,304,8479400,WSH,17.46,66.37,snap,6v5,1,1,0,0,0,3,82,-16,missed-shot,46.75,0
2025020962,2026-03-03,305,8478474,UTA,17.69,47.29,snap,5v6,0,1,0,1,0,3,77,-13,missed-shot,17.46,0
2025020963,2026-03-03,7,8480893,CBJ,29.41,35.31,wrist,5v5,0,0,0,0,0,1,65,-17,hit,8.94,0
2025020963,2026-03-03,11,8482660,CBJ,46.87,56.31,wrist,5v5,0,0,0,0,0,1,63,39,faceoff,29.73,0
2025020963,2026-03-03,12,8482660,CBJ,23.32,59.04,snap,5v5,0,1,0,0,0,1,77,20,missed-shot,46.87,0
2025020963,2026-03-03,14,8481178,CBJ,60.9,29.51,wrist,5v5,0,0,0,0,0,1,36,30,blocked-shot,43.42,0
2025020963,2026-03-03,23,8480806,CBJ,59.36,32.62,wrist,5v5,0,0,0,0,0,1,39,-32,blocked-shot,15.52,0
2025020963,2026-03-03,30,8482146,NSH,27.89,14.53,slap,5v5,0,0,0,0,0,1,62,-7,giveaway,39.82,0
2025020963,2026-03-03,40,8475745,CBJ,49.09,56.63,wrist,5v5,0,0,0,0,0,1,62,-41,giveaway,37.05,0
2025020963,2026-03-03,41,8479671,CBJ,45.61,52.13,wrist,5v5,0,1,0,0,0,1,61,-36,shot-on-goal,49.09,0
2025020963,2026-03-03,43,8479671,CBJ,39.82,28.5,wrist,5v5,0,0,0,0,0,1,54,-19,blocked-shot,8.49,0
2025020963,2026-03-03,47,8476887,NSH,33.24,43.78,snap,5v5,0,0,0,0,0,1,65,23,hit,60.88,0
2025020963,2026-03-03,56,8482660,CBJ,37.2,36.25,snap,5v5,0,0,0,0,0,1,59,22,faceoff,29.73,0
2025020963,2026-03-03,57,8477425,CBJ,51.09,3.37,snap,5v5,0,1,0,0,0,1,38,-3,shot-on-goal,37.2,0
2025020963,2026-03-03,69,8480893,CBJ,29.15,59.04,slap,5v5,0,0,0,0,0,1,74,25,faceoff,89.0,0
2025020963,2026-03-03,70,8484166,CBJ,19.1,42.88,wrist,5v5,0,1,0,0,1,1,75,13,missed-shot,29.15,1
2025020963,2026-03-03,78,8476887,NSH,16.28,42.51,snap,5v5,0,0,0,0,0,1,77,-11,blocked-shot,13.04,0
2025020963,2026-03-03,82,8474564,NSH,7.0,0.0,wrist,5v5,0,0,0,0,0,1,82,0,blocked-shot,41.15,0
2025020963,2026-03-03,88,8480246,NSH,45.4,7.59,wrist,5v5,0,0,0,0,0,1,44,6,giveaway,43.08,0
2025020963,2026-03-03,93,8475745,CBJ,6.4,51.34,tip-in,5v4,1,0,0,0,0,1,85,5,giveaway,23.54,0
2025020963,2026-03-03,96,8476869,NSH,30.15,89.81,slap,4v5,0,0,0,0,0,1,92,-30,faceoff,29.73,0
2025020963,2026-03-03,97,8480893,CBJ,33.73,11.98,snap,5v4,1,1,0,0,0,1,56,7,shot-on-goal,30.15,0
2025020963,2026-03-03,100,8475158,NSH,7.81,39.81,wrist,5v4,1,0,0,0,0,1,83,-5,faceoff,29.73,0
2025020963,2026-03-03,101,8474564,NSH,15.81,71.57,snap,5v4,1,1,0,0,0,1,84,15,shot-on-goal,7.81,0
2025020963,2026-03-03,102,8475158,NSH,8.06,60.26,snap,5v4,1,1,0,0,0,1,85,7,shot-on-goal,15.81,0
2025020963,2026-03-03,104,8482146,NSH,13.89,30.26,snap,5v4,1,0,0,0,0,1,77,7,blocked-shot,33.24,0
2025020963,2026-03-03,105,8474564,NSH,23.0,89.75,snap,5v4,1,1,0,0,0,1,89,23,shot-on-goal,13.89,0
2025020963,2026-03-03,107,8476887,NSH,3.16,18.43,wrist,5v4,1,0,0,0,0,1,86,1,stoppage,89.0,1
2025020963,2026-03-03,116,8476887,NSH,35.9,77.12,wrist,5v5,0,0,0,0,0,2,81,-35,giveaway,25.5,0
2025020963,2026-03-03,118,8483565,NSH,71.34,31.24,snap,5v5,0,0,0,0,0,2,28,-37,giveaway,8.54,0
2025020963,2026-03-03,119,8479370,NSH,24.6,26.57,wrist,5v5,0,1,0,0,0,2,67,11,shot-on-goal,71.34,0
2025020963,2026-03-03,120,8482660,CBJ,28.02,34.82,wrist,5v5,0,1,0,0,0,2,66,16,missed-shot,24.6,0
2025020963,2026-03-03,125,8480246,NSH,40.0,0.0,wrist,5v5,0,0,0,0,0,2,49,0,blocked-shot,5.39,0
2025020963,2026-03-03,126,8483485,CBJ,42.45,43.09,snap,5v5,0,1,0,0,0,2,58,-29,shot-on-goal,40.0,0
2025020963,2026-03-03,127,8482705,CBJ,23.77,14.62,tip-in,5v5,0,1,0,0,0,2,66,-6,missed-shot,42.45,0
2025020963,2026-03-03,130,8484166,CBJ,15.23,66.8,wrist,5v5,0,0,0,0,0,2,83,14,takeaway,62.48,0
2025020963,2026-03-03,135,8475745,CBJ,8.25,14.04,tip-in,5v4,1,0,0,0,0,2,81,2,faceoff,72.42,0
2025020963,2026-03-03,137,8483485,CBJ,42.01,1.36,snap,5v4,1,0,0,0,0,2,47,-1,hit,50.45,0
2025020963,2026-03-03,146,8482146,NSH,19.7,23.96,wrist,5v5,0,0,0,0,0,2,71,-8,faceoff,29.73,0
2025020963,2026-03-03,158,8483565,NSH,60.41,6.65,snap,5v5,0,0,0,0,0,2,29,-7,faceoff,29.73,0
2025020963,2026-03-03,161,8478500,CBJ,55.0,36.87,wrist,5v5,0,0,0,0,0,2,45,33,giveaway,9.49,0
2025020963,2026-03-03,167,8483485,CBJ,43.1,3.99,wrist,5v5,0,0,0,0,0,2,46,3,blocked-shot,24.35,0
2025020963,2026-03-03,171,8483485,CBJ,32.02,1.79,wrist,5v5,0,0,0,0,0,2,57,-1,blocked-shot,25.02,0
2025020963,2026-03-03,173,8478975,CBJ,86.65,18.85,wrist,5v5,0,0,0,0,0,2,7,-28,blocked-shot,12.73,0
2025020963,2026-03-03,174,8480893,CBJ,19.92,72.47,snap,5v5,0,1,0,0,0,2,83,19,shot-on-goal,86.65,0
2025020963,2026-03-03,175,8479371,CBJ,71.03,35.26,snap,5v5,0,1,0,0,0,2,31,-41,missed-shot,19.92,0
2025020963,2026-03-03,178,8482111,NSH,36.24,39.4,slap,5v5,0,0,0,0,0,2,61,-23,takeaway,76.06,0
2025020963,2026-03-03,179,8475158,NSH,6.32,18.43,deflected,5v5,0,1,0,0,1,2,83,-2,shot-on-goal,36.24,1
2025020963,2026-03-03,181,8474600,NSH,51.87,34.0,snap,5v5,0,0,0,0,0,2,46,29,faceoff,89.0,0
2025020963,2026-03-03,185,8475790,CBJ,54.38,32.23,wrist,5v5,0,0,0,0,0,2,43,-29,hit,94.85,0
2025020963,2026-03-03,190,8475287,NSH,9.43,57.99,wrist,5v5,0,0,0,0,0,2,84,8,blocked-shot,33.11,0
2025020963,2026-03-03,193,8483565,NSH,58.82,17.82,slap,5v5,0,0,0,0,0,2,33,-18,faceoff,29.73,0
2025020963,2026-03-03,194,8483485,CBJ,14.0,0.0,tip-in,5v5,0,1,0,0,0,2,75,0,missed-shot,58.82,0
2025020963,2026-03-03,195,8476923,CBJ,10.0,89.43,wrist,5v5,0,1,0,0,0,2,89,-10,missed-shot,14.0,0
2025020963,2026-03-03,198,8478046,CBJ,23.35,43.26,wrist,5v5,0,0,0,0,0,2,72,16,faceoff,29.73,0
2025020963,2026-03-03,200,8479371,CBJ,35.36,45.0,snap,5v5,0,0,0,0,0,2,64,-25,giveaway,22.47,0
2025020963,2026-03-03,201,8481178,CBJ,56.4,37.07,snap,5v5,0,1,0,0,0,2,44,34,missed-shot,35.36,0
2025020963,2026-03-03,202,8477497,CBJ,26.4,52.7,snap,5v5,0,1,0,0,0,2,73,-21,missed-shot,56.4,0
2025020963,2026-03-03,205,8478975,CBJ,32.14,5.36,backhand,5v5,0,0,0,0,0,2,57,3,faceoff,29.73,0
2025020963,2026-03-03,208,8484166,CBJ,44.65,34.05,snap,5v5,0,0,0,0,0,2,52,-25,faceoff,29.73,0
2025020963,2026-03-03,209,8475158,NSH,27.46,56.89,backhand,5v5,0,1,0,0,0,2,74,-23,missed-shot,44.65,0
2025020963,2026-03-03,220,8474600,NSH,48.04,2.39,snap,5v4,1,0,0,0,0,3,41,-2,faceoff,29.73,0
2025020963,2026-03-03,221,8477497,CBJ,30.08,15.42,snap,4v5,0,1,0,0,0,3,60,8,missed-shot,48.04,1
2025020963,2026-03-03,224,8475158,NSH,27.46,33.11,slap,5v4,1,0,0,0,0,3,66,15,giveaway,44.28,0
2025020963,2026-03-03,225,8476539,NSH,9.9,45.0,wrist,5v4,1,1,0,0,0,3,82,-7,shot-on-goal,27.46,0
2025020963,2026-03-03,226,8474600,NSH,54.08,3.18,slap,5v4,1,1,0,0,0,3,35,-3,missed-shot,9.9,0
2025020963,2026-03-03,227,8475158,NSH,7.28,15.95,snap,5v4,1,1,0,0,0,3,82,2,missed-shot,54.08,0
2025020963,2026-03-03,228,8475745,CBJ,17.0,0.0,wrist,4v5,0,1,0,0,0,3,72,0,missed-shot,7.28,0
2025020963,2026-03-03,233,8479370,NSH,33.02,35.13,wrist,5v5,0,0,0,0,0,3,62,-19,faceoff,72.42,0
2025020963,2026-03-03,234,8480246,NSH,59.14,3.88,snap,5v5,0,1,0,0,0,3,30,-4,shot-on-goal,33.02,0
2025020963,2026-03-03,235,8476869,NSH,59.0,0.0,slap,5v5,0,1,0,0,0,3,30,0,shot-on-goal,59.14,0
2025020963,2026-03-03,240,8475790,CBJ,42.45,15.02,slap,5v5,0,0,0,0,0,3,48,-11,hit,36.12,0
2025020963,2026-03-03,242,8484241,NSH,69.35,5.79,deflected,5v5,0,0,0,0,0,3,20,7,giveaway,69.26,0
2025020963,2026-03-03,243,8482705,CBJ,33.62,59.62,snap,5v5,0,1,0,0,0,3,72,29,shot-on-goal,69.35,0
2025020963,2026-03-03,244,8482705,CBJ,39.62,47.05,snap,5v5,0,1,0,0,0,3,62,29,missed-shot,33.62,0
2025020963,2026-03-03,245,8475745,CBJ,8.06,7.13,deflected,5v5,0,1,0,0,1,3,81,1,shot-on-goal,39.62,1
2025020963,2026-03-03,251,8484166,CBJ,6.32,18.43,tip-in,5v4,1,0,0,0,0,3,83,-2,takeaway,26.31,0
2025020963,2026-03-03,253,8480893,CBJ,19.65,75.26,snap,5v4,1,0,0,0,0,3,84,19,blocked-shot,18.97,0
2025020963,2026-03-03,259,8476869,NSH,42.44,34.44,slap,5v5,0,0,0,0,0,3,54,24,giveaway,41.0,0
2025020963,2026-03-03,262,8484241,NSH,17.03,49.76,wrist,5v5,0,0,0,0,0,3,78,13,blocked-shot,24.7,0
2025020963,2026-03-03,265,8482705,CBJ,28.02,34.82,backhand,5v5,0,0,0,0,0,3,66,16,delayed-penalty,89.0,0
2025020963,2026-03-03,272,8475745,CBJ,9.85,23.96,snap,5v4,1,0,0,0,0,3,80,4,blocked-shot,46.62,0
2025020963,2026-03-03,273,8480893,CBJ,38.83,11.89,snap,5v4,1,1,0,0,0,3,51,8,shot-on-goal,9.85,0
2025020963,2026-03-03,276,8482660,CBJ,7.28,15.95,tip-in,5v5,0,0,0,0,0,3,82,-2,faceoff,29.73,0
2025020963,2026-03-03,279,8478046,CBJ,34.23,83.29,wrist,5v5,0,0,0,0,0,3,85,34,faceoff,29.73,0
2025020963,2026-03-03,282,8477497,CBJ,19.8,45.0,tip-in,5v5,0,0,0,0,0,3,75,14,faceoff,29.73,0
2025020963,2026-03-03,290,8480893,CBJ,26.42,29.48,snap,5v5,0,0,0,0,0,3,66,-13,giveaway,41.76,0
2025020963,2026-03-03,294,8477497,CBJ,11.18,26.57,backhand,5v5,0,0,0,0,0,3,79,5,faceoff,29.73,0
2025020963,2026-03-03,297,8482742,NSH,6.71,26.57,tip-in,5v5,0,0,0,0,0,3,83,3,blocked-shot,43.05,0
2025020963,2026-03-03,301,8476539,NSH,65.8,36.35,snap,5v5,0,0,0,0,0,3,36,-39,hit,37.34,0
2025020963,2026-03-03,310,8477497,CBJ,82.97,15.38,wrist,5v5,0,0,0,0,0,3,9,-22,faceoff,29.73,0
2025020964,2026-03-03,3,8484197,CHI,33.53,72.65,wrist,5v5,0,0,0,0,0,1,79,32,blocked-shot,15.26,0
2025020964,2026-03-03,6,8481624,CHI,7.81,50.19,backhand,5v5,0,0,0,0,0,1,84,-6,blocked-shot,56.94,0
2025020964,2026-03-03,8,8482149,WPG,58.67,29.62,wrist,5v5,0,0,0,0,0,1,38,-29,giveaway,44.6,0
2025020964,2026-03-03,12,8477938,WPG,48.05,12.01,wrist,5v5,0,0,0,0,0,1,42,-10,hit,30.27,0
2025020964,2026-03-03,17,8481806,CHI,64.2,37.41,wrist,4v4,0,0,0,0,0,1,38,-39,faceoff,29.73,0
2025020964,2026-03-03,19,8480049,WPG,16.28,47.49,wrist,4v4,0,0,0,0,1,1,78,-12,blocked-shot,32.0,1
2025020964,2026-03-03,31,8483493,CHI,39.2,37.75,slap,5v5,0,0,0,0,0,1,58,24,giveaway,15.23,0
2025020964,2026-03-03,40,8476392,WPG,55.44,39.14,snap,5v5,0,0,0,0,0,1,46,-35,hit,30.02,0
2025020964,2026-03-03,45,8474679,WPG,26.0,67.38,wrist,5v5,0,0,0,0,0,1,79,24,takeaway,8.94,0
2025020964,2026-03-03,48,8483493,CHI,23.6,36.38,wrist,5v5,0,0,0,0,0,1,70,-14,faceoff,72.42,0
2025020964,2026-03-03,50,8480289,WPG,15.81,55.3,tip-in,5v5,0,0,0,0,0,1,80,-13,blocked-shot,49.04,0
2025020964,2026-03-03,56,8482807,CHI,38.08,29.93,slap,5v5,0,0,0,0,0,1,56,19,hit,23.09,0
2025020964,2026-03-03,60,8473422,CHI,30.89,60.95,wrist,5v5,0,0,0,0,0,1,74,27,hit,69.89,0
2025020964,2026-03-03,65,8481806,CHI,53.15,48.81,snap,5v5,0,0,0,0,0,1,54,-40,hit,41.79,0
2025020964,2026-03-03,66,8476871,WPG,35.38,42.71,wrist,5v5,0,1,0,0,0,1,63,-24,missed-shot,53.15,0
2025020964,2026-03-03,73,8483510,WPG,56.73,40.71,wrist,5v5,0,0,0,0,0,1,46,37,giveaway,41.34,0
2025020964,2026-03-03,85,8483493,CHI,11.7,70.02,snap,5v5,0,0,0,0,0,1,85,-11,blocked-shot,30.41,0
2025020964,2026-03-03,90,8476882,CHI,24.33,9.46,wrist,5v4,1,0,0,0,0,1,65,-4,faceoff,29.73,1
2025020964,2026-03-03,93,8484197,CHI,43.08,21.8,wrist,5v4,1,0,0,0,0,1,49,16,blocked-shot,16.76,0
2025020964,2026-03-03,94,8483450,CHI,19.24,8.97,tip-in,5v4,1,1,0,0,0,1,70,-3,missed-shot,43.08,0
2025020964,2026-03-03,100,8476460,WPG,33.11,25.02,wrist,5v5,0,0,0,0,0,2,59,14,blocked-shot,26.93,0
2025020964,2026-03-03,102,8479378,WPG,37.36,74.48,wrist,5v5,0,0,0,0,0,2,79,-36,giveaway,87.14,0
2025020964,2026-03-03,104,8482172,CHI,43.57,31.87,wrist,5v5,0,0,0,0,0,2,52,-23,hit,45.28,0
2025020964,2026-03-03,108,8484144,CHI,16.64,32.74,snap,5v5,0,0,0,0,0,2,75,9,faceoff,29.73,0
2025020964,2026-03-03,111,8476882,CHI,37.34,69.62,wrist,5v5,0,0,0,0,0,2,76,35,faceoff,29.73,0
2025020964,2026-03-03,124,8484144,CHI,18.87,32.01,wrist,5v5,0,0,0,0,0,2,73,10,blocked-shot,17.46,0
2025020964,2026-03-03,130,8473422,CHI,26.4,37.3,backhand,5v5,0,0,0,0,0,2,68,16,giveaway,66.84,0
2025020964,2026-03-03,132,8476871,WPG,40.5,57.09,snap,5v5,0,0,0,0,0,2,67,34,hit,40.16,0
2025020964,2026-03-03,135,8481624,CHI,28.64,12.09,snap,5v5,0,0,0,0,0,2,61,6,faceoff,29.73,0
2025020964,2026-03-03,136,8477450,CHI,24.21,38.29,snap,5v5,0,1,0,0,0,2,70,15,shot-on-goal,28.64,0
2025020964,2026-03-03,140,8484144,CHI,7.62,66.8,backhand,5v5,0,0,0,0,0,2,86,7,giveaway,28.46,0
2025020964,2026-03-03,143,8478398,WPG,8.94,63.43,backhand,5v5,0,0,0,0,0,2,85,8,faceoff,29.73,0
2025020964,2026-03-03,145,8483506,CHI,34.13,5.04,wrist,5v5,0,0,0,0,0,2,55,3,hit,42.95,0
2025020964,2026-03-03,147,8479378,WPG,33.97,42.61,wrist,5v5,0,0,0,0,0,2,64,23,hit,13.6,0
2025020964,2026-03-03,148,8474679,WPG,52.35,28.52,wrist,5v5,0,1,0,0,0,2,43,-25,shot-on-goal,33.97,0
2025020964,2026-03-03,159,8477450,CHI,45.0,0.0,wrist,5v5,0,0,0,0,0,2,44,0,giveaway,84.2,0
2025020964,2026-03-03,163,8483506,CHI,68.51,33.69,wrist,5v5,0,0,0,0,0,2,32,-38,faceoff,29.73,0
2025020964,2026-03-03,166,8479378,WPG,59.03,26.13,slap,5v5,0,0,0,0,0,2,36,26,faceoff,29.73,0
2025020964,2026-03-03,171,8484783,CHI,61.81,9.31,slap,5v5,0,0,0,0,0,2,28,-10,faceoff,29.73,0
2025020964,2026-03-03,179,8476392,WPG,36.01,1.59,wrist,5v5,0,0,0,0,0,2,53,1,takeaway,41.0,0
2025020964,2026-03-03,189,8483450,CHI,24.21,51.71,wrist,5v5,0,0,0,0,1,3,74,19,faceoff,29.73,1
2025020964,2026-03-03,192,8477479,CHI,38.95,29.2,wrist,5v5,0,0,0,0,0,3,55,19,hit,42.54,0
2025020964,2026-03-03,196,8481806,CHI,39.85,17.53,wrist,5v5,0,0,0,0,0,3,51,-12,blocked-shot,14.42,0
2025020964,2026-03-03,197,8482172,CHI,6.71,26.57,wrist,5v5,0,1,0,0,0,3,83,3,shot-on-goal,39.85,0
2025020964,2026-03-03,204,8473604,WPG,48.17,4.76,wrist,5v4,1,0,0,0,0,3,41,4,faceoff,29.73,0
2025020964,2026-03-03,207,8480113,WPG,10.3,29.05,tip-in,5v5,0,0,0,0,0,3,80,5,faceoff,29.73,0
2025020964,2026-03-03,208,8480113,WPG,27.29,28.44,wrist,5v5,0,1,0,0,0,3,65,13,shot-on-goal,10.3,0
2025020964,2026-03-03,211,8476882,CHI,52.81,18.78,wrist,5v5,0,0,0,0,0,3,39,-17,hit,41.23,0
2025020964,2026-03-03,217,8476460,WPG,13.6,53.97,slap,5v5,0,0,0,0,0,3,81,-11,faceoff,29.73,0
2025020964,2026-03-03,220,8478398,WPG,26.68,77.01,wrist,5v5,0,0,0,0,0,3,83,26,blocked-shot,11.66,0
2025020964,2026-03-03,223,8482149,WPG,34.44,25.82,snap,5v5,0,0,0,0,0,3,58,-15,faceoff,29.73,0
2025020964,2026-03-03,229,8483510,WPG,48.37,7.13,wrist,5v5,0,0,0,0,0,3,41,6,giveaway,79.16,0
2025020964,2026-03-03,230,8480113,WPG,15.26,58.39,slap,5v5,0,1,0,0,0,3,81,13,shot-on-goal,48.37,0
2025020964,2026-03-03,234,8476871,WPG,60.44,16.34,wrist,5v5,0,0,0,0,0,3,31,-17,hit,94.85,0
2025020964,2026-03-03,240,8480113,WPG,21.02,2.73,snap,5v5,0,0,0,0,0,3,68,-1,giveaway,77.9,0
2025020964,2026-03-03,244,8479378,WPG,66.85,21.96,slap,5v5,0,0,0,0,0,3,27,25,faceoff,29.73,0
2025020964,2026-03-03,245,8483510,WPG,62.97,20.45,wrist,5v5,0,1,0,0,0,3,30,22,missed-shot,66.85,0
2025020964,2026-03-03,246,8478398,WPG,18.6,53.75,wrist,5v5,0,1,0,0,0,3,78,-15,missed-shot,62.97,0
2025020964,2026-03-03,247,8480113,WPG,6.0,0.0,poke,5v5,0,1,0,0,0,3,83,0,shot-on-goal,18.6,0
2025020964,2026-03-03,248,8476460,WPG,6.0,0.0,wrist,5v5,0,1,0,0,0,3,83,0,shot-on-goal,6.0,0
2025020964,2026-03-03,249,8476460,WPG,5.0,0.0,snap,5v5,0,1,0,0,0,3,84,0,shot-on-goal,6.0,0
2025020964,2026-03-03,250,8476460,WPG,3.61,33.69,wrist,5v5,0,1,0,0,0,3,86,2,shot-on-goal,5.0,0
2025020964,2026-03-03,254,8483506,CHI,62.97,32.68,wrist,5v5,0,0,0,0,0,3,36,-34,hit,33.24,0
2025020964,2026-03-03,258,8478398,WPG,9.49,18.43,backhand,5v5,0,0,0,0,0,3,80,-3,faceoff,29.73,0
2025020964,2026-03-03,276,8476331,WPG,54.04,38.99,wrist,5v5,0,0,0,0,0,3,47,34,faceoff,29.73,0
2025020964,2026-03-03,279,8483510,WPG,45.65,28.81,backhand,6v5,1,0,0,0,0,3,49,-22,faceoff,29.73,0
2025020964,2026-03-03,282,8480014,WPG,24.7,58.24,wrist,6v5,1,0,0,0,0,3,76,-21,hit,11.4,0
2025020964,2026-03-03,283,8476460,WPG,4.24,45.0,backhand,6v5,1,1,0,0,0,3,86,3,shot-on-goal,24.7,0
2025020964,2026-03-03,285,8483510,WPG,43.01,17.59,slap,6v5,1,0,0,0,0,3,48,-13,blocked-shot,7.28,0
2025020964,2026-03-03,288,8482149,WPG,33.94,45.0,wrist,6v5,1,0,0,0,0,3,65,24,faceoff,29.73,1
2025020964,2026-03-03,293,8478398,WPG,27.78,59.74,wrist,3v3,0,0,0,0,0,4,75,-24,faceoff,89.0,0
2025020964,2026-03-03,294,8481624,CHI,5.1,88.85,wrap-around,3v3,0,1,0,0,0,4,90,5,shot-on-goal,27.78,0
2025020964,2026-03-03,295,8476460,WPG,32.02,14.47,wrist,3v3,0,1,0,0,1,4,58,8,missed-shot,5.1,1
2025020965,2026-03-03,4,8480860,CGY,70.18,32.78,snap,5v5,0,0,0,0,0,1,30,38,giveaway,8.49,0
2025020965,2026-03-03,7,8480028,CGY,47.71,33.02,wrist,5v5,0,0,0,0,0,1,49,-26,faceoff,29.73,0
2025020965,2026-03-03,10,8484938,DAL,33.06,3.47,wrist,5v5,0,0,0,0,0,1,56,-2,blocked-shot,44.6,0
2025020965,2026-03-03,18,8474150,CGY,34.44,25.82,wrist,4v5,0,0,0,0,0,1,58,-15,faceoff,29.73,0
2025020965,2026-03-03,20,8476902,DAL,33.6,53.47,wrist,5v4,1,0,0,0,0,1,69,27,blocked-shot,20.62,0
2025020965,2026-03-03,23,8482679,CGY,4.0,88.57,wrap-around,5v4,1,0,0,0,0,1,89,4,faceoff,29.73,0
2025020965,2026-03-03,24,8474150,CGY,34.67,56.77,slap,5v5,0,1,0,0,0,1,70,-29,missed-shot,4.0,0
2025020965,2026-03-03,25,8480027,DAL,21.63,56.31,wrist,5v5,0,1,0,0,0,1,77,18,missed-shot,34.67,0
2025020965,2026-03-03,26,8480027,DAL,22.47,69.15,wrist,5v5,0,1,0,0,0,1,81,21,shot-on-goal,21.63,0
2025020965,2026-03-03,29,8482145,DAL,25.46,45.0,wrist,5v5,0,0,0,0,0,1,71,18,hit,20.62,0
2025020965,2026-03-03,30,8481556,CGY,44.42,31.18,wrist,5v5,0,1,0,0,0,1,51,23,shot-on-goal,25.46,0
2025020965,2026-03-03,37,8479351,DAL,23.09,17.65,tip-in,5v5,0,0,0,0,1,1,67,-7,giveaway,35.69,1
2025020965,2026-03-03,41,8476278,DAL,57.31,42.88,wrist,5v5,0,0,0,0,0,1,47,-39,hit,11.4,0
2025020965,2026-03-03,44,8480028,CGY,9.0,0.0,tip-in,5v5,0,0,0,0,0,1,80,0,hit,27.46,1
2025020965,2026-03-03,48,8482740,DAL,11.0,0.0,tip-in,5v5,0,0,0,0,0,1,78,0,faceoff,29.73,0
2025020965,2026-03-03,51,8480027,DAL,48.27,50.04,wrist,5v5,0,0,0,0,0,1,58,37,faceoff,29.73,0
2025020965,2026-03-03,60,8473994,DAL,22.47,57.72,snap,5v5,0,0,0,0,1,1,77,19,blocked-shot,17.46,1
2025020965,2026-03-03,70,8482145,DAL,34.13,58.17,wrist,5v5,0,0,0,0,0,1,71,-29,blocked-shot,17.89,0
2025020965,2026-03-03,72,8474150,CGY,53.74,45.0,wrist,5v5,0,0,0,0,0,1,51,38,giveaway,85.43,0
2025020965,2026-03-03,76,8484768,CGY,50.16,23.5,wrist,5v5,0,0,0,0,0,1,43,20,faceoff,29.73,0
2025020965,2026-03-03,79,8477810,CGY,59.23,11.69,wrist,5v5,0,0,0,0,0,1,31,12,faceoff,29.73,0
2025020965,2026-03-03,85,8481556,CGY,17.03,49.76,wrist,5v5,0,0,0,0,0,1,78,13,blocked-shot,50.61,0
2025020965,2026-03-03,94,8482145,DAL,30.81,54.25,wrist,5v5,0,0,0,0,0,1,71,-25,blocked-shot,45.4,0
2025020965,2026-03-03,97,8473994,DAL,26.0,22.62,snap,5v5,0,0,0,0,0,1,65,-10,faceoff,29.73,0
2025020965,2026-03-03,105,8482145,DAL,14.04,4.09,deflected,5v5,0,0,0,0,2,2,75,-1,giveaway,12.81,1
2025020965,2026-03-03,111,8484860,CGY,56.59,46.43,backhand,5v5,0,0,0,0,0,2,50,-41,faceoff,29.73,0
2025020965,2026-03-03,116,8477454,DAL,30.0,36.87,wrist,5v5,0,0,0,0,0,2,65,18,faceoff,29.73,0
2025020965,2026-03-03,119,8480878,DAL,50.45,39.37,wrist,5v5,0,0,0,0,0,2,50,-32,faceoff,29.73,0
2025020965,2026-03-03,120,8476278,DAL,13.42,63.43,backhand,5v5,0,1,0,0,0,2,83,12,shot-on-goal,50.45,0
2025020965,2026-03-03,124,8476278,DAL,52.01,1.1,wrist,5v5,0,0,0,0,0,2,37,1,blocked-shot,29.73,0
2025020965,2026-03-03,133,8474150,CGY,43.14,45.94,wrist,4v4,0,0,0,0,0,2,59,-31,faceoff,72.42,0
2025020965,2026-03-03,135,8479351,DAL,26.4,52.7,snap,4v4,0,0,0,0,3,2,73,-21,giveaway,28.02,1
2025020965,2026-03-03,137,8484768,CGY,58.55,7.85,wrist,4v4,0,0,0,0,0,2,31,8,faceoff,89.0,0
2025020965,2026-03-03,139,8480036,DAL,22.47,69.15,wrist,5v5,0,0,0,0,0,2,81,21,giveaway,30.07,0
2025020965,2026-03-03,142,8484938,DAL,28.16,6.12,wrist,5v5,0,0,0,0,0,2,61,-3,blocked-shot,9.49,0
2025020965,2026-03-03,143,8479414,DAL,20.62,14.04,tip-in,5v5,0,1,0,0,4,2,69,-5,missed-shot,28.16,1
2025020965,2026-03-03,161,8475172,CGY,32.25,29.74,wrist,5v5,0,0,0,0,0,2,61,16,giveaway,49.82,0
2025020965,2026-03-03,169,8484860,CGY,17.26,79.99,wrist,5v5,0,0,0,0,0,2,86,-17,hit,26.25,0
2025020965,2026-03-03,175,8475172,CGY,8.0,0.0,tip-in,5v5,0,0,0,0,0,2,81,0,faceoff,29.73,0
2025020965,2026-03-03,178,8480797,CGY,10.2,78.69,wrist,5v5,0,0,0,0,0,2,87,10,faceoff,29.73,0
2025020965,2026-03-03,181,8475172,CGY,43.32,18.85,wrist,5v4,1,0,0,0,0,2,48,14,faceoff,29.73,0
2025020965,2026-03-03,186,8482145,DAL,36.67,25.87,wrist,4v4,0,0,0,0,0,2,56,-16,giveaway,59.67,0
2025020965,2026-03-03,187,8480860,CGY,43.01,17.59,snap,4v4,0,1,0,0,0,2,48,-13,shot-on-goal,36.67,0
2025020965,2026-03-03,190,8482074,CGY,9.49,71.57,wrist,5v5,0,0,0,0,0,2,86,9,giveaway,34.41,0
2025020965,2026-03-03,192,8476399,CGY,17.69,42.71,backhand,5v5,0,0,0,0,0,2,76,-12,hit,60.88,0
2025020965,2026-03-03,197,8477454,DAL,9.22,12.53,tip-in,5v5,0,0,0,0,0,2,80,-2,giveaway,72.56,0
2025020965,2026-03-03,202,8481556,CGY,14.56,15.95,tip-in,5v5,0,0,0,0,0,2,75,4,blocked-shot,51.87,0
2025020965,2026-03-03,205,8482740,DAL,6.4,38.66,backhand,5v4,1,0,0,0,5,2,84,4,faceoff,29.73,1
2025020965,2026-03-03,211,8480840,DAL,11.7,19.98,snap,5v5,0,0,0,0,0,3,78,-4,hit,23.09,0
2025020965,2026-03-03,213,8480840,DAL,10.05,5.71,backhand,5v5,0,0,0,0,0,3,79,1,blocked-shot,15.52,0
2025020965,2026-03-03,215,8476278,DAL,69.64,32.09,wrist,5v5,0,0,0,0,0,3,30,37,takeaway,46.67,0
2025020965,2026-03-03,218,8477454,DAL,13.34,12.99,wrist,5v5,0,0,0,0,0,3,76,-3,faceoff,29.73,0
2025020965,2026-03-03,219,8477454,DAL,17.0,0.0,snap,5v5,0,1,0,0,0,3,72,0,shot-on-goal,13.34,0
2025020965,2026-03-03,220,8484829,DAL,10.63,48.81,tip-in,5v5,0,1,0,0,0,3,82,-8,shot-on-goal,17.0,0
2025020965,2026-03-03,225,8484829,DAL,4.47,63.43,tip-in,5v4,1,0,0,0,0,3,87,4,blocked-shot,15.3,0
2025020965,2026-03-03,226,8476902,DAL,8.06,7.13,deflected,5v4,1,1,0,0,0,3,81,1,missed-shot,4.47,0
2025020965,2026-03-03,227,8481581,DAL,34.48,29.54,wrist,5v4,1,1,0,0,0,3,59,-17,shot-on-goal,8.06,0
2025020965,2026-03-03,228,8480027,DAL,39.05,2.94,wrist,5v4,1,1,0,0,0,3,50,2,shot-on-goal,34.48,0
2025020965,2026-03-03,236,8475172,CGY,14.14,45.0,snap,5v5,0,0,0,0,0,3,79,-10,hit,87.24,0
2025020965,2026-03-03,237,8484768,CGY,23.71,62.35,wrist,5v5,0,1,0,0,0,3,78,-21,shot-on-goal,14.14,0
2025020965,2026-03-03,250,8484938,DAL,8.06,29.74,tip-in,5v5,0,0,0,0,0,3,82,-4,blocked-shot,10.63,0
2025020965,2026-03-03,251,8484938,DAL,12.04,48.37,backhand,5v5,0,1,0,0,0,3,81,-9,missed-shot,8.06,0
2025020965,2026-03-03,254,8480036,DAL,55.22,35.42,wrist,5v5,0,0,0,0,0,3,44,-32,faceoff,29.73,0
2025020965,2026-03-03,263,8480860,CGY,50.91,45.0,wrist,5v5,0,0,0,0,0,3,53,36,giveaway,79.62,0
2025020965,2026-03-03,269,8480797,CGY,35.36,81.87,wrist,5v5,0,0,0,0,0,3,84,35,faceoff,29.73,0
2025020965,2026-03-03,272,8480878,DAL,60.54,22.33,slap,5v5,0,0,0,0,0,3,33,-23,faceoff,29.73,0
2025020965,2026-03-03,273,8484938,DAL,12.04,4.76,backhand,5v5,0,1,0,0,0,3,77,-1,shot-on-goal,60.54,0
2025020965,2026-03-03,275,8480840,DAL,17.0,28.07,tip-in,5v5,0,0,0,0,0,3,74,-8,giveaway,34.06,0
2025020965,2026-03-03,276,8483609,CGY,32.65,49.97,wrist,5v5,0,1,0,0,0,3,68,25,missed-shot,17.0,0
2025020965,2026-03-03,279,8474150,CGY,49.01,1.17,wrist,5v5,0,0,0,0,0,3,40,-1,giveaway,53.41,0
2025020965,2026-03-03,285,8477454,DAL,10.63,48.81,backhand,5v5,0,0,0,0,0,3,82,-8,blocked-shot,9.49,0
2025020965,2026-03-03,286,8482679,CGY,33.62,30.38,wrist,5v5,0,1,0,0,0,3,60,17,shot-on-goal,10.63,0
2025020965,2026-03-03,290,8484860,CGY,15.62,50.19,wrist,5v5,0,0,0,0,0,3,79,-12,giveaway,36.01,0
2025020965,2026-03-03,291,8484860,CGY,29.0,0.0,wrist,5v5,0,1,0,0,0,3,60,0,missed-shot,15.62,0
2025020965,2026-03-03,305,8484768,CGY,57.56,7.99,wrist,5v4,1,0,0,0,0,3,32,8,faceoff,29.73,0
2025020965,2026-03-03,311,8479351,DAL,88.06,15.14,deflected,4v5,0,0,0,0,0,3,4,-23,blocked-shot,7.28,0
2025020965,2026-03-03,312,8482074,CGY,25.55,30.58,wrist,5v4,1,1,0,0,0,3,67,13,shot-on-goal,88.06,0
2025020965,2026-03-03,316,8483425,DAL,52.89,15.35,wrist,5v5,0,0,0,0,0,3,38,14,faceoff,29.73,0
2025020966,2026-03-03,2,8483512,EDM,31.0,0.0,tip-in,5v5,0,0,0,0,0,1,58,0,faceoff,89.0,0
2025020966,2026-03-03,4,8478458,EDM,26.08,4.4,wrist,5v5,0,0,0,0,0,1,63,-2,hit,24.04,0
2025020966,2026-03-03,8,8473512,OTT,47.54,22.25,wrist,5v5,0,0,0,0,0,1,45,-18,giveaway,55.23,0
2025020966,2026-03-03,9,8480208,OTT,14.76,28.3,backhand,5v5,0,1,0,0,0,1,76,7,shot-on-goal,47.54,0
2025020966,2026-03-03,11,8480801,OTT,44.78,29.43,snap,5v5,0,0,0,0,0,1,50,22,hit,49.58,0
2025020966,2026-03-03,14,8480801,OTT,23.35,80.13,wrist,5v5,0,0,0,0,0,1,85,-23,faceoff,29.73,0
2025020966,2026-03-03,15,8481528,OTT,27.51,19.09,snap,5v5,0,1,0,0,1,1,63,-9,missed-shot,23.35,1
2025020966,2026-03-03,19,8478458,EDM,24.84,49.9,wrist,5v5,0,0,0,0,0,1,73,19,faceoff,29.73,0
2025020966,2026-03-03,20,8483512,EDM,15.23,23.2,snap,5v5,0,1,0,0,0,1,75,6,missed-shot,24.84,0
2025020966,2026-03-03,21,8475218,EDM,23.35,46.74,wrist,5v5,0,1,0,0,0,1,73,-17,shot-on-goal,15.23,0
2025020966,2026-03-03,22,8477934,EDM,19.31,21.25,wrist,5v5,0,1,0,0,0,1,71,-7,shot-on-goal,23.35,1
2025020966,2026-03-03,30,8480208,OTT,24.76,43.36,wrist,5v4,1,0,0,0,1,1,71,17,takeaway,60.8,1
2025020966,2026-03-03,32,8481596,OTT,12.21,34.99,deflected,5v5,0,0,0,0,0,1,79,7,faceoff,89.0,0
2025020966,2026-03-03,39,8480801,OTT,27.8,52.31,wrist,5v4,1,0,0,0,0,1,72,22,faceoff,29.73,0
2025020966,2026-03-03,40,8475218,EDM,30.0,89.81,wrist,4v5,0,1,0,0,0,1,89,-30,missed-shot,27.8,0
2025020966,2026-03-03,43,8478402,EDM,33.73,11.98,wrist,4v5,0,0,0,0,0,1,56,7,giveaway,33.02,0
2025020966,2026-03-03,53,8482105,OTT,50.22,12.65,wrist,5v4,1,0,0,0,0,1,40,11,faceoff,29.73,0
2025020966,2026-03-03,54,8480801,OTT,35.36,45.0,slap,5v4,1,1,0,0,0,1,64,-25,shot-on-goal,50.22,0
2025020966,2026-03-03,57,8478469,OTT,39.82,38.88,slap,5v4,1,0,0,0,0,1,58,-25,takeaway,10.2,0
2025020966,2026-03-03,70,8475786,EDM,20.62,67.17,snap,5v5,0,0,0,0,0,1,81,-19,blocked-shot,36.0,0
2025020966,2026-03-03,74,8477934,EDM,12.81,89.43,wrist,5v5,0,0,0,0,0,1,97,10,hit,58.69,1
2025020966,2026-03-03,80,8482116,OTT,21.1,31.43,wrist,5v5,0,0,0,0,0,1,71,-11,hit,92.7,0
2025020966,2026-03-03,83,8476454,EDM,27.2,36.03,wrist,5v5,0,0,0,0,0,1,67,16,blocked-shot,28.18,0
2025020966,2026-03-03,86,8477498,EDM,32.39,81.12,wrist,5v5,0,0,0,0,0,1,84,32,faceoff,29.73,0
2025020966,2026-03-03,87,8477498,EDM,15.62,50.19,backhand,5v5,0,1,0,0,0,1,79,12,missed-shot,32.39,0
2025020966,2026-03-03,88,8477934,EDM,11.18,79.7,snap,5v5,0,1,0,0,0,1,87,-11,missed-shot,15.62,0
2025020966,2026-03-03,90,8477934,EDM,35.47,68.5,wrist,5v5,0,0,0,0,0,1,76,-33,hit,20.59,0
2025020966,2026-03-03,96,8477498,EDM,38.08,66.8,backhand,5v5,0,0,0,0,0,2,74,-35,hit,25.18,0
2025020966,2026-03-03,97,8481528,OTT,36.06,19.44,wrist,5v5,0,1,0,0,0,2,55,-12,missed-shot,38.08,0
2025020966,2026-03-03,98,8482105,OTT,62.97,20.45,slap,5v5,0,1,0,0,0,2,30,22,shot-on-goal,36.06,0
2025020966,2026-03-03,101,8478458,EDM,35.23,34.59,wrist,5v5,0,0,0,0,0,2,60,20,hit,7.0,0
2025020966,2026-03-03,103,8483676,OTT,27.29,61.56,snap,5v5,0,0,0,0,0,2,76,24,giveaway,48.37,0
2025020966,2026-03-03,104,8474189,OTT,13.15,8.75,backhand,5v5,0,1,0,0,0,2,76,2,shot-on-goal,27.29,0
2025020966,2026-03-03,108,8482245,OTT,84.12,18.0,wrist,5v5,0,0,0,0,0,2,9,-26,hit,65.8,0
2025020966,2026-03-03,110,8480208,OTT,10.3,60.95,wrist,5v5,0,0,0,0,1,2,84,-9,giveaway,13.45,1
2025020966,2026-03-03,112,8477953,EDM,6.32,71.57,backhand,5v5,0,0,0,0,0,2,87,-6,faceoff,89.0,0
2025020966,2026-03-03,114,8480188,OTT,67.01,37.72,wrist,5v5,0,0,0,0,0,2,36,-41,giveaway,63.98,0
2025020966,2026-03-03,117,8474189,OTT,23.54,12.26,wrist,5v5,0,0,0,0,0,2,66,5,blocked-shot,45.35,0
2025020966,2026-03-03,119,8478020,OTT,27.29,8.43,snap,5v5,0,0,0,0,2,2,62,-4,blocked-shot,7.07,1
2025020966,2026-03-03,122,8483512,EDM,41.34,32.15,wrist,5v5,0,0,0,0,0,2,54,-22,faceoff,89.0,0
2025020966,2026-03-03,125,8480803,EDM,55.79,14.53,snap,5v5,0,0,0,0,0,2,35,-14,giveaway,41.11,0
2025020966,2026-03-03,126,8475786,EDM,5.83,30.96,tip-in,5v5,0,1,0,0,0,2,84,-3,shot-on-goal,55.79,0
2025020966,2026-03-03,130,8473512,OTT,24.04,16.93,snap,5v5,0,0,0,0,0,2,66,-7,hit,56.59,0
2025020966,2026-03-03,131,8475786,EDM,19.0,89.7,wrist,5v5,0,1,0,0,0,2,89,-19,missed-shot,24.04,0
2025020966,2026-03-03,132,8476454,EDM,5.66,45.0,wrist,5v5,0,1,0,0,0,2,85,-4,shot-on-goal,19.0,0
2025020966,2026-03-03,135,8475324,OTT,45.97,45.88,wrist,5v5,0,0,0,0,0,2,57,-33,hit,23.77,0
2025020966,2026-03-03,141,8478469,OTT,56.3,33.41,wrist,5v5,0,0,0,0,0,2,42,31,hit,71.78,0
2025020966,2026-03-03,143,8482245,OTT,43.27,33.69,slap,5v5,0,0,0,0,0,2,53,-24,giveaway,40.85,0
2025020966,2026-03-03,144,8478402,EDM,9.22,12.53,wrist,5v5,0,1,0,0,0,2,80,-2,shot-on-goal,43.27,0
2025020966,2026-03-03,145,8481528,OTT,36.24,27.98,snap,5v5,0,1,0,0,0,2,57,17,shot-on-goal,9.22,0
2025020966,2026-03-03,150,8478013,EDM,67.08,26.57,slap,6v5,1,0,0,0,0,2,29,30,hit,39.81,0
2025020966,2026-03-03,159,8481617,EDM,34.71,41.5,wrist,5v4,1,0,0,0,0,2,63,-23,blocked-shot,19.7,0
2025020966,2026-03-03,160,8475218,EDM,50.64,9.09,wrist,5v5,0,1,0,0,0,2,39,8,shot-on-goal,34.71,0
2025020966,2026-03-03,163,8480834,EDM,51.26,20.56,wrist,5v5,0,0,0,0,0,2,41,-18,hit,23.41,0
2025020966,2026-03-03,164,8477953,EDM,41.15,25.94,wrist,5v5,0,1,0,0,0,2,52,18,shot-on-goal,51.26,0
2025020966,2026-03-03,166,8475786,EDM,19.21,38.66,tip-in,5v5,0,0,0,0,0,2,74,12,giveaway,30.41,0
2025020966,2026-03-03,167,8478402,EDM,5.39,68.2,wrist,5v5,0,1,0,0,0,2,87,5,missed-shot,19.21,0
2025020966,2026-03-03,168,8480803,EDM,39.36,27.22,snap,5v5,0,1,0,0,0,2,54,18,shot-on-goal,5.39,0
2025020966,2026-03-03,171,8481617,EDM,11.7,70.02,backhand,5v5,0,0,0,0,0,2,85,-11,giveaway,71.69,0
2025020966,2026-03-03,172,8476454,EDM,36.88,49.4,wrist,5v5,0,1,0,0,0,2,65,28,shot-on-goal,11.7,0
2025020966,2026-03-03,176,8482116,OTT,15.03,86.19,wrist,5v5,0,0,0,0,0,2,88,15,giveaway,36.4,0
2025020966,2026-03-03,177,8484509,EDM,19.92,89.7,backhand,5v5,0,1,0,0,0,2,95,19,missed-shot,15.03,0
2025020966,2026-03-03,178,8477953,EDM,12.04,41.63,bat,5v5,0,1,0,0,0,2,80,8,shot-on-goal,19.92,0
2025020966,2026-03-03,179,8480803,EDM,67.54,27.32,snap,5v5,0,1,0,0,0,2,29,-31,missed-shot,12.04,0
2025020966,2026-03-03,180,8481617,EDM,29.15,30.96,snap,5v5,0,1,0,0,0,2,64,-15,missed-shot,67.54,0
2025020966,2026-03-03,193,8477934,EDM,18.03,33.69,snap,5v4,1,0,0,0,0,3,74,-10,giveaway,57.28,0
2025020966,2026-03-03,194,8478402,EDM,5.83,30.96,tip-in,5v4,1,1,0,0,0,3,84,-3,missed-shot,18.03,0
2025020966,2026-03-03,195,8476454,EDM,5.83,59.04,deflected,5v4,1,1,0,0,-1,3,86,-5,shot-on-goal,5.83,1
2025020966,2026-03-03,197,8482092,OTT,7.21,33.69,wrist,5v5,0,0,0,0,0,3,83,-4,faceoff,89.0,0
2025020966,2026-03-03,201,8480803,EDM,63.53,28.18,snap,5v5,0,0,0,0,0,3,33,-30,hit,18.97,0
2025020966,2026-03-03,212,8474641,EDM,8.94,26.57,wrist,5v5,0,0,0,0,0,3,81,4,blocked-shot,9.49,0
2025020966,2026-03-03,213,8480834,EDM,66.31,23.09,wrist,5v5,0,1,0,0,0,3,28,-26,missed-shot,8.94,0
2025020966,2026-03-03,215,8482116,OTT,19.8,45.0,snap,5v5,0,0,0,0,0,3,75,-14,giveaway,4.12,0
2025020966,2026-03-03,216,8477498,EDM,64.4,36.16,wrist,5v5,0,1,0,0,0,3,37,38,missed-shot,19.8,0
2025020966,2026-03-03,221,8482116,OTT,34.67,56.77,slap,5v5,0,0,0,0,0,3,70,-29,blocked-shot,31.14,0
2025020966,2026-03-03,225,8477498,EDM,38.33,15.12,wrist,5v5,0,0,0,0,0,3,52,10,giveaway,94.37,0
2025020966,2026-03-03,226,8478458,EDM,4.0,0.0,tip-in,5v5,0,1,0,0,0,3,85,0,missed-shot,38.33,0
2025020966,2026-03-03,231,8477953,EDM,37.44,55.89,wrist,5v5,0,0,0,0,0,3,68,-31,faceoff,29.73,0
2025020966,2026-03-03,232,8481617,EDM,28.64,65.22,backhand,5v5,0,1,0,0,0,3,77,-26,missed-shot,37.44,0
2025020966,2026-03-03,241,8476454,EDM,57.22,5.01,wrist,5v5,0,0,0,0,0,3,32,-5,giveaway,10.44,0
2025020966,2026-03-03,247,8483512,EDM,21.21,45.0,wrist,5v5,0,0,0,0,0,3,74,-15,giveaway,58.25,0
2025020966,2026-03-03,249,8478458,EDM,3.16,71.57,wrap-around,5v5,0,0,0,0,0,3,88,3,giveaway,20.22,0
2025020966,2026-03-03,253,8482092,OTT,38.01,35.36,snap,5v5,0,0,0,0,0,3,58,22,hit,71.28,0
2025020966,2026-03-03,255,8480803,EDM,65.6,37.57,wrist,5v5,0,0,0,0,0,3,37,-40,blocked-shot,33.24,0
2025020966,2026-03-03,256,8475786,EDM,22.63,45.0,snap,6v5,1,1,0,0,0,3,73,16,missed-shot,65.6,0
2025020966,2026-03-03,261,8475786,EDM,6.08,9.46,wrist,6v5,1,0,0,0,0,3,83,1,faceoff,29.73,1
2025020966,2026-03-03,264,8475324,OTT,43.05,59.26,wrist,5v5,0,0,0,0,0,3,67,-37,giveaway,65.55,0
2025020966,2026-03-03,267,8482105,OTT,41.48,15.38,snap,5v5,0,0,0,0,0,3,49,11,faceoff,29.73,0
2025020966,2026-03-03,273,8482116,OTT,13.93,68.96,backhand,3v3,0,0,0,0,0,4,84,13,faceoff,89.0,0
2025020966,2026-03-03,277,8475786,EDM,5.39,21.8,tip-in,4v3,1,0,0,0,0,4,84,2,faceoff,29.73,0
2025020966,2026-03-03,278,8477934,EDM,33.3,41.35,snap,4v3,1,1,0,0,0,4,64,-22,shot-on-goal,5.39,0
2025020966,2026-03-03,281,8480803,EDM,35.36,28.74,slap,4v3,1,0,0,0,1,4,58,17,faceoff,29.73,1
2025020967,2026-03-03,3,8480800,MIN,29.07,40.82,snap,5v5,0,0,0,0,0,1,67,19,hit,25.5,0
2025020967,2026-03-03,14,8477404,TBL,32.45,33.69,wrist,5v5,0,0,0,0,0,1,62,-18,faceoff,29.73,0
2025020967,2026-03-03,17,8475692,MIN,58.0,43.6,wrist,5v5,0,0,0,0,0,1,47,40,faceoff,29.73,0
2025020967,2026-03-03,20,8480995,TBL,68.96,16.86,wrist,5v5,0,0,0,0,0,1,23,20,faceoff,29.73,0
2025020967,2026-03-03,28,8482122,MIN,34.41,35.54,snap,5v5,0,0,0,0,1,1,61,-20,blocked-shot,23.85,1
2025020967,2026-03-03,31,8479542,TBL,37.54,41.76,wrist,5v5,0,0,0,0,0,1,61,25,hit,8.25,0
2025020967,2026-03-03,35,8478864,MIN,31.4,52.77,snap,5v4,1,0,0,0,0,1,70,-25,faceoff,29.73,0
2025020967,2026-03-03,42,8478178,TBL,31.3,63.43,backhand,5v5,0,0,0,0,0,1,75,28,hit,40.72,0
2025020967,2026-03-03,46,8482929,TBL,57.71,8.97,wrist,5v5,0,0,0,0,0,1,32,-9,giveaway,26.25,0
2025020967,2026-03-03,50,8475149,MIN,41.3,6.95,wrist,5v5,0,0,0,0,0,1,48,-5,blocked-shot,19.24,0
2025020967,2026-03-03,60,8477952,MIN,17.8,38.16,wrist,5v5,0,0,0,0,0,1,75,-11,faceoff,29.73,0
2025020967,2026-03-03,63,8477416,TBL,22.83,28.81,wrist,5v5,0,0,0,0,0,1,69,-11,hit,42.94,0
2025020967,2026-03-03,66,8477416,TBL,38.9,46.04,snap,5v5,0,0,0,0,0,1,62,28,faceoff,29.73,0
2025020967,2026-03-03,70,8480800,MIN,50.04,2.29,wrist,5v5,0,0,0,0,0,1,39,2,hit,31.0,0
2025020967,2026-03-03,74,8478136,MIN,54.63,23.75,snap,5v5,0,0,0,0,0,1,39,22,faceoff,29.73,0
2025020967,2026-03-03,80,8477416,TBL,17.0,28.07,wrist,5v5,0,0,0,0,0,1,74,-8,blocked-shot,13.42,0
2025020967,2026-03-03,84,8478178,TBL,61.81,9.31,wrist,5v4,1,0,0,0,0,1,28,-10,faceoff,29.73,0
2025020967,2026-03-03,85,8478178,TBL,37.85,12.2,slap,5v4,1,1,0,0,0,1,52,-8,missed-shot,61.81,0
2025020967,2026-03-03,86,8477404,TBL,11.31,45.0,wrist,5v4,1,1,0,0,0,1,81,-8,shot-on-goal,37.85,0
2025020967,2026-03-03,87,8481557,MIN,11.66,30.96,backhand,4v5,0,1,0,0,0,1,79,6,shot-on-goal,11.31,0
2025020967,2026-03-03,88,8477404,TBL,9.0,0.0,tip-in,5v4,1,1,0,0,0,1,80,0,shot-on-goal,11.66,0
2025020967,2026-03-03,89,8478178,TBL,48.05,12.01,slap,5v4,1,1,0,0,0,1,42,-10,shot-on-goal,9.0,0
2025020967,2026-03-03,91,8475765,MIN,30.36,17.24,wrist,5v5,0,0,0,0,0,1,60,9,blocked-shot,18.87,0
2025020967,2026-03-03,93,8474151,TBL,71.34,31.24,snap,5v5,0,0,0,0,0,1,28,37,giveaway,85.0,0
2025020967,2026-03-03,96,8479542,TBL,77.83,27.55,backhand,5v5,0,0,0,0,0,1,20,36,faceoff,29.73,0
2025020967,2026-03-03,100,8478864,MIN,34.01,65.7,slap,5v5,0,0,0,0,0,1,75,-31,giveaway,35.78,0
2025020967,2026-03-03,107,8478178,TBL,11.18,10.3,wrist,5v5,0,0,0,0,0,1,78,2,takeaway,60.17,0
2025020967,2026-03-03,113,8482655,TBL,43.93,11.82,wrist,5v5,0,0,0,0,0,2,46,9,faceoff,29.73,0
2025020967,2026-03-03,116,8482122,MIN,33.3,41.35,wrist,5v5,0,0,0,0,0,2,64,-22,faceoff,29.73,0
2025020967,2026-03-03,121,8480426,TBL,39.29,14.74,slap,5v5,0,0,0,0,0,2,51,10,faceoff,72.42,0
2025020967,2026-03-03,125,8479542,TBL,31.05,14.93,wrist,5v5,0,0,0,0,0,2,59,-8,hit,37.95,0
2025020967,2026-03-03,133,8475692,MIN,35.23,34.59,wrist,4v3,1,0,0,0,2,2,60,20,faceoff,29.73,1
2025020967,2026-03-03,142,8478178,TBL,61.4,30.32,wrist,5v5,0,0,0,0,0,2,36,-31,giveaway,48.1,0
2025020967,2026-03-03,146,8477952,MIN,38.08,29.93,wrist,5v5,0,0,0,0,0,2,56,19,hit,64.14,0
2025020967,2026-03-03,147,8476463,MIN,58.52,16.89,wrist,5v5,0,1,0,0,0,2,33,17,shot-on-goal,38.08,0
2025020967,2026-03-03,148,8477952,MIN,13.45,48.01,backhand,5v5,0,1,0,0,0,2,80,10,missed-shot,58.52,0
2025020967,2026-03-03,150,8475765,MIN,10.2,11.31,deflected,5v5,0,0,0,0,0,2,79,-2,hit,9.49,0
2025020967,2026-03-03,155,8478178,TBL,50.64,9.09,slap,5v4,1,0,0,0,0,2,39,8,faceoff,29.73,0
2025020967,2026-03-03,158,8477416,TBL,29.0,43.6,snap,5v4,1,0,0,0,0,2,68,20,faceoff,29.73,0
2025020967,2026-03-03,169,8476453,TBL,29.97,25.71,wrist,5v5,0,0,0,0,-1,2,62,-13,faceoff,29.73,1
2025020967,2026-03-03,179,8478508,MIN,68.15,22.43,wrist,5v5,0,0,0,0,0,2,26,-26,giveaway,33.06,0
2025020967,2026-03-03,180,8478508,MIN,8.94,26.57,wrist,5v5,0,1,0,0,2,2,81,4,shot-on-goal,68.15,1
2025020967,2026-03-03,184,8477404,TBL,12.08,24.44,tip-in,5v5,0,0,0,0,0,2,78,-5,faceoff,89.0,0
2025020967,2026-03-03,185,8476453,TBL,36.5,9.46,snap,5v5,0,1,0,0,0,2,53,6,shot-on-goal,12.08,0
2025020967,2026-03-03,192,8481557,MIN,27.59,43.53,wrist,5v5,0,0,0,0,0,2,69,19,giveaway,77.41,0
2025020967,2026-03-03,201,8475692,MIN,41.23,75.96,backhand,5v5,0,0,0,0,0,3,79,-40,hit,57.25,0
2025020967,2026-03-03,211,8478864,MIN,15.65,63.43,snap,5v4,1,0,0,0,0,3,82,-14,blocked-shot,9.43,0
2025020967,2026-03-03,212,8481557,MIN,35.47,40.43,slap,5v4,1,1,0,0,0,3,62,-23,missed-shot,15.65,0
2025020967,2026-03-03,213,8478864,MIN,30.0,53.13,snap,5v4,1,1,0,0,0,3,71,-24,shot-on-goal,35.47,0
2025020967,2026-03-03,214,8478508,MIN,21.95,59.93,snap,5v5,0,1,0,0,0,3,78,-19,shot-on-goal,30.0,0
2025020967,2026-03-03,215,8476463,MIN,61.22,38.37,wrist,5v5,0,1,0,0,0,3,41,38,shot-on-goal,21.95,0
2025020967,2026-03-03,218,8477404,TBL,7.28,15.95,deflected,5v5,0,0,0,0,0,3,82,-2,faceoff,29.73,0
2025020967,2026-03-03,222,8483447,TBL,32.2,25.77,wrist,5v5,0,0,0,0,0,3,60,14,hit,67.42,0
2025020967,2026-03-03,228,8478864,MIN,20.0,53.13,wrist,5v5,0,0,0,0,0,3,77,-16,faceoff,29.73,0
2025020967,2026-03-03,229,8480800,MIN,19.1,6.01,wrist,5v5,0,1,0,0,3,3,70,-2,shot-on-goal,20.0,1
2025020967,2026-03-03,250,8475167,TBL,24.19,60.26,wrist,5v5,0,0,0,0,0,3,77,-21,hit,76.03,0
2025020967,2026-03-03,251,8474567,MIN,29.97,25.71,slap,5v5,0,1,0,0,0,3,62,-13,shot-on-goal,24.19,0
2025020967,2026-03-03,252,8475692,MIN,41.0,0.0,snap,5v5,0,1,0,0,0,3,48,0,missed-shot,29.97,0
2025020967,2026-03-03,253,8480800,MIN,23.85,56.98,backhand,5v5,0,1,0,0,0,3,76,20,missed-shot,41.0,0
2025020967,2026-03-03,254,8482122,MIN,25.61,51.34,wrist,5v5,0,1,0,0,0,3,73,-20,shot-on-goal,23.85,0
2025020967,2026-03-03,257,8476453,TBL,9.22,12.53,backhand,5v5,0,0,0,0,0,3,80,2,blocked-shot,6.08,0
2025020967,2026-03-03,258,8478178,TBL,50.54,27.07,wrist,5v5,0,1,0,0,0,3,44,-23,missed-shot,9.22,0
2025020967,2026-03-03,266,8476453,TBL,68.26,31.83,slap,6v5,1,0,0,0,0,3,31,-36,faceoff,29.73,0
2025020967,2026-03-03,267,8478864,MIN,41.4,52.85,wrist,5v6,0,1,0,1,0,3,64,33,missed-shot,68.26,0
2025020967,2026-03-03,270,8476826,TBL,6.4,38.66,deflected,6v5,1,0,0,0,0,3,84,4,faceoff,29.73,0
2025020967,2026-03-03,271,8476826,TBL,5.0,53.13,deflected,6v5,1,1,0,0,0,3,86,4,shot-on-goal,6.4,0
2025020967,2026-03-03,272,8478864,MIN,90.47,23.45,backhand,5v6,0,1,0,1,4,3,6,36,shot-on-goal,5.0,1
2025020967,2026-03-03,274,8477149,TBL,59.03,10.74,wrist,5v5,0,0,0,0,0,3,31,11,faceoff,89.0,0
2025020967,2026-03-03,275,8476826,TBL,22.2,54.16,deflected,5v5,0,1,0,0,0,3,76,-18,missed-shot,59.03,0
2025020967,2026-03-03,277,8475692,MIN,21.93,43.15,wrist,5v5,0,0,0,0,0,3,73,-15,hit,86.33,0
2025020967,2026-03-03,278,8480426,TBL,65.0,22.62,wrist,5v5,0,1,0,0,0,3,29,25,missed-shot,21.93,0
2025020967,2026-03-03,283,8478508,MIN,8.54,20.56,wrist,4v5,0,0,0,0,0,3,81,3,faceoff,72.42,0
2025020967,2026-03-03,284,8476453,TBL,33.29,57.26,snap,5v4,1,1,0,0,0,3,71,-28,shot-on-goal,8.54,0
2025020968,2026-03-03,5,8476885,ANA,53.67,26.57,slap,5v5,0,0,0,0,0,1,41,-24,faceoff,29.73,0
2025020968,2026-03-03,9,8484153,ANA,24.76,43.36,snap,5v5,0,0,0,0,0,1,71,-17,giveaway,7.21,0
2025020968,2026-03-03,13,8482745,ANA,47.2,53.62,wrist,5v5,0,0,0,0,0,1,61,-38,hit,14.76,0
2025020968,2026-03-03,16,8484762,ANA,10.2,11.31,wrist,5v5,0,0,0,0,0,1,79,-2,blocked-shot,50.99,0
2025020968,2026-03-03,22,8475754,COL,28.64,77.91,wrist,4v5,0,0,0,0,0,1,83,28,giveaway,19.24,0
2025020968,2026-03-03,25,8481605,ANA,15.23,23.2,snap,5v4,1,0,0,0,0,1,75,-6,faceoff,29.73,0
2025020968,2026-03-03,26,8481605,ANA,8.06,7.13,tip-in,5v4,1,1,0,0,0,1,81,-1,shot-on-goal,15.23,0
2025020968,2026-03-03,29,8483445,ANA,7.81,50.19,wrist,5v4,1,0,0,0,0,1,84,-6,faceoff,29.73,0
2025020968,2026-03-03,30,8476885,ANA,54.38,32.23,snap,5v4,1,1,0,0,0,1,43,-29,shot-on-goal,7.81,0
2025020968,2026-03-03,33,8483445,ANA,26.91,48.01,wrist,5v4,1,0,0,0,0,1,71,20,faceoff,29.73,0
2025020968,2026-03-03,34,8475184,ANA,42.52,48.81,snap,5v4,1,1,0,0,0,1,61,-32,shot-on-goal,26.91,0
2025020968,2026-03-03,35,8484762,ANA,20.62,67.17,snap,5v4,1,1,0,0,0,1,81,-19,missed-shot,42.52,0
2025020968,2026-03-03,36,8483490,ANA,59.62,22.69,slap,5v4,1,1,0,0,0,1,34,23,missed-shot,20.62,0
2025020968,2026-03-03,37,8482745,ANA,12.53,61.39,wrist,5v4,1,1,0,0,0,1,83,-11,missed-shot,59.62,0
2025020968,2026-03-03,40,8476312,COL,24.0,0.0,snap,5v5,0,0,0,0,0,1,65,0,blocked-shot,8.49,0
2025020968,2026-03-03,41,8484258,COL,47.85,10.84,snap,5v5,0,1,0,0,0,1,42,-9,shot-on-goal,24.0,0
2025020968,2026-03-03,43,8477492,COL,30.0,89.81,backhand,5v5,0,0,0,0,0,1,89,30,giveaway,17.2,0
2025020968,2026-03-03,45,8483490,ANA,50.99,41.82,snap,5v5,0,0,0,0,0,1,51,34,hit,39.56,0
2025020968,2026-03-03,54,8480069,COL,24.04,16.93,snap,5v5,0,0,0,0,1,1,66,7,blocked-shot,10.05,1
2025020968,2026-03-03,62,8480039,COL,39.4,23.96,slap,5v4,1,0,0,0,2,1,53,16,giveaway,39.2,1
2025020968,2026-03-03,73,8476455,COL,32.25,7.13,snap,5v5,0,0,0,0,0,1,57,4,giveaway,70.46,0
2025020968,2026-03-03,76,8477492,COL,7.21,56.31,wrist,5v4,1,0,0,0,0,1,85,6,faceoff,29.73,0
2025020968,2026-03-03,79,8484762,ANA,43.28,40.31,snap,5v5,0,0,0,0,0,1,56,-28,hit,95.27,0
2025020968,2026-03-03,86,8475754,COL,44.38,14.35,wrist,5v5,0,0,0,0,0,2,46,-11,blocked-shot,13.93,0
2025020968,2026-03-03,87,8482745,ANA,12.73,45.0,backhand,5v5,0,1,0,0,0,2,80,-9,shot-on-goal,44.38,0
2025020968,2026-03-03,90,8473986,ANA,57.31,6.01,wrist,5v5,0,0,0,0,0,2,32,-6,blocked-shot,18.25,0
2025020968,2026-03-03,94,8476885,ANA,67.01,37.72,snap,5v5,0,0,0,0,0,2,36,-41,blocked-shot,26.08,0
2025020968,2026-03-03,99,8482803,ANA,34.79,18.43,snap,4v5,0,0,0,0,0,2,56,-11,hit,37.11,0
2025020968,2026-03-03,100,8478109,COL,26.0,0.0,snap,5v4,1,1,0,0,0,2,63,0,shot-on-goal,34.79,0
2025020968,2026-03-03,103,8475184,ANA,35.81,35.91,wrist,5v5,0,0,0,0,0,2,60,-21,faceoff,29.73,0
2025020968,2026-03-03,104,8483445,ANA,26.4,52.7,snap,5v5,0,1,0,0,-1,2,73,-21,shot-on-goal,35.81,1
2025020968,2026-03-03,108,8482947,COL,7.81,50.19,deflected,5v5,0,0,0,0,0,2,84,6,hit,38.6,0
2025020968,2026-03-03,109,8482947,COL,6.0,89.05,snap,5v5,0,1,0,0,0,2,89,6,missed-shot,7.81,0
2025020968,2026-03-03,111,8476967,COL,57.0,0.0,slap,5v5,0,0,0,0,0,2,32,0,hit,71.2,0
2025020968,2026-03-03,115,8483445,ANA,39.12,4.4,snap,6v5,1,0,0,0,0,2,50,3,delayed-penalty,89.0,0
2025020968,2026-03-03,123,8476885,ANA,58.41,38.05,slap,5v5,0,0,0,0,0,2,43,-36,faceoff,29.73,0
2025020968,2026-03-03,130,8480835,COL,45.69,23.2,snap,5v5,0,0,0,0,0,2,47,18,giveaway,7.0,0
2025020968,2026-03-03,133,8479525,COL,36.4,20.92,snap,5v5,0,0,0,0,0,2,55,-13,giveaway,30.08,0
2025020968,2026-03-03,134,8480835,COL,10.63,48.81,tip-in,5v5,0,1,0,0,0,2,82,-8,missed-shot,36.4,0
2025020968,2026-03-03,138,8484762,ANA,34.99,30.96,wrist,5v5,0,0,0,0,0,2,59,18,faceoff,29.73,0
2025020968,2026-03-03,139,8480039,COL,14.87,19.65,tip-in,5v5,0,1,0,0,0,2,75,5,missed-shot,34.99,0
2025020968,2026-03-03,140,8480069,COL,37.8,37.48,wrist,5v5,0,1,0,0,0,2,59,23,shot-on-goal,14.87,0
2025020968,2026-03-03,142,8484762,ANA,56.89,10.12,slap,5v5,0,0,0,0,0,2,33,-10,hit,13.0,0
2025020968,2026-03-03,144,8477527,ANA,8.6,89.18,wrist,5v5,0,0,0,0,0,2,94,-7,hit,26.02,0
2025020968,2026-03-03,147,8477501,COL,10.3,60.95,wrist,5v5,0,0,0,0,0,2,84,-9,faceoff,29.73,0
2025020968,2026-03-03,148,8475754,COL,7.21,33.69,deflected,5v5,0,1,0,0,0,2,83,4,missed-shot,10.3,0
2025020968,2026-03-03,149,8477501,COL,58.42,6.88,slap,5v5,0,1,0,0,0,2,31,-7,shot-on-goal,7.21,0
2025020968,2026-03-03,152,8484258,COL,48.66,9.46,slap,5v5,0,0,0,0,0,2,41,8,faceoff,29.73,0
2025020968,2026-03-03,154,8482803,ANA,62.03,20.77,snap,5v5,0,0,0,0,0,2,31,-22,hit,67.12,0
2025020968,2026-03-03,155,8480448,COL,42.06,28.39,snap,5v5,0,1,0,0,2,2,52,20,shot-on-goal,62.03,1
2025020968,2026-03-03,160,8479525,COL,63.53,28.18,slap,5v5,0,0,0,0,0,2,33,-30,faceoff,29.73,0
2025020968,2026-03-03,162,8476312,COL,41.77,42.09,slap,5v5,0,0,0,0,0,2,58,28,hit,41.15,0
2025020968,2026-03-03,165,8476455,COL,41.79,21.04,slap,5v5,0,0,0,0,0,2,50,15,faceoff,29.73,0
2025020968,2026-03-03,169,8483445,ANA,10.0,0.0,deflected,5v5,0,0,0,0,0,2,79,0,faceoff,29.73,0
2025020968,2026-03-03,172,8484258,COL,35.47,21.5,snap,5v5,0,0,0,0,0,2,56,13,faceoff,29.73,0
2025020968,2026-03-03,181,8477492,COL,28.18,62.53,slap,5v5,0,0,0,0,0,2,76,25,takeaway,55.87,0
2025020968,2026-03-03,190,8473986,ANA,5.0,0.0,tip-in,5v5,0,0,0,0,0,3,84,0,giveaway,68.0,0
2025020968,2026-03-03,191,8484762,ANA,16.28,47.49,snap,5v5,0,1,0,0,0,3,78,12,shot-on-goal,5.0,0
2025020968,2026-03-03,194,8477501,COL,27.73,25.64,tip-in,5v5,0,0,0,0,0,3,64,12,faceoff,29.73,0
2025020968,2026-03-03,196,8482803,ANA,71.59,28.35,wrist,5v5,0,0,0,0,0,3,26,-34,blocked-shot,24.19,0
2025020968,2026-03-03,198,8485512,ANA,28.86,14.04,wrist,5v5,0,0,0,0,0,3,61,-7,giveaway,9.85,0
2025020968,2026-03-03,199,8485512,ANA,13.89,30.26,snap,5v5,0,1,0,0,0,3,77,-7,shot-on-goal,28.86,0
2025020968,2026-03-03,200,8482178,ANA,8.25,14.04,snap,5v5,0,1,0,0,0,3,81,-2,shot-on-goal,13.89,0
2025020968,2026-03-03,203,8483445,ANA,45.79,58.39,snap,5v5,0,0,0,0,0,3,65,39,giveaway,69.43,0
2025020968,2026-03-03,204,8483445,ANA,62.97,32.68,snap,5v5,0,1,0,0,0,3,36,-34,missed-shot,45.79,0
2025020968,2026-03-03,211,8484153,ANA,40.82,30.96,snap,5v5,0,0,0,0,0,3,54,21,faceoff,29.73,0
2025020968,2026-03-03,214,8478109,COL,28.64,24.78,snap,5v5,0,0,0,0,0,3,63,-12,faceoff,29.73,0
2025020968,2026-03-03,217,8476312,COL,56.14,4.09,slap,5v5,0,0,0,0,0,3,33,-4,faceoff,29.73,0
2025020968,2026-03-03,218,8477492,COL,7.28,74.05,snap,5v5,0,1,0,0,0,3,87,-7,missed-shot,56.14,0
2025020968,2026-03-03,219,8476455,COL,35.74,17.93,slap,5v5,0,1,0,0,3,3,55,-11,shot-on-goal,7.28,1
2025020968,2026-03-03,224,8482745,ANA,25.94,27.55,snap,5v5,0,0,0,0,0,3,66,-12,hit,18.03,0
2025020968,2026-03-03,225,8483490,ANA,8.0,89.28,snap,5v5,0,1,0,0,0,3,89,8,shot-on-goal,25.94,0
2025020968,2026-03-03,228,8473986,ANA,19.1,42.88,deflected,5v5,0,0,0,0,0,3,75,13,faceoff,29.73,0
2025020968,2026-03-03,234,8484255,COL,41.01,1.4,wrist,5v5,0,0,0,0,0,3,48,1,blocked-shot,17.12,0
2025020968,2026-03-03,241,8480835,COL,13.6,36.03,tip-in,5v5,0,0,0,0,0,3,78,-8,giveaway,87.32,0
2025020968,2026-03-03,242,8480835,COL,13.93,21.04,snap,5v5,0,1,0,0,0,3,76,-5,shot-on-goal,13.6,0
2025020968,2026-03-03,243,8480448,COL,26.87,45.0,wrist,5v5,0,1,0,0,4,3,70,19,shot-on-goal,13.93,1
2025020968,2026-03-03,248,8482745,ANA,39.85,17.53,slap,5v5,0,0,0,0,0,3,51,12,takeaway,7.81,0
2025020968,2026-03-03,250,8478038,COL,15.13,7.59,wrist,5v5,0,0,0,0,0,3,74,-2,giveaway,51.87,0
2025020968,2026-03-03,258,8476885,ANA,28.07,85.91,wrist,5v5,0,0,0,0,0,3,87,-28,takeaway,77.1,0
2025020968,2026-03-03,259,8484762,ANA,18.79,64.8,wrist,5v5,0,1,0,0,0,3,81,-17,shot-on-goal,28.07,0
2025020968,2026-03-03,278,8484255,COL,36.01,1.59,wrist,5v5,0,0,0,0,0,3,53,1,giveaway,7.07,0
2025020968,2026-03-03,279,8484149,COL,10.77,68.2,wrist,5v5,0,1,0,0,0,3,85,-10,missed-shot,36.01,0
2025020968,2026-03-03,281,8484258,COL,63.56,24.15,wrist,5v5,0,0,0,0,0,3,31,-26,hit,88.14,0
2025020968,2026-03-03,285,8479705,ANA,13.89,30.26,snap,5v5,0,0,0,0,0,3,77,-7,giveaway,8.06,0
2025020969,2026-03-03,4,8480018,MTL,53.67,26.57,wrist,5v5,0,0,0,0,0,1,41,-24,giveaway,41.23,0
2025020969,2026-03-03,7,8481618,MTL,34.41,35.54,wrist,5v5,0,0,0,0,0,1,61,20,hit,46.53,0
2025020969,2026-03-03,26,8475848,MTL,11.4,52.13,backhand,5v5,0,0,0,0,0,1,82,9,giveaway,30.15,0
2025020969,2026-03-03,29,8482775,MTL,31.91,32.2,wrist,5v5,0,0,0,0,1,1,62,17,faceoff,29.73,1
2025020969,2026-03-03,31,8480865,MTL,57.27,24.78,wrist,5v5,0,0,0,0,0,1,37,-24,faceoff,89.0,0
2025020969,2026-03-03,33,8484806,SJS,61.27,26.15,slap,5v5,0,0,0,0,0,1,34,27,hit,80.95,0
2025020969,2026-03-03,36,8482667,SJS,38.33,15.12,wrist,5v5,0,0,0,0,0,1,52,-10,giveaway,33.96,0
2025020969,2026-03-03,39,8478851,MTL,46.62,54.61,wrist,5v5,0,0,0,0,0,1,62,38,hit,65.0,0
2025020969,2026-03-03,43,8482087,MTL,69.84,29.13,wrist,5v5,0,0,0,0,0,1,28,34,faceoff,29.73,0
2025020969,2026-03-03,46,8478874,SJS,50.61,52.22,wrist,5v5,0,0,0,0,0,1,58,-40,giveaway,22.8,0
2025020969,2026-03-03,48,8484911,SJS,12.21,34.99,wrist,5v5,0,0,0,0,0,1,79,-7,hit,51.86,0
2025020969,2026-03-03,50,8480748,SJS,52.8,37.3,wrist,5v5,0,0,0,0,0,1,47,32,takeaway,38.42,0
2025020969,2026-03-03,55,8484227,SJS,37.7,21.8,wrist,5v5,0,0,0,0,0,1,54,-14,faceoff,29.73,0
2025020969,2026-03-03,57,8484801,SJS,41.3,6.95,wrist,5v5,0,0,0,0,0,1,48,5,hit,22.0,0
2025020969,2026-03-03,62,8484801,SJS,21.93,24.23,wrist,5v4,1,0,0,0,0,1,69,9,faceoff,72.42,0
2025020969,2026-03-03,65,8480748,SJS,37.2,53.75,wrist,5v4,1,0,0,0,0,1,67,-30,faceoff,29.73,0
2025020969,2026-03-03,71,8481618,MTL,15.81,71.57,wrist,5v5,0,0,0,0,0,1,84,-15,blocked-shot,10.44,0
2025020969,2026-03-03,73,8483457,MTL,13.15,89.56,backhand,5v5,0,0,0,0,0,1,91,13,blocked-shot,22.36,0
2025020969,2026-03-03,75,8484801,SJS,41.63,24.1,wrist,5v5,0,0,0,0,0,1,51,17,blocked-shot,28.23,0
2025020969,2026-03-03,78,8484911,SJS,6.32,18.43,backhand,5v5,0,0,0,0,0,1,83,2,faceoff,29.73,1
2025020969,2026-03-03,83,8484801,SJS,36.12,4.76,wrist,5v5,0,0,0,0,0,1,53,-3,giveaway,55.8,0
2025020969,2026-03-03,86,8482775,MTL,46.53,8.65,wrist,5v5,0,0,0,0,0,1,43,-7,faceoff,29.73,0
2025020969,2026-03-03,87,8484801,SJS,42.43,8.13,wrist,5v5,0,1,0,0,0,1,47,-6,shot-on-goal,46.53,0
2025020969,2026-03-03,92,8476981,MTL,54.45,44.26,wrist,5v5,0,0,0,0,0,1,50,-38,blocked-shot,7.07,0
2025020969,2026-03-03,94,8480865,MTL,55.44,7.25,wrist,5v5,0,0,0,0,0,1,34,-7,hit,68.8,0
2025020969,2026-03-03,106,8480798,SJS,43.19,42.18,wrist,5v5,0,0,0,0,0,2,57,-29,faceoff,72.42,0
2025020969,2026-03-03,109,8480865,MTL,60.93,23.2,wrist,5v5,0,0,0,0,0,2,33,-24,faceoff,29.73,0
2025020969,2026-03-03,114,8481618,MTL,40.79,11.31,wrist,5v4,1,0,0,0,0,2,49,8,giveaway,23.85,0
2025020969,2026-03-03,116,8484911,SJS,7.28,15.95,wrist,5v5,0,0,0,0,0,2,82,-2,giveaway,71.85,0
2025020969,2026-03-03,119,8476479,MTL,22.85,23.2,tip-in,5v5,0,0,0,0,1,2,68,9,hit,44.29,1
2025020969,2026-03-03,122,8482775,MTL,14.14,45.0,wrist,5v5,0,0,0,0,0,2,79,-10,giveaway,11.4,0
2025020969,2026-03-03,123,8483515,MTL,8.94,63.43,wrist,5v5,0,1,0,0,0,2,85,-8,shot-on-goal,14.14,0
2025020969,2026-03-03,124,8483515,MTL,22.02,39.47,tip-in,5v5,0,1,0,0,0,2,72,14,missed-shot,8.94,0
2025020969,2026-03-03,125,8475848,MTL,11.4,15.26,wrist,5v5,0,1,0,0,0,2,78,3,missed-shot,22.02,0
2025020969,2026-03-03,137,8481540,MTL,13.45,41.99,wrist,5v4,1,0,0,0,0,2,79,9,faceoff,29.73,0
2025020969,2026-03-03,138,8481540,MTL,16.4,52.43,wrist,5v4,1,1,0,0,0,2,79,13,shot-on-goal,13.45,0
2025020969,2026-03-03,139,8480018,MTL,34.21,37.87,wrist,5v4,1,1,0,0,0,2,62,21,shot-on-goal,16.4,0
2025020969,2026-03-03,140,8483457,MTL,58.14,3.95,wrist,5v4,1,1,0,0,0,2,31,4,shot-on-goal,34.21,0
2025020969,2026-03-03,143,8484806,SJS,65.0,22.62,slap,5v5,0,0,0,0,0,2,29,25,faceoff,29.73,0
2025020969,2026-03-03,148,8481618,MTL,8.6,54.46,wrist,5v5,0,0,0,0,0,2,84,7,giveaway,50.8,0
2025020969,2026-03-03,153,8485402,SJS,24.02,2.39,wrist,5v5,0,0,0,0,0,2,65,-1,blocked-shot,6.0,1
2025020969,2026-03-03,156,8480748,SJS,41.0,12.68,wrist,5v5,0,0,0,0,0,2,49,9,hit,33.02,0
2025020969,2026-03-03,166,8484227,SJS,34.66,46.17,wrist,6v5,1,0,0,0,0,2,65,25,delayed-penalty,89.0,0
2025020969,2026-03-03,171,8478851,MTL,41.73,44.03,wrist,4v5,0,0,0,0,0,2,59,-29,faceoff,29.73,0
2025020969,2026-03-03,172,8477505,SJS,3.61,33.69,tip-in,5v4,1,1,0,0,0,2,86,-2,shot-on-goal,41.73,0
2025020969,2026-03-03,175,8480865,MTL,50.48,33.69,wrist,4v4,0,0,0,0,0,2,47,-28,faceoff,29.73,0
2025020969,2026-03-03,181,8479983,SJS,11.4,89.48,wrist,4v5,0,0,0,0,0,2,92,-11,faceoff,29.73,0
2025020969,2026-03-03,187,8484911,SJS,46.32,57.34,wrist,5v5,0,0,0,0,0,2,64,-39,blocked-shot,17.0,0
2025020969,2026-03-03,192,8476875,MTL,45.65,61.19,wrist,5v5,0,0,0,0,0,2,67,40,giveaway,34.06,0
2025020969,2026-03-03,198,8484801,SJS,36.72,29.36,wrist,5v5,0,0,0,0,1,2,57,18,blocked-shot,32.31,1
2025020969,2026-03-03,202,8477505,SJS,26.08,4.4,wrist,5v5,0,0,0,0,2,2,63,-2,takeaway,65.8,1
2025020969,2026-03-03,213,8481523,MTL,22.47,20.85,tip-in,5v5,0,0,0,0,0,3,68,-8,faceoff,89.0,0
2025020969,2026-03-03,218,8480865,MTL,64.28,5.36,wrist,5v5,0,0,0,0,0,3,25,-6,faceoff,29.73,0
2025020969,2026-03-03,230,8484806,SJS,67.12,33.45,wrist,5v5,0,0,0,0,0,3,33,37,takeaway,33.02,0
2025020969,2026-03-03,231,8485402,SJS,31.38,67.52,wrist,5v5,0,1,0,0,0,3,77,29,missed-shot,67.12,0
2025020969,2026-03-03,237,8476479,MTL,24.52,11.77,wrist,4v5,0,0,0,0,0,3,65,-5,faceoff,72.42,0
2025020969,2026-03-03,238,8475726,SJS,26.08,32.47,wrist,5v4,1,1,0,0,0,3,67,-14,missed-shot,24.52,0
2025020969,2026-03-03,239,8484227,SJS,5.83,59.04,wrist,5v4,1,1,0,0,3,3,86,5,shot-on-goal,26.08,1
2025020969,2026-03-03,246,8483515,MTL,30.48,48.99,wrist,5v4,1,0,0,0,0,3,69,23,faceoff,29.73,0
2025020969,2026-03-03,248,8484984,MTL,33.6,53.47,slap,5v4,1,0,0,0,0,3,69,-27,hit,57.78,0
2025020969,2026-03-03,249,8484984,MTL,29.7,45.0,slap,5v4,1,1,0,0,-2,3,68,-21,shot-on-goal,33.6,1
2025020969,2026-03-03,252,8481618,MTL,24.35,19.18,wrist,5v5,0,0,0,0,-1,3,66,8,giveaway,12.81,1
2025020969,2026-03-03,256,8476875,MTL,66.71,23.88,slap,5v5,0,0,0,0,0,3,28,27,giveaway,33.84,0
2025020969,2026-03-03,257,8476479,MTL,14.87,70.35,tip-in,5v5,0,1,0,0,0,3,84,-14,shot-on-goal,66.71,0
2025020969,2026-03-03,258,8476981,MTL,7.07,8.13,wrist,5v5,0,1,0,0,0,3,82,-1,missed-shot,14.87,0
2025020969,2026-03-03,259,8476981,MTL,8.54,20.56,wrist,5v5,0,1,0,0,0,3,81,3,shot-on-goal,7.07,0
2025020969,2026-03-03,260,8475848,MTL,7.07,81.87,wrap-around,5v5,0,1,0,0,0,3,88,7,missed-shot,8.54,0
2025020969,2026-03-03,261,8477505,SJS,46.1,49.4,wrist,5v5,0,1,0,0,0,3,59,-35,shot-on-goal,7.07,0
2025020969,2026-03-03,264,8478874,SJS,7.07,89.18,wrist,5v5,0,0,0,0,0,3,90,7,faceoff,29.73,0
2025020969,2026-03-03,274,8482737,MTL,20.4,11.31,tip-in,5v4,1,0,0,0,0,3,69,-4,faceoff,29.73,0
2025020969,2026-03-03,276,8481618,MTL,17.0,89.66,wrist,5v4,1,0,0,0,0,3,89,17,blocked-shot,6.0,1
2025020969,2026-03-03,281,8476875,MTL,36.4,69.08,wrist,5v5,0,0,0,0,0,3,76,34,faceoff,29.73,0
2025020969,2026-03-03,283,8475906,SJS,34.48,29.54,wrist,5v5,0,0,0,0,0,3,59,-17,hit,29.02,0
2025020969,2026-03-03,292,8483515,MTL,33.62,30.38,wrist,5v5,0,0,0,0,0,3,60,17,hit,32.02,0
2025020969,2026-03-03,295,8478874,SJS,25.81,54.46,backhand,5v5,0,0,0,0,0,3,74,21,giveaway,78.77,0
2025020969,2026-03-03,299,8475200,SJS,57.49,40.06,slap,5v4,1,0,0,0,0,3,45,37,faceoff,29.73,0
2025020969,2026-03-03,302,8484801,SJS,31.06,3.69,wrist,5v4,1,0,0,0,0,3,58,2,faceoff,29.73,0
2025020969,2026-03-03,304,8476981,MTL,9.85,66.04,wrist,4v5,0,0,0,0,0,3,85,-9,hit,29.27,0
2025020969,2026-03-03,305,8476981,MTL,7.62,66.8,backhand,4v5,0,1,0,0,0,3,86,-7,shot-on-goal,9.85,0
2025020969,2026-03-03,306,8484801,SJS,33.96,13.63,wrist,5v4,1,1,0,0,0,3,56,8,shot-on-goal,7.62,0
2025020969,2026-03-03,311,8480748,SJS,16.28,47.49,wrist,5v4,1,0,0,0,1,3,78,-12,blocked-shot,12.04,1
2025020969,2026-03-03,316,8480018,MTL,41.18,29.05,snap,5v5,0,0,0,0,0,3,53,-20,takeaway,24.35,0
2025020969,2026-03-03,317,8480018,MTL,33.02,54.87,wrist,6v5,1,1,0,0,0,3,70,-27,missed-shot,41.18,0
2025020969,2026-03-03,318,8482087,MTL,38.08,29.93,wrist,6v5,1,1,0,0,0,3,56,-19,shot-on-goal,33.02,0
2025020969,2026-03-03,319,8484984,MTL,33.42,51.07,slap,6v5,1,1,0,0,0,3,68,-26,missed-shot,38.08,0
2025020969,2026-03-03,321,8483515,MTL,10.0,53.13,wrist,6v5,1,0,0,0,0,3,83,8,blocked-shot,16.28,0
2025020969,2026-03-03,322,8481540,MTL,5.66,45.0,wrist,6v5,1,1,0,0,0,3,85,4,missed-shot,10.0,0
2025020969,2026-03-03,323,8484984,MTL,31.24,50.19,slap,6v5,1,1,0,0,0,3,69,-24,shot-on-goal,5.66,0
2025020969,2026-03-03,327,8480018,MTL,42.64,50.71,slap,6v5,1,0,0,0,0,3,62,33,faceoff,29.73,0
2025020969,2026-03-03,328,8483515,MTL,9.85,23.96,slap,6v5,1,1,0,0,0,3,80,4,shot-on-goal,42.64,0
2025020969,2026-03-03,329,8483515,MTL,17.72,16.39,tip-in,6v5,1,1,0,0,0,3,72,-5,shot-on-goal,9.85,0
2025020969,2026-03-03,330,8483515,MTL,15.52,14.93,wrist,6v5,1,1,0,0,0,3,74,4,missed-shot,17.72,0
2025020969,2026-03-03,331,8480018,MTL,42.01,1.36,wrist,6v5,1,1,0,0,0,3,47,1,missed-shot,15.52,0
2025020969,2026-03-03,332,8478874,SJS,40.79,11.31,wrist,5v6,0,1,0,1,2,3,49,-8,missed-shot,42.01,1
2025020955,2026-03-02,5,8479980,NSH,71.02,32.35,wrist,5v5,0,0,0,0,0,1,29,38,blocked-shot,62.03,0
2025020955,2026-03-02,10,8479942,DET,39.82,51.12,wrist,5v5,0,0,0,0,0,1,64,-31,giveaway,88.12,0
2025020955,2026-03-02,13,8477946,DET,41.59,27.18,backhand,5v5,0,0,0,0,0,1,52,-19,hit,30.15,0
2025020955,2026-03-02,16,8482078,DET,32.56,10.62,slap,5v5,0,0,0,0,0,1,57,6,faceoff,29.73,0
2025020955,2026-03-02,24,8484471,DET,34.13,84.96,wrist,5v5,0,0,0,0,0,1,86,34,giveaway,10.82,0
2025020955,2026-03-02,25,8483464,DET,18.36,29.36,tip-in,5v5,0,1,0,0,0,1,73,-9,missed-shot,34.13,0
2025020955,2026-03-02,26,8484471,DET,8.06,29.74,wrist,5v5,0,1,0,0,1,1,82,4,shot-on-goal,18.36,1
2025020955,2026-03-02,29,8475158,NSH,8.06,29.74,tip-in,5v5,0,0,0,0,0,1,82,4,hit,11.4,0
2025020955,2026-03-02,30,8475158,NSH,5.1,11.31,backhand,5v5,0,1,0,0,0,1,84,-1,shot-on-goal,8.06,0
2025020955,2026-03-02,37,8483464,DET,38.21,42.88,wrist,5v5,0,0,0,0,0,1,61,-26,hit,45.18,0
2025020955,2026-03-02,40,8478891,DET,43.91,59.93,wrist,5v5,0,0,0,0,0,1,67,-38,giveaway,23.77,0
2025020955,2026-03-02,45,8479992,DET,34.18,20.56,snap,5v5,0,0,0,0,0,1,57,12,hit,90.38,0
2025020955,2026-03-02,51,8484241,NSH,53.81,41.99,slap,5v5,0,0,0,0,0,1,49,36,faceoff,29.73,0
2025020955,2026-03-02,53,8479370,NSH,36.8,42.8,wrist,5v5,0,0,0,0,0,1,62,25,giveaway,49.52,0
2025020955,2026-03-02,54,8479370,NSH,18.87,57.99,snap,5v5,0,1,0,0,0,1,79,16,shot-on-goal,36.8,0
2025020955,2026-03-02,59,8482078,DET,28.43,39.29,wrist,5v5,0,0,0,0,0,1,67,18,blocked-shot,19.72,0
2025020955,2026-03-02,60,8479337,DET,16.55,64.98,wrist,5v5,0,1,0,0,0,1,82,15,missed-shot,28.43,0
2025020955,2026-03-02,61,8477429,DET,5.83,59.04,bat,5v5,0,1,0,0,0,1,86,5,shot-on-goal,16.55,0
2025020955,2026-03-02,65,8477946,DET,18.38,22.38,wrist,5v5,0,0,0,0,0,1,72,-7,giveaway,66.71,0
2025020955,2026-03-02,66,8477946,DET,5.0,36.87,snap,5v5,0,1,0,0,0,1,85,3,shot-on-goal,18.38,0
2025020955,2026-03-02,69,8481607,DET,74.09,31.76,wrist,5v5,0,0,0,0,0,1,26,39,giveaway,46.96,0
2025020955,2026-03-02,70,8474037,DET,53.08,42.71,wrist,5v5,0,1,0,0,0,1,50,-36,missed-shot,74.09,0
2025020955,2026-03-02,71,8474600,NSH,38.33,7.5,wrist,5v5,0,1,0,0,0,1,51,5,shot-on-goal,53.08,0
2025020955,2026-03-02,72,8477446,NSH,4.12,75.96,bat,5v5,0,1,0,0,0,1,88,4,missed-shot,38.33,0
2025020955,2026-03-02,79,8475158,NSH,11.4,15.26,wrist,5v5,0,0,0,0,0,1,78,-3,faceoff,72.42,0
2025020955,2026-03-02,84,8477456,DET,28.65,29.25,wrist,4v5,0,0,0,0,0,1,64,14,faceoff,29.73,0
2025020955,2026-03-02,88,8476887,NSH,35.47,40.43,wrist,5v4,1,0,0,0,0,1,62,-23,takeaway,19.65,0
2025020955,2026-03-02,89,8476887,NSH,41.63,24.1,slap,5v4,1,1,0,0,0,1,51,-17,missed-shot,35.47,1
2025020955,2026-03-02,92,8478047,NSH,41.04,43.03,wrist,5v5,0,0,0,0,0,1,59,-28,giveaway,71.56,0
2025020955,2026-03-02,94,8482146,NSH,30.0,89.81,backhand,5v5,0,0,0,0,0,1,89,30,blocked-shot,49.2,0
2025020955,2026-03-02,97,8474600,NSH,63.32,21.3,wrist,5v5,0,0,0,0,0,1,30,23,faceoff,29.73,0
2025020955,2026-03-02,98,8484241,NSH,6.32,71.57,backhand,5v5,0,1,0,0,0,1,87,-6,shot-on-goal,63.32,0
2025020955,2026-03-02,104,8480246,NSH,24.35,70.82,wrist,5v5,0,0,0,0,0,1,81,-23,hit,17.2,0
2025020955,2026-03-02,105,8475158,NSH,7.62,23.2,tip-in,5v5,0,1,0,0,0,1,82,3,missed-shot,24.35,0
2025020955,2026-03-02,115,8477946,DET,45.22,35.1,wrist,5v5,0,0,0,0,0,2,52,26,blocked-shot,49.65,0
2025020955,2026-03-02,118,8481607,DET,50.54,27.07,wrist,5v5,0,0,0,0,0,2,44,23,faceoff,29.73,0
2025020955,2026-03-02,127,8478891,DET,13.45,48.01,wrist,5v5,0,0,0,0,0,2,80,-10,hit,61.72,0
2025020955,2026-03-02,128,8474141,DET,22.14,71.57,wrist,5v5,0,1,0,0,0,2,82,21,shot-on-goal,13.45,0
2025020955,2026-03-02,133,8479980,NSH,59.23,11.69,slap,5v5,0,0,0,0,0,2,31,-12,faceoff,29.73,0
2025020955,2026-03-02,134,8482742,NSH,6.32,18.43,backhand,5v5,0,1,0,0,0,2,83,2,missed-shot,59.23,0
2025020955,2026-03-02,135,8479980,NSH,62.51,7.35,wrist,5v5,0,1,0,0,0,2,27,8,missed-shot,6.32,0
2025020955,2026-03-02,140,8480879,DET,64.85,26.57,snap,5v5,0,0,0,0,0,2,31,-29,giveaway,61.72,0
2025020955,2026-03-02,143,8479337,DET,58.46,12.85,wrist,5v5,0,0,0,0,0,2,32,-13,faceoff,72.42,0
2025020955,2026-03-02,144,8476539,NSH,5.0,36.87,wrist,5v5,0,1,0,0,1,2,85,-3,missed-shot,58.46,1
2025020955,2026-03-02,146,8479370,NSH,37.0,0.0,wrist,5v5,0,0,0,0,0,2,52,0,faceoff,89.0,0
2025020955,2026-03-02,153,8479370,NSH,44.82,51.34,snap,5v5,0,0,0,0,0,2,61,35,faceoff,29.73,0
2025020955,2026-03-02,159,8474141,DET,59.82,38.21,wrist,5v5,0,0,0,0,0,2,42,-37,blocked-shot,43.05,0
2025020955,2026-03-02,164,8482078,DET,10.82,56.31,wrist,5v5,0,0,0,0,0,2,83,-9,delayed-penalty,89.0,1
2025020955,2026-03-02,167,8480879,DET,64.88,28.54,wrist,5v5,0,0,0,0,0,2,32,31,takeaway,61.55,0
2025020955,2026-03-02,168,8481542,DET,61.13,15.17,wrist,5v5,0,1,0,0,0,2,30,16,missed-shot,64.88,0
2025020955,2026-03-02,173,8474600,NSH,60.17,15.42,slap,5v5,0,0,0,0,0,2,31,16,blocked-shot,13.04,0
2025020955,2026-03-02,180,8477429,DET,61.03,34.99,wrist,5v5,0,0,0,0,0,2,39,-35,faceoff,72.42,0
2025020955,2026-03-02,181,8484471,DET,9.43,57.99,wrist,5v5,0,1,0,0,0,2,84,8,shot-on-goal,61.03,0
2025020955,2026-03-02,182,8484471,DET,6.4,51.34,wrist,5v5,0,1,0,0,0,2,85,5,shot-on-goal,9.43,0
2025020955,2026-03-02,186,8474564,NSH,32.8,52.43,slap,6v5,1,0,0,0,0,2,69,26,blocked-shot,12.53,0
2025020955,2026-03-02,190,8476887,NSH,36.8,47.2,snap,5v4,1,0,0,0,0,2,64,-27,faceoff,29.73,0
2025020955,2026-03-02,191,8474600,NSH,59.0,0.0,slap,5v4,1,1,0,0,0,2,30,0,shot-on-goal,36.8,0
2025020955,2026-03-02,193,8481607,DET,24.6,26.57,slap,4v5,0,0,0,0,1,2,67,-11,giveaway,21.02,1
2025020955,2026-03-02,195,8483565,NSH,59.14,3.88,slap,5v5,0,0,0,0,0,2,30,-4,faceoff,89.0,0
2025020955,2026-03-02,196,8479337,DET,14.42,56.31,wrist,5v5,0,1,0,0,0,2,81,12,missed-shot,59.14,0
2025020955,2026-03-02,197,8484223,DET,47.01,51.91,wrist,5v5,0,1,0,0,0,2,60,-37,shot-on-goal,14.42,0
2025020955,2026-03-02,199,8479370,NSH,8.6,54.46,wrist,5v5,0,0,0,0,0,2,84,-7,hit,36.22,0
2025020955,2026-03-02,202,8479992,DET,14.21,50.71,wrist,5v5,0,0,0,0,0,2,80,11,faceoff,72.42,0
2025020955,2026-03-02,206,8482078,DET,14.56,15.95,wrist,5v5,0,0,0,0,0,2,75,4,takeaway,51.86,0
2025020955,2026-03-02,212,8477946,DET,50.36,6.84,wrist,5v4,1,0,0,0,0,3,39,-6,faceoff,89.0,0
2025020955,2026-03-02,213,8477946,DET,8.0,0.0,wrist,5v4,1,1,0,0,0,3,81,0,shot-on-goal,50.36,0
2025020955,2026-03-02,216,8474037,DET,36.4,69.08,wrist,5v5,0,0,0,0,0,3,76,34,faceoff,29.73,0
2025020955,2026-03-02,222,8483464,DET,14.32,77.91,backhand,5v5,0,0,0,0,0,3,86,-14,hit,12.81,0
2025020955,2026-03-02,223,8483464,DET,7.07,89.18,snap,5v5,0,1,0,0,0,3,90,-7,missed-shot,14.32,0
2025020955,2026-03-02,225,8479980,NSH,24.6,26.57,wrist,5v5,0,0,0,0,0,3,67,11,giveaway,37.12,0
2025020955,2026-03-02,227,8479980,NSH,58.31,5.91,slap,5v5,0,0,0,0,0,3,31,-6,blocked-shot,6.08,0
2025020955,2026-03-02,229,8476887,NSH,38.6,36.57,slap,6v5,1,0,0,0,0,3,58,23,delayed-penalty,89.0,0
2025020955,2026-03-02,234,8476887,NSH,39.56,20.73,wrist,5v4,1,0,0,0,0,3,52,-14,faceoff,29.73,0
2025020955,2026-03-02,237,8476887,NSH,38.33,7.5,wrist,5v4,1,0,0,0,0,3,51,-5,faceoff,29.73,0
2025020955,2026-03-02,238,8475158,NSH,7.07,45.0,tip-in,5v4,1,1,0,0,0,3,84,-5,shot-on-goal,38.33,0
2025020955,2026-03-02,241,8477946,DET,32.31,21.8,snap,4v5,0,0,0,0,0,3,59,-12,faceoff,72.42,0
2025020955,2026-03-02,244,8482762,DET,53.24,28.01,wrist,4v5,0,0,0,0,0,3,42,25,faceoff,29.73,0
2025020955,2026-03-02,248,8476539,NSH,53.24,28.01,slap,5v5,0,0,0,0,0,3,42,-25,faceoff,72.42,0
2025020955,2026-03-02,249,8475158,NSH,29.53,28.3,tip-in,5v5,0,1,0,0,0,3,63,14,missed-shot,53.24,0
2025020955,2026-03-02,254,8476887,NSH,69.84,29.13,snap,5v5,0,0,0,0,0,3,28,-34,takeaway,59.55,0
2025020955,2026-03-02,261,8478047,NSH,31.89,48.81,wrist,5v5,0,0,0,0,0,3,68,-24,faceoff,72.42,0
2025020955,2026-03-02,264,8474564,NSH,8.06,29.74,wrist,5v5,0,0,0,0,0,3,82,4,faceoff,89.0,0
2025020955,2026-03-02,265,8475158,NSH,18.38,67.62,wrist,5v5,0,1,0,0,0,3,82,-17,missed-shot,8.06,0
2025020955,2026-03-02,266,8474564,NSH,29.53,28.3,wrist,5v5,0,1,0,0,0,3,63,14,shot-on-goal,18.38,0
2025020955,2026-03-02,268,8476539,NSH,52.01,1.1,wrist,5v5,0,0,0,0,0,3,37,1,giveaway,20.12,0
2025020955,2026-03-02,270,8474141,DET,21.0,0.0,wrist,5v5,0,0,0,0,0,3,68,0,giveaway,33.24,0
2025020955,2026-03-02,274,8478891,DET,50.45,50.63,wrist,5v5,0,0,0,0,0,3,57,-39,hit,86.12,0
2025020955,2026-03-02,277,8479370,NSH,52.09,3.3,wrist,5v5,0,0,0,0,0,3,37,3,faceoff,29.73,0
2025020955,2026-03-02,283,8475158,NSH,18.25,9.46,wrist,5v5,0,0,0,0,0,3,71,-3,faceoff,72.42,0
2025020955,2026-03-02,284,8476539,NSH,9.49,18.43,wrist,5v5,0,1,0,0,0,3,80,3,shot-on-goal,18.25,0
2025020955,2026-03-02,288,8476887,NSH,38.6,36.57,wrist,5v5,0,0,0,0,0,3,58,23,giveaway,22.36,0
2025020955,2026-03-02,290,8475287,NSH,12.17,80.54,backhand,5v5,0,0,0,0,0,3,87,-12,blocked-shot,55.44,0
2025020955,2026-03-02,294,8480246,NSH,39.2,52.25,wrist,5v5,0,0,0,0,0,3,65,-31,faceoff,29.73,0
2025020955,2026-03-02,300,8474600,NSH,50.01,11.53,slap,6v5,1,0,0,0,0,3,40,-10,faceoff,29.73,0
2025020955,2026-03-02,309,8476539,NSH,18.03,33.69,wrist,6v5,1,0,0,0,0,3,74,-10,blocked-shot,32.2,0
2025020955,2026-03-02,313,8479337,DET,5.0,53.13,backhand,5v6,0,0,0,1,2,3,86,-4,giveaway,79.63,1
2025020953,2026-03-02,2,8479323,NYR,56.04,2.05,wrist,5v5,0,0,0,0,0,1,33,2,faceoff,89.0,0
2025020953,2026-03-02,12,8478500,CBJ,60.21,41.63,wrist,5v5,0,0,0,0,0,1,44,40,faceoff,29.73,0
2025020953,2026-03-02,23,8482861,NYR,54.49,47.23,wrist,5v5,0,0,0,0,0,1,52,-40,hit,31.26,0
2025020953,2026-03-02,27,8478882,NYR,48.08,45.0,wrist,5v5,0,0,0,0,0,1,55,34,blocked-shot,45.28,0
2025020953,2026-03-02,31,8476459,NYR,38.33,7.5,wrist,5v5,0,0,0,0,0,1,51,-5,faceoff,29.73,0
2025020953,2026-03-02,32,8484166,CBJ,10.0,0.0,tip-in,5v5,0,1,0,0,1,1,79,0,shot-on-goal,38.33,1
2025020953,2026-03-02,36,8476389,NYR,27.51,19.09,tip-in,5v5,0,0,0,0,0,1,63,-9,faceoff,29.73,0
2025020953,2026-03-02,41,8480893,CBJ,29.7,45.0,wrist,5v5,0,0,0,0,0,1,68,21,faceoff,89.0,0
2025020953,2026-03-02,46,8483485,CBJ,50.45,39.37,slap,5v5,0,0,0,0,0,1,50,32,faceoff,29.73,0
2025020953,2026-03-02,48,8484166,CBJ,26.93,15.07,tip-in,5v5,0,0,0,0,0,1,63,7,hit,33.02,0
2025020953,2026-03-02,49,8481716,CBJ,40.01,1.43,wrist,5v5,0,1,0,0,0,1,49,1,missed-shot,26.93,0
2025020953,2026-03-02,52,8475745,CBJ,14.0,0.0,tip-in,5v5,0,0,0,0,0,1,75,0,giveaway,21.84,0
2025020953,2026-03-02,66,8480893,CBJ,38.28,33.27,slap,5v4,1,0,0,0,2,1,57,21,faceoff,29.73,1
2025020953,2026-03-02,72,8481716,CBJ,13.15,8.75,snap,5v5,0,0,0,0,0,1,76,-2,giveaway,7.81,0
2025020953,2026-03-02,73,8479371,CBJ,69.97,30.96,deflected,5v5,0,1,0,0,0,1,29,-36,shot-on-goal,13.15,0
2025020953,2026-03-02,74,8480806,CBJ,14.42,56.31,wrist,5v5,0,1,0,0,0,1,81,12,shot-on-goal,69.97,0
2025020953,2026-03-02,77,8478882,NYR,43.42,38.45,wrist,5v5,0,0,0,0,0,1,55,27,hit,89.0,0
2025020953,2026-03-02,80,8478975,CBJ,33.84,34.16,snap,5v5,0,0,0,0,0,1,61,19,faceoff,29.73,0
2025020953,2026-03-02,92,8476923,CBJ,38.95,41.88,slap,5v5,0,0,0,0,0,1,60,-26,faceoff,29.73,0
2025020953,2026-03-02,96,8476468,NYR,22.14,71.57,wrist,5v5,0,0,0,0,0,2,82,21,faceoff,89.0,0
2025020953,2026-03-02,98,8476459,NYR,42.38,19.29,wrist,5v5,0,0,0,0,0,2,49,14,giveaway,45.69,0
2025020953,2026-03-02,99,8484210,NYR,7.07,8.13,wrist,5v5,0,1,0,0,0,2,82,-1,shot-on-goal,42.38,0
2025020953,2026-03-02,100,8476459,NYR,40.79,11.31,wrist,5v5,0,1,0,0,0,2,49,-8,shot-on-goal,7.07,0
2025020953,2026-03-02,103,8482157,NYR,14.56,15.95,wrist,5v5,0,0,0,0,0,2,75,-4,faceoff,29.73,0
2025020953,2026-03-02,106,8476389,NYR,25.08,89.77,wrist,5v5,0,0,0,0,0,2,91,-25,hit,45.49,0
2025020953,2026-03-02,112,8475745,CBJ,23.43,39.81,wrist,4v5,0,0,0,0,0,2,71,-15,faceoff,29.73,0
2025020953,2026-03-02,114,8476459,NYR,47.54,22.25,slap,5v4,1,0,0,0,0,2,45,18,takeaway,9.0,0
2025020953,2026-03-02,118,8477497,CBJ,26.42,29.48,snap,4v5,0,0,0,0,3,2,66,-13,takeaway,65.86,1
2025020953,2026-03-02,126,8477839,NYR,19.1,47.12,tip-in,5v5,0,0,0,0,0,2,76,14,blocked-shot,19.92,0
2025020953,2026-03-02,128,8479390,NYR,5.39,68.2,tip-in,5v5,0,0,0,0,0,2,87,5,takeaway,27.2,0
2025020953,2026-03-02,131,8477497,CBJ,33.97,47.39,snap,5v5,0,0,0,0,0,2,66,25,giveaway,19.92,0
2025020953,2026-03-02,132,8479671,CBJ,7.07,8.13,wrist,5v5,0,1,0,0,0,2,82,1,shot-on-goal,33.97,0
2025020953,2026-03-02,133,8476389,NYR,25.08,89.77,wrist,5v5,0,1,0,0,0,2,91,-25,shot-on-goal,7.07,0
2025020953,2026-03-02,134,8482157,NYR,39.6,45.0,snap,5v5,0,1,0,0,0,2,61,-28,missed-shot,25.08,0
2025020953,2026-03-02,135,8478840,NYR,67.6,29.22,wrist,5v5,0,1,0,0,0,2,30,-33,shot-on-goal,39.6,0
2025020953,2026-03-02,142,8479323,NYR,45.0,36.87,slap,5v5,0,0,0,0,0,2,53,-27,blocked-shot,17.46,0
2025020953,2026-03-02,143,8476468,NYR,8.25,14.04,deflected,5v5,0,1,0,0,0,2,81,2,shot-on-goal,45.0,0
2025020953,2026-03-02,151,8481525,NYR,56.08,21.99,slap,5v5,0,0,0,0,0,2,37,21,faceoff,29.73,0
2025020953,2026-03-02,153,8479671,CBJ,31.14,47.6,snap,5v5,0,0,0,0,4,2,68,-23,blocked-shot,10.0,1
2025020953,2026-03-02,159,8478975,CBJ,13.0,0.0,wrist,5v5,0,0,0,0,0,2,76,0,giveaway,59.41,0
2025020953,2026-03-02,164,8482157,NYR,46.53,8.65,wrist,5v5,0,0,0,0,0,2,43,-7,faceoff,29.73,0
2025020953,2026-03-02,171,8480893,CBJ,29.55,23.96,tip-in,5v5,0,0,0,0,0,2,62,-12,hit,42.15,0
2025020953,2026-03-02,182,8483485,CBJ,24.35,19.18,snap,5v5,0,0,0,0,0,2,66,8,hit,61.07,0
2025020953,2026-03-02,188,8478975,CBJ,17.46,13.24,tip-in,5v5,0,0,0,0,0,2,72,-4,faceoff,29.73,0
2025020953,2026-03-02,190,8484166,CBJ,19.92,17.53,tip-in,5v5,0,0,0,0,0,2,70,-6,hit,22.8,0
2025020953,2026-03-02,191,8480893,CBJ,48.04,2.39,slap,5v5,0,1,0,0,0,2,41,-2,shot-on-goal,19.92,0
2025020953,2026-03-02,192,8477839,NYR,10.82,56.31,tip-in,5v5,0,1,0,0,0,2,83,-9,missed-shot,48.04,0
2025020953,2026-03-02,196,8478882,NYR,25.06,61.39,wrist,5v5,0,0,0,0,0,3,77,22,faceoff,89.0,0
2025020953,2026-03-02,198,8478882,NYR,10.3,29.05,wrist,5v5,0,0,0,0,-3,3,80,5,blocked-shot,11.7,1
2025020953,2026-03-02,203,8484210,NYR,33.84,18.97,wrist,5v5,0,0,0,0,-2,3,57,-11,faceoff,72.42,1
2025020953,2026-03-02,209,8484210,NYR,35.23,34.59,wrist,5v5,0,0,0,0,0,3,60,20,faceoff,29.73,0
2025020953,2026-03-02,214,8476432,CBJ,38.28,33.27,snap,5v5,0,0,0,0,0,3,57,21,faceoff,29.73,0
2025020953,2026-03-02,215,8477497,CBJ,35.51,9.73,wrist,5v5,0,1,0,0,0,3,54,6,missed-shot,38.28,0
2025020953,2026-03-02,217,8477497,CBJ,7.21,89.05,wrist,5v5,0,0,0,0,0,3,93,-6,hit,37.12,0
2025020953,2026-03-02,221,8482153,NYR,19.03,3.01,tip-in,5v5,0,0,0,0,0,3,70,-1,hit,54.45,0
2025020953,2026-03-02,223,8482073,NYR,61.39,12.23,wrist,5v5,0,0,0,0,0,3,29,-13,giveaway,54.56,0
2025020953,2026-03-02,232,8482705,CBJ,33.02,1.74,snap,5v5,0,0,0,0,0,3,56,1,hit,12.04,0
2025020953,2026-03-02,233,8478500,CBJ,44.41,54.16,wrist,5v5,0,1,0,0,0,3,63,36,shot-on-goal,33.02,0
2025020953,2026-03-02,235,8476389,NYR,42.95,12.09,slap,5v5,0,0,0,0,0,3,47,-9,hit,35.36,0
2025020953,2026-03-02,236,8482109,NYR,70.66,26.93,snap,5v5,0,1,0,0,0,3,26,32,missed-shot,42.95,0
2025020953,2026-03-02,238,8475790,CBJ,39.82,51.12,wrist,5v5,0,0,0,0,0,3,64,-31,hit,31.02,0
2025020953,2026-03-02,247,8475745,CBJ,19.8,45.0,backhand,5v5,0,0,0,0,0,3,75,14,hit,82.76,0
2025020953,2026-03-02,251,8479323,NYR,60.53,7.59,wrist,5v5,0,0,0,0,0,3,29,-8,hit,30.07,0
2025020953,2026-03-02,256,8476432,CBJ,46.07,27.12,wrist,5v5,0,0,0,0,0,3,48,21,faceoff,29.73,0
2025020953,2026-03-02,259,8478840,NYR,57.27,24.78,snap,5v5,0,0,0,0,0,3,37,24,hit,9.22,0
2025020953,2026-03-02,260,8476389,NYR,13.04,32.47,wrist,5v5,0,1,0,0,0,3,78,7,shot-on-goal,57.27,0
2025020953,2026-03-02,261,8482109,NYR,5.83,30.96,wrist,5v5,0,1,0,0,0,3,84,-3,shot-on-goal,13.04,0
2025020953,2026-03-02,262,8482109,NYR,5.1,11.31,wrist,5v5,0,1,0,0,0,3,84,-1,missed-shot,5.83,0
2025020953,2026-03-02,265,8484210,NYR,34.18,20.56,snap,5v5,0,0,0,0,0,3,57,-12,faceoff,29.73,0
2025020953,2026-03-02,270,8484210,NYR,10.05,5.71,deflected,6v5,1,0,0,0,0,3,79,1,blocked-shot,21.93,0
2025020953,2026-03-02,271,8478840,NYR,4.47,26.57,wrist,6v5,1,1,0,0,-1,3,85,-2,shot-on-goal,10.05,1
2025020953,2026-03-02,273,8479371,CBJ,64.08,22.96,snap,5v5,0,0,0,0,0,3,30,-25,faceoff,89.0,0
2025020953,2026-03-02,278,8478975,CBJ,44.69,49.54,snap,5v5,0,0,0,0,0,3,60,-34,faceoff,29.73,0
2025020953,2026-03-02,283,8476432,CBJ,56.94,30.62,snap,5v5,0,0,0,0,0,3,40,29,hit,12.04,0
2025020953,2026-03-02,288,8484210,NYR,13.0,0.0,wrist,5v5,0,0,0,0,0,3,76,0,blocked-shot,30.81,1
2025020953,2026-03-02,290,8476432,CBJ,56.61,17.47,wrist,5v5,0,0,0,0,0,3,35,-17,faceoff,89.0,0
2025020953,2026-03-02,296,8482073,NYR,70.21,26.2,wrist,5v5,0,0,0,0,0,3,26,31,hit,85.0,0
2025020953,2026-03-02,302,8478975,CBJ,69.34,33.23,backhand,5v5,0,0,0,0,0,3,31,-38,blocked-shot,7.21,0
2025020953,2026-03-02,303,8476459,NYR,24.52,11.77,wrist,5v5,0,1,0,0,0,3,65,5,shot-on-goal,69.34,0
2025020953,2026-03-02,304,8476459,NYR,6.08,9.46,wrist,5v5,0,1,0,0,0,3,83,1,shot-on-goal,24.52,0
2025020953,2026-03-02,309,8476389,NYR,43.66,20.1,wrist,5v5,0,0,0,0,0,3,48,15,blocked-shot,56.86,0
2025020953,2026-03-02,310,8482157,NYR,7.81,39.81,tip-in,5v5,0,1,0,0,0,3,83,-5,shot-on-goal,43.66,0
2025020953,2026-03-02,322,8480893,CBJ,31.76,28.18,snap,3v3,0,0,0,0,1,4,61,15,blocked-shot,23.26,1
2025020954,2026-03-02,4,8481122,TOR,68.35,20.56,slap,5v5,0,0,0,0,0,1,25,24,hit,90.14,0
2025020954,2026-03-02,17,8481546,PHI,38.47,27.9,wrist,5v5,0,0,0,0,0,1,55,-18,giveaway,7.81,0
2025020954,2026-03-02,18,8482142,PHI,56.08,31.14,wrist,5v5,0,1,0,0,0,1,41,-29,missed-shot,38.47,0
2025020954,2026-03-02,19,8481553,PHI,42.54,60.42,wrist,5v5,0,1,0,0,0,1,68,-37,shot-on-goal,56.08,0
2025020954,2026-03-02,21,8477499,PHI,6.71,26.57,wrist,5v5,0,0,0,0,0,1,83,3,hit,41.11,0
2025020954,2026-03-02,26,8484387,PHI,11.05,5.19,deflected,5v4,1,0,0,0,0,1,78,-1,faceoff,29.73,0
2025020954,2026-03-02,28,8478904,TOR,20.52,43.03,wrist,4v5,0,0,0,0,0,1,74,14,blocked-shot,12.73,0
2025020954,2026-03-02,30,8484142,PHI,7.07,8.13,backhand,5v4,1,0,0,0,0,1,82,-1,hit,45.79,0
2025020954,2026-03-02,34,8481546,PHI,49.04,2.34,slap,5v4,1,0,0,0,0,1,40,2,giveaway,33.38,0
2025020954,2026-03-02,35,8477499,PHI,60.3,5.71,wrist,5v4,1,1,0,0,0,1,29,6,shot-on-goal,49.04,0
2025020954,2026-03-02,36,8477503,TOR,46.01,42.36,snap,5v5,0,1,0,0,0,1,55,31,shot-on-goal,60.3,0
2025020954,2026-03-02,42,8477948,PHI,57.01,37.87,slap,5v5,0,0,0,0,0,1,44,35,giveaway,10.82,0
2025020954,2026-03-02,49,8481122,TOR,55.87,45.73,wrist,5v5,0,0,0,0,0,1,50,40,faceoff,29.73,0
2025020954,2026-03-02,56,8478057,TOR,26.93,15.07,tip-in,5v5,0,0,0,0,0,1,63,7,hit,43.83,0
2025020954,2026-03-02,62,8477903,PHI,43.01,35.54,wrist,5v5,0,0,0,0,0,1,54,25,takeaway,76.49,0
2025020954,2026-03-02,65,8479336,PHI,78.39,29.84,tip-in,5v5,0,0,0,0,0,1,21,-39,faceoff,29.73,0
2025020954,2026-03-02,71,8476372,PHI,46.75,41.53,wrist,5v5,0,0,0,0,0,1,54,31,giveaway,68.26,0
2025020954,2026-03-02,76,8480015,PHI,41.05,34.08,slap,5v4,1,0,0,0,0,1,55,23,faceoff,29.73,0
2025020954,2026-03-02,77,8481553,PHI,24.02,2.39,wrist,5v4,1,1,0,0,0,1,65,-1,shot-on-goal,41.05,0
2025020954,2026-03-02,81,8476872,TOR,17.2,54.46,wrist,4v4,0,0,0,0,0,1,79,14,giveaway,7.28,0
2025020954,2026-03-02,82,8481533,PHI,23.02,34.38,wrist,4v4,0,1,0,0,0,1,70,13,missed-shot,17.2,0
2025020954,2026-03-02,84,8482720,TOR,30.0,0.0,wrist,5v4,1,0,0,0,0,1,59,0,takeaway,56.64,0
2025020954,2026-03-02,85,8476853,TOR,38.01,1.51,snap,5v5,0,1,0,0,0,1,51,1,shot-on-goal,30.0,0
2025020954,2026-03-02,90,8478057,TOR,26.25,49.64,wrist,5v5,0,0,0,0,1,1,72,20,hit,35.23,1
2025020954,2026-03-02,96,8477989,PHI,4.0,88.57,wrap-around,5v5,0,0,0,0,0,1,89,-4,blocked-shot,12.81,0
2025020954,2026-03-02,98,8479318,TOR,17.8,51.84,wrist,5v5,0,0,0,0,0,1,78,-14,giveaway,85.21,0
2025020954,2026-03-02,103,8482142,PHI,44.01,1.3,snap,5v4,1,0,0,0,0,1,45,-1,faceoff,29.73,0
2025020954,2026-03-02,107,8477989,PHI,4.12,14.04,backhand,5v4,1,0,0,0,0,1,85,-1,blocked-shot,7.07,0
2025020954,2026-03-02,108,8477989,PHI,8.06,7.13,wrist,5v4,1,1,0,0,0,1,81,1,shot-on-goal,4.12,1
2025020954,2026-03-02,110,8477903,PHI,55.44,39.14,slap,5v5,0,0,0,0,0,1,46,-35,faceoff,89.0,0
2025020954,2026-03-02,112,8481122,TOR,21.4,52.59,snap,5v5,0,0,0,0,0,1,76,17,hit,12.04,0
2025020954,2026-03-02,116,8477939,TOR,49.04,50.79,wrist,5v5,0,0,0,0,0,2,58,-38,faceoff,89.0,0
2025020954,2026-03-02,120,8475171,TOR,65.8,24.23,wrist,5v5,0,0,0,0,0,2,29,27,faceoff,29.73,0
2025020954,2026-03-02,121,8477503,TOR,28.64,65.22,snap,5v5,0,1,0,0,0,2,77,-26,shot-on-goal,65.8,0
2025020954,2026-03-02,122,8476931,TOR,65.19,20.66,slap,5v5,0,1,0,0,0,2,28,23,shot-on-goal,28.64,0
2025020954,2026-03-02,124,8481711,TOR,19.92,17.53,snap,5v5,0,0,0,0,0,2,70,6,giveaway,9.22,0
2025020954,2026-03-02,135,8478462,TOR,11.66,59.04,wrist,5v5,0,0,0,0,0,2,83,10,hit,35.13,0
2025020954,2026-03-02,137,8476872,TOR,29.41,35.31,snap,5v5,0,0,0,0,0,2,65,17,blocked-shot,23.02,0
2025020954,2026-03-02,138,8475171,TOR,38.08,23.2,wrist,5v5,0,1,0,0,0,2,54,-15,shot-on-goal,29.41,0
2025020954,2026-03-02,141,8481533,PHI,36.8,42.8,wrist,5v5,0,0,0,0,0,2,62,-25,faceoff,29.73,0
2025020954,2026-03-02,147,8478443,TOR,46.24,21.57,wrist,5v5,0,0,0,0,0,2,46,17,faceoff,29.73,0
2025020954,2026-03-02,148,8479336,PHI,63.25,39.23,wrist,5v5,0,1,0,0,0,2,40,40,missed-shot,46.24,0
2025020954,2026-03-02,152,8479318,TOR,16.4,52.43,wrist,5v5,0,0,0,0,0,2,79,13,takeaway,84.76,0
2025020954,2026-03-02,156,8478904,TOR,25.24,33.69,snap,5v5,0,0,0,0,0,2,68,14,faceoff,29.73,0
2025020954,2026-03-02,161,8477499,PHI,45.18,62.3,snap,5v5,0,0,0,0,0,2,68,-40,faceoff,72.42,0
2025020954,2026-03-02,162,8477503,TOR,67.12,28.47,wrist,5v5,0,1,0,0,0,2,30,-32,shot-on-goal,45.18,0
2025020954,2026-03-02,164,8479318,TOR,44.01,1.3,wrist,5v5,0,0,0,0,0,2,45,1,giveaway,33.29,0
2025020954,2026-03-02,168,8481553,PHI,31.95,69.86,wrist,5v5,0,0,0,0,0,2,78,30,blocked-shot,29.53,0
2025020954,2026-03-02,173,8481711,TOR,38.01,26.57,wrist,5v5,0,0,0,0,0,2,55,17,blocked-shot,16.28,0
2025020954,2026-03-02,175,8476872,TOR,47.8,37.35,slap,5v5,0,0,0,0,0,2,51,29,blocked-shot,18.87,0
2025020954,2026-03-02,178,8475235,PHI,27.02,51.01,wrist,5v5,0,0,0,0,0,2,72,21,hit,92.61,0
2025020954,2026-03-02,185,8475171,TOR,52.8,24.62,snap,5v5,0,0,0,0,0,2,41,22,giveaway,21.59,0
2025020954,2026-03-02,189,8477939,TOR,42.49,63.43,wrist,5v5,0,0,0,0,0,2,70,-38,faceoff,29.73,0
2025020954,2026-03-02,199,8482259,TOR,27.89,75.47,wrist,5v5,0,0,0,0,0,2,82,27,blocked-shot,29.53,0
2025020954,2026-03-02,211,8476853,TOR,52.04,2.2,wrist,5v4,1,0,0,0,0,3,37,-2,faceoff,29.73,0
2025020954,2026-03-02,214,8480220,PHI,29.15,5.91,wrist,4v5,0,0,0,0,0,3,60,-3,giveaway,30.0,0
2025020954,2026-03-02,217,8477499,PHI,31.95,69.86,slap,5v5,0,0,0,0,0,3,78,-30,giveaway,44.01,0
2025020954,2026-03-02,218,8477948,PHI,47.1,3.65,slap,5v5,0,1,0,0,0,3,42,-3,shot-on-goal,31.95,0
2025020954,2026-03-02,226,8482142,PHI,62.17,25.74,snap,5v5,0,0,0,0,0,3,33,-27,hit,8.0,0
2025020954,2026-03-02,230,8477503,TOR,44.05,39.47,wrist,5v5,0,0,0,0,0,3,55,28,faceoff,29.73,0
2025020954,2026-03-02,233,8477939,TOR,5.39,68.2,tip-in,5v5,0,0,0,0,0,3,87,5,faceoff,29.73,0
2025020954,2026-03-02,255,8480015,PHI,43.01,1.33,wrist,5v5,0,0,0,0,0,3,46,-1,faceoff,29.73,0
2025020954,2026-03-02,260,8477499,PHI,39.82,38.88,wrist,5v5,0,0,0,0,0,3,58,-25,hit,84.08,0
2025020954,2026-03-02,261,8484387,PHI,9.49,18.43,wrist,5v5,0,1,0,0,0,3,80,-3,shot-on-goal,39.82,0
2025020954,2026-03-02,262,8480220,PHI,23.6,36.38,wrist,5v5,0,1,0,0,1,3,70,14,missed-shot,9.49,1
2025020954,2026-03-02,272,8477939,TOR,45.49,33.34,slap,5v4,1,0,0,0,0,3,51,25,faceoff,29.73,0
2025020954,2026-03-02,275,8475166,TOR,42.44,34.44,wrist,5v4,1,0,0,0,0,3,54,24,faceoff,29.73,0
2025020954,2026-03-02,276,8479318,TOR,21.19,70.71,wrist,5v4,1,1,0,0,0,3,82,-20,shot-on-goal,42.44,0
2025020954,2026-03-02,277,8479318,TOR,5.0,36.87,wrist,5v4,1,1,0,0,0,3,85,-3,shot-on-goal,21.19,0
2025020954,2026-03-02,278,8477939,TOR,26.4,37.3,snap,5v4,1,1,0,0,0,3,68,16,shot-on-goal,5.0,1
2025020954,2026-03-02,281,8481122,TOR,72.2,30.83,wrist,5v5,0,0,0,0,0,3,27,37,hit,69.07,0
2025020954,2026-03-02,286,8478443,TOR,67.74,31.11,wrist,5v5,0,0,0,0,0,3,31,35,takeaway,9.06,0
2025020954,2026-03-02,292,8479318,TOR,35.34,25.11,wrist,3v3,0,0,0,0,0,4,57,15,faceoff,89.0,0
2025020954,2026-03-02,293,8479318,TOR,8.0,89.28,wrist,3v3,0,1,0,0,0,4,89,8,shot-on-goal,35.34,0
2025020954,2026-03-02,296,8477939,TOR,31.89,41.19,wrist,3v3,0,0,0,0,0,4,65,21,hit,42.05,0
2025020954,2026-03-02,297,8479318,TOR,5.1,11.31,wrist,3v3,0,1,0,0,0,4,84,-1,missed-shot,31.89,0
2025020954,2026-03-02,301,8477948,PHI,27.46,33.11,wrist,3v3,0,0,0,0,0,4,66,15,faceoff,29.73,0
2025020954,2026-03-02,303,8479318,TOR,13.0,0.0,wrist,3v3,0,0,0,0,0,4,76,0,giveaway,44.29,0
2025020954,2026-03-02,304,8482142,PHI,21.4,37.41,wrist,3v3,0,1,0,0,0,4,72,-13,shot-on-goal,13.0,0
2025020954,2026-03-02,311,8477939,TOR,6.08,9.46,wrist,1v0,1,0,0,0,0,5,83,1,period-start,89.0,1
2025020954,2026-03-02,312,8484387,PHI,10.2,11.31,backhand,1v0,1,1,0,0,0,5,79,-2,goal,6.08,1
2025020954,2026-03-02,313,8479318,TOR,9.0,0.0,backhand,1v0,1,1,0,0,0,5,80,0,goal,10.2,0
2025020954,2026-03-02,314,8481533,PHI,19.03,3.01,wrist,1v0,1,1,0,0,0,5,70,-1,shot-on-goal,9.0,1
2025020954,2026-03-02,315,8477503,TOR,11.7,19.98,wrist,1v0,1,1,0,0,0,5,78,4,goal,19.03,0
2025020956,2026-03-02,3,8479351,DAL,30.87,24.9,wrist,5v5,0,0,0,0,0,1,61,13,hit,32.14,0
2025020956,2026-03-02,6,8480036,DAL,45.28,6.34,snap,5v5,0,0,0,0,0,1,44,5,hit,39.62,0
2025020956,2026-03-02,12,8475169,VAN,43.86,43.15,wrist,5v5,0,0,0,0,0,1,57,30,hit,23.09,0
2025020956,2026-03-02,16,8479351,DAL,8.0,0.0,wrist,5v5,0,0,0,0,0,1,81,0,blocked-shot,11.4,0
2025020956,2026-03-02,18,8476278,DAL,54.45,44.26,slap,5v5,0,0,0,0,0,1,50,38,hit,30.15,0
2025020956,2026-03-02,20,8482055,VAN,7.07,8.13,tip-in,5v5,0,0,0,0,0,1,82,1,hit,32.06,0
2025020956,2026-03-02,32,8480036,DAL,27.78,59.74,wrist,5v5,0,0,0,0,0,1,75,24,faceoff,29.73,0
2025020956,2026-03-02,35,8476902,DAL,65.0,22.62,slap,5v5,0,0,0,0,0,1,29,25,faceoff,29.73,0
2025020956,2026-03-02,43,8478498,VAN,29.73,42.27,wrist,5v5,0,0,0,0,0,1,67,-20,faceoff,29.73,0
2025020956,2026-03-02,44,8475169,VAN,2.24,26.57,deflected,5v5,0,1,0,0,1,1,87,1,shot-on-goal,29.73,1
2025020956,2026-03-02,48,8482079,VAN,9.0,0.0,tip-in,5v5,0,0,0,0,0,1,80,0,faceoff,29.73,0
2025020956,2026-03-02,54,8479425,VAN,51.42,13.5,wrist,5v4,1,0,0,0,0,1,39,-12,faceoff,29.73,0
2025020956,2026-03-02,55,8478498,VAN,21.21,8.13,tip-in,5v4,1,1,0,0,0,1,68,3,missed-shot,51.42,0
2025020956,2026-03-02,58,8479425,VAN,48.26,5.95,snap,5v4,1,0,0,0,0,1,41,5,blocked-shot,17.89,0
2025020956,2026-03-02,59,8482079,VAN,41.05,34.08,wrist,5v4,1,1,0,0,0,1,55,23,missed-shot,48.26,0
2025020956,2026-03-02,63,8484829,DAL,21.1,31.43,tip-in,5v5,0,0,0,0,0,1,71,11,hit,65.6,0
2025020956,2026-03-02,65,8476278,DAL,31.62,55.3,wrist,5v5,0,0,0,0,0,1,71,-26,giveaway,65.31,0
2025020956,2026-03-02,68,8480036,DAL,53.46,7.52,wrist,5v5,0,0,0,0,0,1,36,-7,faceoff,29.73,0
2025020956,2026-03-02,69,8482145,DAL,14.42,56.31,wrist,5v5,0,1,0,0,0,1,81,-12,missed-shot,53.46,0
2025020956,2026-03-02,70,8482740,DAL,4.47,26.57,poke,5v5,0,1,0,0,0,1,85,2,missed-shot,14.42,0
2025020956,2026-03-02,75,8478856,VAN,65.8,36.35,wrist,5v5,0,0,0,0,0,1,36,-39,giveaway,44.28,0
2025020956,2026-03-02,77,8477454,DAL,26.08,32.47,snap,5v5,0,0,0,0,0,1,67,-14,hit,65.0,1
2025020956,2026-03-02,90,8480027,DAL,37.01,1.55,wrist,5v5,0,0,0,0,0,2,52,1,giveaway,8.25,0
2025020956,2026-03-02,91,8475168,DAL,9.06,6.34,poke,5v5,0,1,0,0,0,2,80,1,shot-on-goal,37.01,0
2025020956,2026-03-02,94,8473994,DAL,7.0,0.0,wrist,5v5,0,0,0,0,0,2,82,0,faceoff,29.73,0
2025020956,2026-03-02,98,8476902,DAL,59.41,6.77,wrist,5v5,0,0,0,0,0,2,30,-7,giveaway,9.06,0
2025020956,2026-03-02,100,8480950,DAL,57.8,37.27,wrist,5v5,0,0,0,0,0,2,43,-35,blocked-shot,17.0,0
2025020956,2026-03-02,109,8475169,VAN,65.0,36.87,wrist,5v5,0,0,0,0,0,2,37,39,faceoff,29.73,0
2025020956,2026-03-02,113,8480027,DAL,24.21,38.29,wrist,5v5,0,0,0,0,0,2,70,-15,giveaway,36.06,0
2025020956,2026-03-02,126,8477969,VAN,63.25,39.23,wrist,5v5,0,0,0,0,0,2,40,40,faceoff,29.73,0
2025020956,2026-03-02,130,8482740,DAL,34.44,25.82,wrist,5v5,0,0,0,0,0,2,58,15,giveaway,76.66,0
2025020956,2026-03-02,133,8483425,DAL,50.21,45.81,wrist,5v5,0,0,0,0,0,2,54,36,faceoff,29.73,0
2025020956,2026-03-02,134,8479351,DAL,11.7,19.98,wrist,5v5,0,1,0,0,0,2,78,4,missed-shot,50.21,0
2025020956,2026-03-02,136,8483425,DAL,23.77,22.25,snap,5v5,0,0,0,0,1,2,67,9,blocked-shot,5.0,1
2025020956,2026-03-02,142,8480027,DAL,35.9,12.88,slap,5v4,1,0,0,0,2,2,54,8,giveaway,35.36,1
2025020956,2026-03-02,146,8479425,VAN,59.2,15.68,wrist,5v5,0,0,0,0,0,2,32,-16,hit,39.05,0
2025020956,2026-03-02,149,8482145,DAL,56.0,0.0,wrist,5v5,0,0,0,0,0,2,33,0,giveaway,85.59,0
2025020956,2026-03-02,152,8476278,DAL,34.99,30.96,wrist,5v5,0,0,0,0,0,2,59,18,faceoff,29.73,0
2025020956,2026-03-02,157,8476278,DAL,20.88,16.7,wrist,5v5,0,0,0,0,0,2,69,-6,blocked-shot,26.83,0
2025020956,2026-03-02,160,8481535,VAN,24.41,34.99,wrist,5v5,0,0,0,0,0,2,69,-14,faceoff,29.73,0
2025020956,2026-03-02,170,8481581,DAL,72.11,33.69,wrist,5v5,0,0,0,0,0,2,29,40,faceoff,89.0,0
2025020956,2026-03-02,172,8481535,VAN,44.05,2.6,slap,5v5,0,0,0,0,0,2,45,2,giveaway,50.8,0
2025020956,2026-03-02,176,8475169,VAN,22.8,15.26,tip-in,5v5,0,0,0,0,0,2,67,-6,faceoff,29.73,0
2025020956,2026-03-02,178,8475168,DAL,10.3,29.05,snap,5v5,0,0,0,0,0,2,80,5,hit,28.44,0
2025020956,2026-03-02,179,8480036,DAL,12.08,24.44,bat,5v5,0,1,0,0,0,2,78,-5,shot-on-goal,10.3,0
2025020956,2026-03-02,183,8480036,DAL,53.6,8.58,slap,5v5,0,0,0,0,0,2,36,-8,hit,10.0,0
2025020956,2026-03-02,184,8480950,DAL,46.01,42.36,slap,5v5,0,1,0,0,0,2,55,-31,shot-on-goal,53.6,0
2025020956,2026-03-02,196,8482079,VAN,33.0,89.83,wrist,5v5,0,0,0,0,0,2,89,33,blocked-shot,22.02,0
2025020956,2026-03-02,204,8475168,DAL,22.2,54.16,snap,5v5,0,0,0,0,3,3,76,-18,giveaway,74.3,1
2025020956,2026-03-02,208,8483499,VAN,37.12,4.64,wrist,5v5,0,0,0,0,0,3,52,3,blocked-shot,29.15,0
2025020956,2026-03-02,214,8475169,VAN,35.85,22.99,snap,5v5,0,0,0,0,0,3,56,14,blocked-shot,34.93,0
2025020956,2026-03-02,217,8476278,DAL,11.4,52.13,snap,5v5,0,0,0,0,4,3,82,-9,faceoff,29.73,1
2025020956,2026-03-02,222,8480840,DAL,14.87,19.65,tip-in,5v5,0,0,0,0,0,3,75,-5,giveaway,26.25,0
2025020956,2026-03-02,223,8484938,DAL,7.28,15.95,deflected,5v5,0,1,0,0,0,3,82,2,missed-shot,14.87,0
2025020956,2026-03-02,224,8479414,DAL,8.06,29.74,backhand,5v5,0,1,0,0,0,3,82,-4,shot-on-goal,7.28,0
2025020956,2026-03-02,227,8482145,DAL,8.06,29.74,wrist,5v5,0,0,0,0,0,3,82,-4,giveaway,66.37,0
2025020956,2026-03-02,228,8483425,DAL,54.41,17.1,slap,5v5,0,1,0,0,0,3,37,16,shot-on-goal,8.06,0
2025020956,2026-03-02,229,8480012,VAN,67.68,34.16,wrist,5v5,0,1,0,0,0,3,33,-38,missed-shot,54.41,0
2025020956,2026-03-02,233,8478856,VAN,36.25,24.44,wrist,5v5,0,0,0,0,0,3,56,-15,takeaway,88.02,0
2025020956,2026-03-02,234,8476278,DAL,22.8,15.26,wrist,5v5,0,1,0,0,0,3,67,6,shot-on-goal,36.25,0
2025020956,2026-03-02,238,8480878,DAL,54.12,27.51,wrist,5v5,0,0,0,0,0,3,41,-25,hit,83.24,0
2025020956,2026-03-02,241,8479351,DAL,26.87,45.0,slap,5v5,0,0,0,0,0,3,70,-19,hit,7.07,0
2025020956,2026-03-02,242,8480878,DAL,43.91,30.07,wrist,5v5,0,1,0,0,0,3,51,-22,missed-shot,26.87,0
2025020956,2026-03-02,243,8479351,DAL,11.18,26.57,wrist,5v5,0,1,0,0,0,3,79,-5,shot-on-goal,43.91,0
2025020956,2026-03-02,244,8479351,DAL,7.07,8.13,poke,5v5,0,1,0,0,0,3,82,1,shot-on-goal,11.18,0
2025020956,2026-03-02,247,8484938,DAL,19.92,17.53,tip-in,5v5,0,0,0,0,0,3,70,-6,faceoff,29.73,0
2025020956,2026-03-02,251,8482740,DAL,21.54,21.8,wrist,5v4,1,0,0,0,0,3,69,8,faceoff,29.73,0
2025020956,2026-03-02,254,8480027,DAL,29.83,39.56,wrist,5v4,1,0,0,0,0,3,66,19,faceoff,29.73,0
2025020956,2026-03-02,262,8480878,DAL,9.49,18.43,backhand,4v4,0,0,0,0,0,3,80,3,faceoff,72.42,0
2025020956,2026-03-02,266,8484829,DAL,24.7,58.24,backhand,5v5,0,0,0,0,0,3,76,-21,hit,11.66,0
2025020956,2026-03-02,269,8483425,DAL,26.87,45.0,snap,5v5,0,0,0,0,5,3,70,19,faceoff,29.73,1
2025020956,2026-03-02,273,8475168,DAL,18.03,56.31,wrist,5v5,0,0,0,0,0,3,79,15,takeaway,92.48,0
2025020956,2026-03-02,281,8484938,DAL,8.0,0.0,backhand,5v5,0,0,0,0,0,3,81,0,hit,11.31,0
2025020956,2026-03-02,289,8477454,DAL,38.47,27.9,slap,5v5,0,0,0,0,0,3,55,18,faceoff,72.42,0
2025020957,2026-03-02,5,8477940,CAR,53.74,45.0,wrist,5v5,0,0,0,0,0,1,51,38,takeaway,33.38,0
2025020957,2026-03-02,6,8482093,CAR,16.76,17.35,tip-in,5v5,0,1,0,0,0,1,73,-5,shot-on-goal,53.74,0
2025020957,2026-03-02,7,8480009,SEA,28.64,65.22,wrist,5v5,0,1,0,0,0,1,77,26,missed-shot,16.76,0
2025020957,2026-03-02,21,8477940,CAR,39.05,50.19,wrist,5v5,0,0,0,0,0,1,64,-30,hit,78.55,0
2025020957,2026-03-02,22,8482093,CAR,56.57,45.0,wrist,5v5,0,1,0,0,0,1,49,40,missed-shot,39.05,0
2025020957,2026-03-02,23,8480830,CAR,7.81,39.81,wrist,5v5,0,1,0,0,0,1,83,5,shot-on-goal,56.57,0
2025020957,2026-03-02,24,8480830,CAR,8.06,29.74,wrist,5v5,0,1,0,0,0,1,82,4,shot-on-goal,7.81,0
2025020957,2026-03-02,26,8475791,CAR,53.15,48.81,wrist,5v5,0,0,0,0,0,1,54,40,giveaway,76.55,0
2025020957,2026-03-02,28,8479985,SEA,60.3,5.71,wrist,5v5,0,0,0,0,0,1,29,-6,giveaway,9.22,0
2025020957,2026-03-02,33,8477940,CAR,35.74,72.07,wrist,5v5,0,0,0,0,0,1,78,34,giveaway,89.14,0
2025020957,2026-03-02,37,8478970,CAR,59.48,27.0,slap,5v5,0,0,0,0,0,1,36,-27,faceoff,29.73,0
2025020957,2026-03-02,39,8478427,CAR,9.43,57.99,tip-in,5v5,0,0,0,0,0,1,84,8,hit,34.0,0
2025020957,2026-03-02,47,8477955,SEA,28.64,12.09,wrist,5v4,1,0,0,0,0,1,61,6,takeaway,33.42,0
2025020957,2026-03-02,48,8474586,SEA,6.71,26.57,wrist,5v5,0,1,0,0,0,1,83,-3,shot-on-goal,28.64,0
2025020957,2026-03-02,56,8482874,SEA,17.09,69.44,backhand,5v5,0,0,0,0,0,1,83,16,hit,68.01,0
2025020957,2026-03-02,57,8480830,CAR,12.53,28.61,backhand,5v5,0,1,0,0,0,1,78,-6,shot-on-goal,17.09,0
2025020957,2026-03-02,59,8477940,CAR,46.23,38.85,slap,5v5,0,0,0,0,0,1,53,29,giveaway,51.66,0
2025020957,2026-03-02,62,8480336,CAR,40.85,21.54,wrist,5v5,0,0,0,0,0,1,51,15,faceoff,29.73,0
2025020957,2026-03-02,70,8478970,CAR,72.4,32.59,wrist,5v5,0,0,0,0,0,1,28,-39,blocked-shot,35.23,0
2025020957,2026-03-02,73,8478970,CAR,61.22,38.37,wrist,5v5,0,0,0,0,0,1,41,-38,faceoff,29.73,0
2025020957,2026-03-02,78,8482858,SEA,47.2,36.38,wrist,5v5,0,0,0,0,0,1,51,-28,faceoff,72.42,0
2025020957,2026-03-02,85,8476906,CAR,57.49,13.07,wrist,5v5,0,0,0,0,0,1,33,13,faceoff,29.73,0
2025020957,2026-03-02,87,8482100,CAR,43.57,31.87,slap,5v5,0,0,0,0,0,1,52,-23,hit,36.06,0
2025020957,2026-03-02,88,8482100,CAR,49.41,35.94,slap,5v5,0,1,0,0,0,1,49,-29,shot-on-goal,43.57,0
2025020957,2026-03-02,89,8476906,CAR,35.36,45.0,wrist,5v5,0,1,0,0,0,1,64,25,missed-shot,49.41,0
2025020957,2026-03-02,93,8483570,SEA,24.08,4.76,wrist,5v5,0,0,0,0,0,1,65,2,hit,62.37,0
2025020957,2026-03-02,100,8476958,CAR,47.63,50.96,wrist,5v5,0,0,0,0,0,2,59,37,faceoff,72.42,0
2025020957,2026-03-02,101,8475791,CAR,33.84,18.97,snap,5v5,0,1,0,0,0,2,57,11,shot-on-goal,47.63,0
2025020957,2026-03-02,113,8482665,SEA,36.35,7.91,wrist,5v5,0,0,0,0,0,2,53,-5,hit,95.27,0
2025020957,2026-03-02,115,8481554,SEA,31.3,26.57,wrist,5v5,0,0,0,0,1,2,61,-14,hit,71.28,1
2025020957,2026-03-02,117,8473533,CAR,35.38,47.29,wrist,5v5,0,0,0,0,0,2,65,26,faceoff,89.0,0
2025020957,2026-03-02,124,8476905,SEA,8.54,20.56,backhand,5v5,0,0,0,0,0,2,81,3,giveaway,31.14,0
2025020957,2026-03-02,126,8475791,CAR,56.14,4.09,wrist,5v5,0,0,0,0,0,2,33,-4,hit,69.12,0
2025020957,2026-03-02,128,8475791,CAR,65.51,31.26,wrist,5v5,0,0,0,0,0,2,33,34,hit,45.65,0
2025020957,2026-03-02,130,8474586,SEA,26.63,55.71,wrist,5v5,0,0,0,0,0,2,74,-22,hit,44.01,0
2025020957,2026-03-02,135,8482665,SEA,59.3,5.81,wrist,5v4,1,0,0,0,0,2,30,6,faceoff,29.73,0
2025020957,2026-03-02,142,8483570,SEA,4.12,75.96,backhand,5v5,0,0,0,0,2,2,88,-4,hit,84.6,1
2025020957,2026-03-02,144,8473533,CAR,37.36,15.52,wrist,5v5,0,0,0,0,0,2,53,-10,faceoff,89.0,0
2025020957,2026-03-02,145,8477955,SEA,59.82,38.21,wrist,5v5,0,1,0,0,0,2,42,37,missed-shot,37.36,0
2025020957,2026-03-02,151,8476905,SEA,15.23,23.2,tip-in,5v4,1,0,0,0,0,2,75,6,faceoff,29.73,0
2025020957,2026-03-02,152,8482665,SEA,15.52,14.93,backhand,5v4,1,1,0,0,0,2,74,-4,missed-shot,15.23,0
2025020957,2026-03-02,154,8478427,CAR,35.36,8.13,wrist,4v5,0,0,0,0,0,2,54,5,blocked-shot,22.2,0
2025020957,2026-03-02,158,8483524,SEA,36.5,9.46,wrist,5v4,1,0,0,0,0,2,53,6,blocked-shot,39.46,0
2025020957,2026-03-02,159,8477986,SEA,45.0,0.0,wrist,5v4,1,1,0,0,0,2,44,0,missed-shot,36.5,0
2025020957,2026-03-02,160,8476921,CAR,21.95,59.93,backhand,5v5,0,1,0,0,0,2,78,-19,shot-on-goal,45.0,0
2025020957,2026-03-02,163,8482874,SEA,26.17,46.55,wrist,5v5,0,0,0,0,0,2,71,19,faceoff,29.73,0
2025020957,2026-03-02,164,8476906,CAR,33.3,48.65,wrist,5v5,0,1,0,0,0,2,67,-25,missed-shot,26.17,0
2025020957,2026-03-02,171,8476906,CAR,46.23,38.85,slap,5v5,0,0,0,0,0,2,53,-29,blocked-shot,15.23,0
2025020957,2026-03-02,172,8476921,CAR,23.35,80.13,wrist,5v5,0,1,0,0,0,2,85,-23,missed-shot,46.23,0
2025020957,2026-03-02,179,8480336,CAR,20.25,69.78,wrist,5v5,0,0,0,0,0,2,82,-19,hit,49.41,0
2025020957,2026-03-02,185,8482702,CAR,20.59,29.05,snap,5v5,0,0,0,0,0,2,71,10,blocked-shot,7.07,0
2025020957,2026-03-02,186,8482809,CAR,7.62,66.8,wrist,5v5,0,1,0,0,0,2,86,7,missed-shot,20.59,0
2025020957,2026-03-02,187,8482702,CAR,29.07,63.43,wrist,5v5,0,1,0,0,0,2,76,-26,missed-shot,7.62,0
2025020957,2026-03-02,192,8477940,CAR,28.86,14.04,wrist,5v5,0,0,0,0,-1,2,61,-7,hit,64.03,1
2025020957,2026-03-02,195,8480830,CAR,24.08,41.63,wrist,5v5,0,0,0,0,0,2,71,16,giveaway,54.13,0
2025020957,2026-03-02,200,8475791,CAR,45.49,33.34,wrist,5v5,0,0,0,0,0,2,51,-25,giveaway,39.56,0
2025020957,2026-03-02,203,8476958,CAR,59.54,7.72,slap,5v5,0,0,0,0,0,2,30,-8,faceoff,29.73,0
2025020957,2026-03-02,211,8476921,CAR,63.6,16.44,wrist,5v5,0,0,0,0,0,3,28,-18,hit,50.61,0
2025020957,2026-03-02,215,8480830,CAR,22.67,41.42,snap,5v5,0,0,0,0,0,3,72,15,blocked-shot,32.2,0
2025020957,2026-03-02,218,8482093,CAR,10.0,53.13,wrist,5v5,0,0,0,0,0,3,83,8,hit,33.0,0
2025020957,2026-03-02,222,8476921,CAR,29.07,63.43,wrist,5v5,0,0,0,0,0,3,76,26,takeaway,85.09,0
2025020957,2026-03-02,223,8482874,SEA,6.08,80.54,wrap-around,5v5,0,1,0,0,0,3,88,6,shot-on-goal,29.07,0
2025020957,2026-03-02,227,8478970,CAR,58.52,33.15,wrist,5v5,0,0,0,0,0,3,40,-32,giveaway,16.4,0
2025020957,2026-03-02,232,8476457,SEA,31.06,3.69,snap,5v5,0,0,0,0,0,3,58,2,hit,53.85,0
2025020957,2026-03-02,249,8480817,CAR,50.45,50.63,wrist,5v5,0,0,0,0,0,3,57,39,faceoff,29.73,0
2025020957,2026-03-02,250,8480009,SEA,34.99,30.96,slap,5v5,0,1,0,0,0,3,59,18,missed-shot,50.45,0
2025020957,2026-03-02,251,8475768,SEA,49.58,48.27,backhand,5v5,0,1,0,0,0,3,56,-37,shot-on-goal,34.99,0
2025020957,2026-03-02,254,8483524,SEA,34.83,39.17,wrist,5v5,0,0,0,0,0,3,62,-22,faceoff,29.73,0
2025020957,2026-03-02,257,8482702,CAR,22.8,52.13,wrist,5v5,0,0,0,0,0,3,75,18,takeaway,70.88,0
2025020957,2026-03-02,258,8476906,CAR,59.08,2.91,wrist,5v5,0,1,0,0,0,3,30,-3,shot-on-goal,22.8,0
2025020957,2026-03-02,259,8482809,CAR,30.53,31.61,tip-in,5v5,0,1,0,0,0,3,63,16,missed-shot,59.08,0
2025020957,2026-03-02,268,8476958,CAR,39.45,59.53,wrist,5v5,0,0,0,0,0,3,69,34,giveaway,61.13,0
2025020957,2026-03-02,274,8476921,CAR,66.29,33.93,wrist,5v5,0,0,0,0,0,3,34,-37,giveaway,77.41,0
2025020957,2026-03-02,282,8478427,CAR,47.27,6.07,slap,5v5,0,0,0,0,0,3,42,5,blocked-shot,43.6,0
2025020957,2026-03-02,285,8477940,CAR,55.08,3.12,slap,5v5,0,0,0,0,0,3,34,3,faceoff,29.73,0
2025020957,2026-03-02,291,8482093,CAR,35.81,35.91,slap,6v5,1,0,0,0,0,3,60,21,blocked-shot,27.51,0
2025020957,2026-03-02,292,8473533,CAR,6.4,51.34,tip-in,6v5,1,1,0,0,0,3,85,-5,missed-shot,35.81,0
2025020957,2026-03-02,301,8478427,CAR,47.3,13.45,wrist,6v4,1,0,0,0,0,3,43,11,blocked-shot,61.61,0
2025020957,2026-03-02,302,8476906,CAR,46.27,6.2,slap,6v4,1,1,0,0,0,3,43,-5,shot-on-goal,47.3,0
2025020957,2026-03-02,308,8478427,CAR,42.3,6.79,wrist,6v4,1,0,0,0,0,3,47,-5,blocked-shot,45.28,0
2025020957,2026-03-02,309,8478427,CAR,29.27,82.15,wrist,6v4,1,1,0,0,0,3,85,29,missed-shot,42.3,0
2025020958,2026-03-02,8,8477501,COL,36.4,20.92,wrist,5v5,0,0,0,0,0,1,55,-13,faceoff,72.42,0
2025020958,2026-03-02,11,8483699,LAK,45.97,44.12,snap,5v5,0,0,0,0,0,1,56,32,hit,26.31,0
2025020958,2026-03-02,18,8476967,COL,49.24,23.96,wrist,5v5,0,0,0,0,0,1,44,20,hit,23.54,0
2025020958,2026-03-02,24,8477492,COL,25.0,16.26,snap,5v5,0,0,0,0,1,1,65,7,giveaway,60.17,1
2025020958,2026-03-02,27,8477960,LAK,51.62,44.22,wrist,5v5,0,0,0,0,0,1,52,-36,blocked-shot,43.91,0
2025020958,2026-03-02,41,8476312,COL,59.68,8.67,wrist,5v5,0,0,0,0,0,1,30,9,blocked-shot,57.87,0
2025020958,2026-03-02,42,8484258,COL,66.31,23.09,slap,5v5,0,1,0,0,0,1,28,-26,shot-on-goal,59.68,0
2025020958,2026-03-02,43,8475754,COL,16.03,86.42,wrist,5v5,0,1,0,0,0,1,88,16,missed-shot,66.31,0
2025020958,2026-03-02,45,8477476,COL,26.25,40.36,wrist,5v5,0,0,0,0,0,1,69,17,blocked-shot,40.2,0
2025020958,2026-03-02,47,8482408,LAK,85.48,28.66,backhand,5v5,0,0,0,0,0,1,14,-41,hit,20.12,0
2025020958,2026-03-02,48,8477492,COL,34.44,25.82,wrist,5v5,0,1,0,0,0,1,58,-15,shot-on-goal,85.48,0
2025020958,2026-03-02,49,8476455,COL,47.27,6.07,slap,5v5,0,1,0,0,2,1,42,5,shot-on-goal,34.44,1
2025020958,2026-03-02,58,8476455,COL,32.06,3.58,slap,5v5,0,0,0,0,0,1,57,-2,hit,58.14,0
2025020958,2026-03-02,60,8480039,COL,22.36,63.43,snap,5v5,0,0,0,0,0,1,79,20,blocked-shot,23.09,0
2025020958,2026-03-02,64,8470621,LAK,7.81,39.81,wrist,5v5,0,0,0,0,0,1,83,-5,blocked-shot,13.93,0
2025020958,2026-03-02,68,8471685,LAK,28.65,60.75,wrist,5v5,0,0,0,0,0,1,75,25,hit,43.91,0
2025020958,2026-03-02,74,8480835,COL,47.17,4.86,wrist,5v5,0,0,0,0,0,1,42,4,giveaway,56.04,0
2025020958,2026-03-02,79,8482730,LAK,53.16,16.39,wrist,5v5,0,0,0,0,0,1,38,15,giveaway,45.65,0
2025020958,2026-03-02,85,8484258,COL,59.2,37.45,slap,5v5,0,0,0,0,0,1,42,36,faceoff,29.73,0
2025020958,2026-03-02,87,8480069,COL,5.1,78.69,wrap-around,5v5,0,0,0,0,0,1,88,5,blocked-shot,52.24,0
2025020958,2026-03-02,91,8482408,LAK,15.26,31.61,tip-in,5v5,0,0,0,0,0,1,76,-8,delayed-penalty,89.0,0
2025020958,2026-03-02,92,8482408,LAK,7.81,50.19,backhand,5v5,0,1,0,0,0,1,84,-6,shot-on-goal,15.26,0
2025020958,2026-03-02,95,8482730,LAK,55.04,2.08,wrist,5v4,1,0,0,0,-1,1,34,2,faceoff,29.73,1
2025020958,2026-03-02,101,8477960,LAK,84.17,13.05,snap,5v5,0,0,0,0,0,1,7,19,faceoff,29.73,0
2025020958,2026-03-02,105,8477998,LAK,21.47,27.76,tip-in,5v5,0,0,0,0,0,2,70,10,faceoff,89.0,0
2025020958,2026-03-02,106,8470621,LAK,11.4,52.13,tip-in,5v5,0,1,0,0,0,2,82,-9,missed-shot,21.47,0
2025020958,2026-03-02,108,8482726,LAK,36.24,62.02,wrist,5v5,0,0,0,0,0,2,72,-32,blocked-shot,28.64,0
2025020958,2026-03-02,113,8476312,COL,58.22,4.93,wrist,5v5,0,0,0,0,0,2,31,-5,faceoff,29.73,0
2025020958,2026-03-02,116,8470613,COL,35.34,64.89,wrist,5v5,0,0,0,0,0,2,74,-32,faceoff,29.73,0
2025020958,2026-03-02,120,8483675,LAK,31.38,22.48,wrist,5v5,0,0,0,0,0,2,60,-12,hit,70.72,0
2025020958,2026-03-02,122,8477492,COL,11.7,19.98,wrist,5v5,0,0,0,0,0,2,78,4,hit,61.07,0
2025020958,2026-03-02,124,8477492,COL,34.21,52.13,wrist,5v5,0,0,0,0,0,2,68,27,blocked-shot,8.0,0
2025020958,2026-03-02,126,8477492,COL,27.8,52.31,wrist,5v5,0,0,0,0,0,2,72,-22,giveaway,12.17,0
2025020958,2026-03-02,127,8477492,COL,35.11,19.98,wrist,5v5,0,1,0,0,0,2,56,12,shot-on-goal,27.8,0
2025020958,2026-03-02,130,8475754,COL,11.4,37.87,bat,5v5,0,0,0,0,0,2,80,7,faceoff,29.73,0
2025020958,2026-03-02,134,8475754,COL,9.0,0.0,deflected,5v5,0,0,0,0,0,2,80,0,giveaway,9.85,0
2025020958,2026-03-02,136,8475754,COL,10.2,11.31,tip-in,5v5,0,0,0,0,0,2,79,-2,blocked-shot,20.12,0
2025020958,2026-03-02,141,8479525,COL,21.95,59.93,snap,5v5,0,0,0,0,0,2,78,19,blocked-shot,31.0,0
2025020958,2026-03-02,144,8476441,LAK,51.0,0.0,wrist,5v5,0,0,0,0,0,2,38,0,faceoff,29.73,0
2025020958,2026-03-02,146,8483699,LAK,8.94,26.57,tip-in,5v5,0,0,0,0,0,2,81,4,hit,42.72,1
2025020958,2026-03-02,149,8470621,LAK,26.57,70.2,wrist,5v5,0,0,0,0,0,2,80,-25,hit,14.21,0
2025020958,2026-03-02,152,8476879,LAK,48.17,48.37,wrist,5v5,0,0,0,0,0,2,57,-36,faceoff,29.73,0
2025020958,2026-03-02,153,8475754,COL,30.23,34.22,slap,5v5,0,1,0,0,0,2,64,17,missed-shot,48.17,0
2025020958,2026-03-02,155,8478109,COL,40.61,9.93,snap,5v5,0,0,0,0,0,2,49,7,hit,14.76,0
2025020958,2026-03-02,161,8475754,COL,31.62,34.7,tip-in,5v5,0,0,0,0,0,2,63,-18,hit,34.01,0
2025020958,2026-03-02,163,8470613,COL,15.62,50.19,wrist,5v5,0,0,0,0,0,2,79,12,giveaway,87.24,0
2025020958,2026-03-02,165,8477492,COL,30.53,58.39,wrist,5v5,0,0,0,0,0,2,73,26,giveaway,10.3,0
2025020958,2026-03-02,171,8476455,COL,10.05,5.71,tip-in,5v5,0,0,0,0,0,2,79,-1,blocked-shot,10.3,0
2025020958,2026-03-02,178,8479525,COL,32.53,45.0,wrist,5v5,0,0,0,0,0,2,66,-23,hit,35.13,0
2025020958,2026-03-02,187,8478109,COL,39.82,28.5,wrist,5v5,0,0,0,0,0,2,54,-19,faceoff,72.42,0
2025020958,2026-03-02,190,8480069,COL,58.94,14.74,slap,5v5,0,0,0,0,0,2,32,-15,faceoff,29.73,0
2025020958,2026-03-02,193,8480069,COL,43.42,7.94,wrist,5v5,0,0,0,0,0,2,46,6,faceoff,29.73,0
2025020958,2026-03-02,197,8476312,COL,20.62,22.83,wrist,5v5,0,0,0,0,0,2,70,8,blocked-shot,55.32,0
2025020958,2026-03-02,199,8480835,COL,38.9,43.96,wrist,5v5,0,0,0,0,0,2,61,-27,giveaway,70.66,0
2025020958,2026-03-02,200,8476455,COL,26.68,12.99,snap,5v5,0,1,0,0,0,2,63,6,shot-on-goal,38.9,0
2025020958,2026-03-02,201,8483675,LAK,53.15,41.19,wrist,5v5,0,1,0,0,0,2,49,35,shot-on-goal,26.68,0
2025020958,2026-03-02,204,8483756,LAK,8.25,75.96,wrap-around,5v5,0,0,0,0,0,2,87,-8,faceoff,29.73,0
2025020958,2026-03-02,215,8477492,COL,36.07,43.88,wrist,4v4,0,0,0,0,0,3,63,-25,faceoff,89.0,0
2025020958,2026-03-02,216,8480069,COL,44.05,2.6,wrist,4v4,0,1,0,0,0,3,45,-2,shot-on-goal,36.07,0
2025020958,2026-03-02,219,8477960,LAK,42.8,37.41,wrist,4v4,0,0,0,0,0,3,55,-26,faceoff,29.73,0
2025020958,2026-03-02,222,8477492,COL,6.71,26.57,wrist,5v5,0,0,0,0,0,3,83,-3,faceoff,72.42,0
2025020958,2026-03-02,225,8477492,COL,29.15,30.96,wrist,5v5,0,0,0,0,0,3,64,15,faceoff,29.73,0
2025020958,2026-03-02,228,8476879,LAK,64.35,32.95,slap,5v5,0,0,0,0,0,3,35,-35,blocked-shot,26.25,0
2025020958,2026-03-02,229,8479525,COL,48.1,43.32,wrist,5v5,0,1,0,0,0,3,54,33,shot-on-goal,64.35,0
2025020958,2026-03-02,235,8477998,LAK,52.63,38.83,wrist,5v5,0,0,0,0,0,3,48,33,giveaway,38.63,0
2025020958,2026-03-02,237,8476455,COL,91.09,17.24,backhand,5v5,0,0,0,0,0,3,2,-27,blocked-shot,41.77,0
2025020958,2026-03-02,240,8477501,COL,54.45,7.39,slap,5v5,0,0,0,0,0,3,35,-7,faceoff,29.73,0
2025020958,2026-03-02,252,8478550,LAK,28.84,33.69,slap,5v5,0,0,0,0,0,3,65,-16,blocked-shot,28.28,0
2025020958,2026-03-02,255,8483675,LAK,52.4,48.09,wrist,5v5,0,0,0,0,0,3,54,39,giveaway,72.07,0
2025020958,2026-03-02,256,8481532,LAK,6.0,0.0,poke,5v5,0,1,0,0,0,3,83,0,shot-on-goal,52.4,0
2025020958,2026-03-02,259,8478550,LAK,43.86,24.23,wrist,5v5,0,0,0,0,0,3,49,18,faceoff,29.73,0
2025020958,2026-03-02,260,8471685,LAK,17.12,83.29,backhand,5v5,0,1,0,0,0,3,87,-17,missed-shot,43.86,0
2025020958,2026-03-02,264,8475208,LAK,55.36,20.07,wrist,5v5,0,0,0,0,0,3,37,-19,hit,7.07,0
2025020958,2026-03-02,269,8482155,LAK,29.73,70.35,wrist,5v5,0,0,0,0,0,3,79,-28,giveaway,34.0,0
2025020958,2026-03-02,274,8477960,LAK,32.56,42.51,wrist,5v5,0,0,0,0,0,3,65,-22,blocked-shot,15.13,0
2025020958,2026-03-02,275,8478550,LAK,18.68,15.52,backhand,5v5,0,1,0,0,0,3,71,5,shot-on-goal,32.56,0
2025020958,2026-03-02,276,8476967,COL,62.03,20.77,slap,5v5,0,1,0,0,0,3,31,22,missed-shot,18.68,0
2025020958,2026-03-02,278,8479525,COL,11.18,26.57,wrist,5v5,0,0,0,0,0,3,79,5,blocked-shot,15.65,0
2025020958,2026-03-02,282,8470613,COL,70.72,33.47,wrist,5v5,0,0,0,0,0,3,30,-39,faceoff,29.73,0
2025020958,2026-03-02,283,8478109,COL,7.21,56.31,backhand,5v5,0,1,0,0,0,3,85,-6,shot-on-goal,70.72,0
2025020958,2026-03-02,286,8480069,COL,34.13,58.17,wrist,5v5,0,0,0,0,0,3,71,-29,hit,32.14,0
2025020958,2026-03-02,288,8480448,COL,60.21,4.76,slap,5v5,0,0,0,0,0,3,29,5,giveaway,38.01,0
2025020958,2026-03-02,296,8477501,COL,23.09,4.97,tip-in,5v5,0,0,0,0,0,3,66,-2,blocked-shot,40.0,0
2025020958,2026-03-02,298,8476455,COL,13.04,57.53,slap,5v5,0,0,0,0,0,3,82,-11,hit,38.28,0
2025020958,2026-03-02,299,8478038,COL,10.77,21.8,wrist,5v5,0,1,0,0,1,3,79,4,shot-on-goal,13.04,1
2025020958,2026-03-02,303,8470613,COL,51.86,50.48,wrist,5v5,0,0,0,0,0,3,56,-40,giveaway,13.04,0
2025020958,2026-03-02,306,8476441,LAK,53.81,48.01,wrist,5v5,0,0,0,0,0,3,53,40,giveaway,36.01,0
2025020958,2026-03-02,307,8483675,LAK,80.28,13.69,wrist,5v5,0,1,0,0,0,3,11,19,missed-shot,53.81,0
2025020958,2026-03-02,314,8482155,LAK,19.1,42.88,wrist,5v5,0,0,0,0,0,3,75,-13,hit,40.5,0
2025020958,2026-03-02,327,8480039,COL,52.0,0.0,wrist,5v5,0,0,0,1,2,3,37,0,hit,34.13,1
2025020947,2026-03-01,4,8478468,VGK,93.11,24.09,wrist,5v5,0,0,0,0,0,1,4,-38,hit,62.65,0
2025020947,2026-03-01,5,8475188,VGK,44.94,20.85,slap,5v5,0,1,0,0,0,1,47,16,shot-on-goal,93.11,0
2025020947,2026-03-01,8,8475188,VGK,36.69,17.45,wrist,5v5,0,0,0,0,0,1,54,11,blocked-shot,52.63,0
2025020947,2026-03-01,13,8481604,VGK,44.94,20.85,slap,5v5,0,0,0,0,0,1,47,16,faceoff,29.73,0
2025020947,2026-03-01,21,8478396,VGK,33.11,64.98,wrist,5v5,0,0,0,0,0,1,75,30,hit,33.0,0
2025020947,2026-03-01,33,8475810,PIT,8.49,45.0,wrist,5v5,0,0,0,0,0,1,83,6,hit,69.63,0
2025020947,2026-03-01,44,8478438,PIT,11.18,10.3,tip-in,5v5,0,0,0,0,0,1,78,-2,giveaway,38.9,0
2025020947,2026-03-01,46,8482475,PIT,16.28,47.49,backhand,5v5,0,0,0,0,0,1,78,-12,hit,42.72,0
2025020947,2026-03-01,48,8482475,PIT,41.73,45.97,slap,5v5,0,0,0,0,0,1,60,-30,blocked-shot,24.33,0
2025020947,2026-03-01,57,8474578,PIT,65.3,27.35,wrist,5v5,0,0,0,0,0,1,31,-30,hit,68.8,0
2025020947,2026-03-01,59,8471724,PIT,60.96,41.01,wrist,5v5,0,0,0,0,0,1,43,-40,takeaway,55.04,0
2025020947,2026-03-01,64,8485414,PIT,39.05,2.94,wrist,5v5,0,0,0,0,1,1,50,-2,blocked-shot,43.19,1
2025020947,2026-03-01,69,8483890,VGK,26.93,68.2,wrist,5v5,0,0,0,0,0,1,79,-25,giveaway,42.06,0
2025020947,2026-03-01,70,8476881,VGK,16.64,32.74,tip-in,5v5,0,1,0,0,0,1,75,9,shot-on-goal,26.93,0
2025020947,2026-03-01,78,8485414,PIT,8.25,14.04,tip-in,5v5,0,0,0,0,0,1,81,2,faceoff,72.42,0
2025020947,2026-03-01,84,8476438,VGK,44.69,49.54,wrist,5v5,0,0,0,0,0,2,60,34,faceoff,89.0,0
2025020947,2026-03-01,88,8476438,VGK,18.25,9.46,wrist,5v5,0,0,0,0,0,2,71,3,giveaway,55.15,0
2025020947,2026-03-01,89,8474578,PIT,47.38,7.28,wrist,5v5,0,1,0,0,0,2,42,-6,missed-shot,18.25,0
2025020947,2026-03-01,95,8478854,PIT,8.06,84.29,wrist,5v5,0,0,0,0,0,2,97,1,faceoff,29.73,0
2025020947,2026-03-01,98,8478397,VGK,48.08,45.0,snap,5v5,0,0,0,0,0,2,55,34,faceoff,29.73,0
2025020947,2026-03-01,99,8481604,VGK,31.89,48.81,snap,5v5,0,1,0,0,0,2,68,24,missed-shot,48.08,0
2025020947,2026-03-01,102,8477447,VGK,49.98,19.89,wrist,5v5,0,0,0,0,0,2,42,-17,faceoff,29.73,0
2025020947,2026-03-01,111,8471215,PIT,40.61,38.0,slap,5v4,1,0,0,0,0,2,57,-25,faceoff,29.73,0
2025020947,2026-03-01,114,8477511,PIT,34.66,43.83,wrist,5v4,1,0,0,0,0,2,64,24,faceoff,29.73,0
2025020947,2026-03-01,116,8482475,PIT,24.7,31.76,wrist,5v5,0,0,0,0,2,2,68,-13,hit,10.63,1
2025020947,2026-03-01,124,8471215,PIT,31.4,37.23,wrist,5v5,0,0,0,0,0,2,64,19,hit,54.49,0
2025020947,2026-03-01,125,8482475,PIT,21.63,56.31,wrist,5v5,0,1,0,0,0,2,77,-18,shot-on-goal,31.4,0
2025020947,2026-03-01,129,8476881,VGK,8.0,89.28,wrist,5v5,0,0,0,0,0,2,89,8,hit,17.89,0
2025020947,2026-03-01,132,8479398,PIT,59.2,37.45,slap,5v5,0,0,0,0,0,2,42,36,faceoff,29.73,0
2025020947,2026-03-01,133,8476483,PIT,19.31,68.75,wrist,5v5,0,1,0,0,0,2,82,-18,missed-shot,59.2,0
2025020947,2026-03-01,141,8477511,PIT,30.46,23.2,wrist,5v4,1,0,0,0,0,2,61,-12,blocked-shot,23.43,0
2025020947,2026-03-01,142,8474578,PIT,49.93,32.74,slap,5v4,1,1,0,0,0,2,47,-27,shot-on-goal,30.46,0
2025020947,2026-03-01,144,8475810,PIT,14.0,0.0,wrist,5v4,1,0,0,0,3,2,75,0,blocked-shot,14.04,1
2025020947,2026-03-01,150,8481604,VGK,39.12,4.4,wrist,5v5,0,0,0,0,0,2,50,3,hit,79.61,0
2025020947,2026-03-01,163,8476881,VGK,34.13,31.83,wrist,5v4,1,0,0,0,0,2,60,18,giveaway,37.2,0
2025020947,2026-03-01,164,8476881,VGK,12.08,24.44,tip-in,5v4,1,1,0,0,0,2,78,5,missed-shot,34.13,0
2025020947,2026-03-01,168,8478397,VGK,53.16,16.39,slap,5v5,0,0,0,0,0,2,38,15,takeaway,60.44,0
2025020947,2026-03-01,180,8475810,PIT,29.73,47.73,wrist,5v4,1,0,0,0,0,2,69,-22,faceoff,29.73,0
2025020947,2026-03-01,181,8476483,PIT,7.07,8.13,tip-in,5v4,1,1,0,0,0,2,82,-1,shot-on-goal,29.73,0
2025020947,2026-03-01,182,8476483,PIT,5.39,21.8,wrist,5v4,1,1,0,0,4,2,84,-2,missed-shot,7.07,1
2025020947,2026-03-01,185,8481527,VGK,61.77,29.05,wrist,5v5,0,0,0,0,0,2,35,-30,hit,91.39,0
2025020947,2026-03-01,191,8478403,VGK,43.27,33.69,wrist,5v4,1,0,0,0,0,2,53,24,faceoff,29.73,0
2025020947,2026-03-01,193,8475191,VGK,27.66,40.6,wrist,5v4,1,0,0,0,0,2,68,18,blocked-shot,11.05,0
2025020947,2026-03-01,194,8478397,VGK,41.62,54.78,wrist,5v4,1,1,0,0,0,2,65,-34,shot-on-goal,27.66,0
2025020947,2026-03-01,197,8477964,VGK,27.2,36.03,wrist,5v4,1,0,0,0,0,2,67,-16,blocked-shot,58.52,0
2025020947,2026-03-01,213,8471724,PIT,38.28,56.73,wrist,5v5,0,0,0,0,0,3,68,-32,hit,38.33,0
2025020947,2026-03-01,216,8477447,VGK,44.72,10.3,wrist,5v5,0,0,0,0,0,3,45,-8,faceoff,29.73,0
2025020947,2026-03-01,218,8477447,VGK,59.03,10.74,slap,5v5,0,0,0,0,0,3,31,11,giveaway,61.52,0
2025020947,2026-03-01,221,8482993,PIT,34.66,46.17,wrist,5v5,0,0,0,0,0,3,65,-25,giveaway,25.55,0
2025020947,2026-03-01,222,8478468,VGK,45.12,12.8,slap,5v5,0,1,0,0,0,3,45,10,missed-shot,34.66,0
2025020947,2026-03-01,227,8476881,VGK,6.32,71.57,backhand,5v5,0,0,0,0,0,3,87,-6,faceoff,29.73,0
2025020947,2026-03-01,228,8476438,VGK,28.32,47.86,snap,5v5,0,1,0,0,0,3,70,-21,missed-shot,6.32,0
2025020947,2026-03-01,236,8474578,PIT,41.79,21.04,wrist,5v4,1,0,0,0,0,3,50,-15,hit,57.28,0
2025020947,2026-03-01,238,8471215,PIT,24.7,58.24,wrist,5v4,1,0,0,0,0,3,76,21,hit,35.23,0
2025020947,2026-03-01,241,8485414,PIT,19.21,51.34,snap,5v4,1,0,0,0,0,3,77,-15,giveaway,82.46,0
2025020947,2026-03-01,245,8477447,VGK,46.62,35.39,wrist,5v5,0,0,0,0,0,3,51,27,giveaway,54.04,0
2025020947,2026-03-01,248,8475191,VGK,8.0,0.0,tip-in,5v5,0,0,0,0,0,3,81,0,faceoff,29.73,0
2025020947,2026-03-01,249,8475191,VGK,11.31,45.0,wrist,5v5,0,1,0,0,0,3,81,8,shot-on-goal,8.0,0
2025020947,2026-03-01,250,8475191,VGK,5.39,68.2,wrist,5v5,0,1,0,0,0,3,87,-5,shot-on-goal,11.31,0
2025020947,2026-03-01,260,8471724,PIT,41.05,34.08,slap,5v5,0,0,0,0,0,3,55,23,hit,34.93,0
2025020947,2026-03-01,265,8478483,VGK,19.1,6.01,tip-in,5v5,0,0,0,0,0,3,70,-2,hit,51.74,0
2025020947,2026-03-01,270,8483890,VGK,8.6,35.54,tip-in,5v5,0,0,0,0,0,3,82,-5,hit,34.01,0
2025020947,2026-03-01,277,8479638,PIT,44.72,26.57,wrist,5v5,0,0,0,0,5,3,49,-20,takeaway,56.57,1
2025020947,2026-03-01,280,8478483,VGK,8.06,7.13,wrist,5v5,0,0,0,0,0,3,81,-1,blocked-shot,27.07,0
2025020947,2026-03-01,289,8475188,VGK,53.25,34.29,slap,5v5,0,0,0,0,0,3,45,30,blocked-shot,20.12,0
2025020949,2026-03-01,3,8477021,UTA,21.1,84.56,slap,5v5,0,0,0,0,0,1,87,21,hit,41.44,0
2025020949,2026-03-01,4,8479343,UTA,38.21,42.88,snap,5v5,0,1,0,0,0,1,61,26,missed-shot,21.1,0
2025020949,2026-03-01,7,8477987,CHI,46.24,21.57,snap,5v5,0,0,0,0,0,1,46,17,hit,43.38,0
2025020949,2026-03-01,11,8484783,CHI,53.49,20.81,snap,5v5,0,0,0,0,0,1,39,-19,blocked-shot,12.21,0
2025020949,2026-03-01,16,8483493,CHI,26.93,31.33,tip-in,5v5,0,0,0,0,0,1,66,-14,faceoff,29.73,0
2025020949,2026-03-01,22,8481806,CHI,20.0,36.87,wrist,5v5,0,0,0,0,0,1,73,-12,hit,49.5,0
2025020949,2026-03-01,25,8476882,CHI,82.87,8.33,slap,5v5,0,0,0,0,0,1,7,12,faceoff,29.73,0
2025020949,2026-03-01,31,8484783,CHI,48.09,3.58,snap,5v4,1,0,0,0,0,1,41,-3,faceoff,29.73,0
2025020949,2026-03-01,32,8478474,UTA,56.6,32.01,wrist,4v5,0,1,0,0,0,1,41,-30,shot-on-goal,48.09,0
2025020949,2026-03-01,33,8484144,CHI,16.64,32.74,wrist,5v4,1,1,0,0,0,1,75,9,shot-on-goal,56.6,0
2025020949,2026-03-01,36,8478474,UTA,23.32,59.04,wrist,4v5,0,0,0,0,0,1,77,20,faceoff,29.73,0
2025020949,2026-03-01,39,8484197,CHI,43.86,46.85,snap,5v5,0,0,0,0,0,1,59,32,giveaway,11.18,0
2025020949,2026-03-01,44,8482175,UTA,23.41,19.98,slap,5v5,0,0,0,0,0,1,67,-8,blocked-shot,13.04,0
2025020949,2026-03-01,48,8479619,UTA,3.61,56.31,wrap-around,5v5,0,0,0,0,0,1,87,-3,hit,10.77,0
2025020949,2026-03-01,49,8477951,UTA,39.62,42.95,slap,5v5,0,1,0,0,0,1,60,27,shot-on-goal,3.61,0
2025020949,2026-03-01,55,8479410,UTA,21.93,24.23,snap,4v4,0,0,0,0,0,1,69,9,faceoff,29.73,0
2025020949,2026-03-01,60,8476882,CHI,32.65,62.65,snap,4v3,1,0,0,0,0,1,74,-29,faceoff,29.73,0
2025020949,2026-03-01,61,8478831,UTA,84.2,15.85,backhand,3v4,0,1,0,0,0,1,8,23,shot-on-goal,32.65,0
2025020949,2026-03-01,62,8484783,CHI,34.37,8.37,snap,5v4,1,1,0,0,0,1,55,-5,shot-on-goal,84.2,0
2025020949,2026-03-01,63,8484197,CHI,9.06,6.34,wrist,5v4,1,1,0,0,0,1,80,-1,shot-on-goal,34.37,0
2025020949,2026-03-01,64,8477479,CHI,47.17,21.12,wrist,5v5,0,1,0,0,0,1,45,17,shot-on-goal,9.06,0
2025020949,2026-03-01,68,8476874,UTA,89.55,23.7,wrist,5v5,0,0,0,0,0,1,7,-36,giveaway,90.24,0
2025020949,2026-03-01,73,8476891,CHI,63.69,22.14,snap,5v5,0,0,0,0,0,1,30,24,hit,36.35,0
2025020949,2026-03-01,74,8483450,CHI,9.22,12.53,tip-in,5v5,0,1,0,0,0,1,80,-2,missed-shot,63.69,0
2025020949,2026-03-01,75,8483450,CHI,6.4,38.66,wrist,5v5,0,1,0,0,0,1,84,-4,shot-on-goal,9.22,0
2025020949,2026-03-01,80,8480855,UTA,89.0,25.99,wrist,5v5,0,0,0,0,0,1,9,-39,hit,38.33,0
2025020949,2026-03-01,83,8482175,UTA,29.43,80.22,snap,5v5,0,0,0,0,0,1,84,29,faceoff,29.73,0
2025020949,2026-03-01,94,8476882,CHI,7.62,66.8,snap,5v4,1,0,0,0,1,1,86,-7,blocked-shot,16.76,1
2025020949,2026-03-01,106,8481624,CHI,43.6,36.61,snap,4v5,0,0,0,0,0,2,54,26,faceoff,89.0,0
2025020949,2026-03-01,111,8479619,UTA,31.83,46.27,slap,5v4,1,0,0,0,0,2,67,-23,faceoff,29.73,0
2025020949,2026-03-01,112,8478831,UTA,39.01,1.47,snap,5v5,0,1,0,0,0,2,50,1,shot-on-goal,31.83,0
2025020949,2026-03-01,116,8482175,UTA,9.0,0.0,wrist,5v5,0,0,0,0,0,2,80,0,giveaway,41.15,0
2025020949,2026-03-01,122,8483450,CHI,12.21,34.99,backhand,5v5,0,0,0,0,0,2,79,-7,faceoff,29.73,0
2025020949,2026-03-01,127,8484783,CHI,37.11,75.96,wrist,5v5,0,0,0,0,0,2,80,-36,faceoff,29.73,0
2025020949,2026-03-01,133,8478507,UTA,55.95,24.27,slap,5v5,0,0,0,0,0,2,38,-23,blocked-shot,7.07,0
2025020949,2026-03-01,136,8480849,UTA,31.89,48.81,snap,5v5,0,0,0,0,0,2,68,-24,faceoff,29.73,0
2025020949,2026-03-01,137,8484197,CHI,55.95,28.86,snap,5v5,0,1,0,0,0,2,40,-27,missed-shot,31.89,0
2025020949,2026-03-01,141,8476891,CHI,48.17,48.37,snap,5v5,0,0,0,0,0,2,57,36,hit,31.4,0
2025020949,2026-03-01,146,8477479,CHI,24.84,40.1,wrist,5v5,0,0,0,0,0,2,70,16,giveaway,65.52,0
2025020949,2026-03-01,152,8482175,UTA,9.06,83.66,wrist,5v5,0,0,0,0,0,2,88,-9,faceoff,29.73,0
2025020949,2026-03-01,157,8473422,CHI,6.08,9.46,backhand,5v5,0,0,0,0,2,2,83,1,faceoff,29.73,1
2025020949,2026-03-01,160,8480434,UTA,58.94,14.74,snap,5v5,0,0,0,0,0,2,32,-15,hit,34.13,0
2025020949,2026-03-01,161,8480434,UTA,38.29,40.76,snap,5v5,0,1,0,0,0,2,60,-25,shot-on-goal,58.94,0
2025020949,2026-03-01,162,8482699,UTA,54.67,39.81,slap,5v5,0,1,0,0,0,2,47,-35,shot-on-goal,38.29,0
2025020949,2026-03-01,165,8482172,CHI,40.31,7.13,snap,5v5,0,0,0,0,3,2,49,5,faceoff,29.73,1
2025020949,2026-03-01,169,8482175,UTA,59.0,0.0,slap,5v5,0,0,0,0,0,2,30,0,giveaway,91.68,0
2025020949,2026-03-01,172,8479410,UTA,38.9,17.97,snap,5v5,0,0,0,0,0,2,52,12,faceoff,29.73,0
2025020949,2026-03-01,176,8476473,CHI,95.63,21.47,wrist,5v5,0,0,0,0,0,2,0,-35,takeaway,32.06,0
2025020949,2026-03-01,177,8484144,CHI,46.53,28.22,snap,5v5,0,1,0,0,0,2,48,-22,shot-on-goal,95.63,0
2025020949,2026-03-01,178,8478474,UTA,13.34,12.99,tip-in,5v5,0,1,0,0,0,2,76,-3,shot-on-goal,46.53,0
2025020949,2026-03-01,179,8478474,UTA,9.0,0.0,wrist,5v5,0,1,0,0,0,2,80,0,shot-on-goal,13.34,0
2025020949,2026-03-01,194,8481568,CHI,27.02,38.99,snap,5v5,0,0,0,0,0,2,68,17,faceoff,89.0,0
2025020949,2026-03-01,195,8477479,CHI,46.32,57.34,wrist,5v5,0,1,0,0,0,2,64,-39,shot-on-goal,27.02,0
2025020949,2026-03-01,202,8481568,CHI,35.9,77.12,snap,4v5,0,0,0,0,0,3,81,35,faceoff,29.73,0
2025020949,2026-03-01,203,8476882,CHI,32.39,8.88,snap,4v5,0,1,0,0,4,3,57,-5,missed-shot,35.9,1
2025020949,2026-03-01,211,8476891,CHI,50.25,42.58,snap,5v5,0,0,0,0,0,3,52,34,faceoff,29.73,0
2025020949,2026-03-01,212,8477951,UTA,10.0,36.87,tip-in,5v5,0,1,0,0,0,3,81,-6,missed-shot,50.25,0
2025020949,2026-03-01,213,8479343,UTA,59.08,2.91,snap,5v5,0,1,0,0,0,3,30,-3,missed-shot,10.0,0
2025020949,2026-03-01,214,8483431,UTA,16.28,10.62,wrist,5v5,0,1,0,0,0,3,73,-3,shot-on-goal,59.08,0
2025020949,2026-03-01,215,8477987,CHI,79.06,2.17,wrist,5v5,0,1,0,0,0,3,10,-3,missed-shot,16.28,0
2025020949,2026-03-01,216,8482175,UTA,21.26,48.81,wrist,5v5,0,1,0,0,0,3,75,16,shot-on-goal,79.06,0
2025020949,2026-03-01,225,8476882,CHI,63.95,26.97,wrist,5v5,0,0,0,0,0,3,32,29,faceoff,29.73,0
2025020949,2026-03-01,235,8483466,CHI,58.25,34.51,snap,5v5,0,0,0,0,0,3,41,33,hit,35.74,0
2025020949,2026-03-01,239,8483431,UTA,14.32,24.78,snap,5v5,0,0,0,0,0,3,76,-6,faceoff,29.73,0
2025020949,2026-03-01,240,8482175,UTA,34.48,73.14,wrist,5v5,0,1,0,0,0,3,79,33,shot-on-goal,14.32,0
2025020949,2026-03-01,249,8479410,UTA,44.78,23.7,slap,5v5,0,0,0,0,0,3,48,18,giveaway,57.31,0
2025020949,2026-03-01,254,8477220,UTA,56.04,2.05,slap,5v5,0,0,0,0,0,3,33,2,faceoff,29.73,0
2025020949,2026-03-01,261,8484144,CHI,24.21,38.29,snap,5v5,0,0,0,0,0,3,70,-15,giveaway,48.1,0
2025020949,2026-03-01,265,8484144,CHI,31.24,39.81,snap,5v5,0,0,0,0,0,3,65,-20,takeaway,56.59,0
2025020949,2026-03-01,267,8479619,UTA,27.46,79.51,backhand,5v5,0,0,0,0,0,3,84,-27,giveaway,86.33,0
2025020949,2026-03-01,268,8480855,UTA,6.32,71.57,wrist,5v5,0,1,0,0,0,3,87,-6,missed-shot,27.46,0
2025020949,2026-03-01,270,8479410,UTA,69.63,35.06,snap,5v5,0,0,0,0,0,3,32,40,hit,30.15,0
2025020949,2026-03-01,276,8481624,CHI,5.66,45.0,tip-in,5v5,0,0,0,0,0,3,85,4,takeaway,38.63,0
2025020949,2026-03-01,277,8482699,UTA,35.38,47.29,slap,5v5,0,1,0,0,0,3,65,26,missed-shot,5.66,0
2025020949,2026-03-01,281,8482175,UTA,53.15,41.19,snap,5v5,0,0,0,0,0,3,49,35,faceoff,29.73,0
2025020950,2026-03-01,2,8480113,WPG,45.28,46.79,wrist,5v5,0,0,0,0,0,1,58,33,faceoff,89.0,0
2025020950,2026-03-01,3,8484911,SJS,23.02,55.62,wrist,5v5,0,1,0,0,0,1,76,19,shot-on-goal,45.28,0
2025020950,2026-03-01,7,8483510,WPG,48.37,29.74,wrist,5v5,0,0,0,0,0,1,47,24,hit,85.42,0
2025020950,2026-03-01,10,8475906,SJS,22.47,57.72,wrist,5v5,0,0,0,0,0,1,77,-19,giveaway,64.82,0
2025020950,2026-03-01,11,8475726,SJS,44.82,51.34,slap,5v5,0,1,0,0,0,1,61,-35,missed-shot,22.47,0
2025020950,2026-03-01,12,8474568,WPG,60.17,21.45,wrist,5v5,0,1,0,0,0,1,33,-22,shot-on-goal,44.82,0
2025020950,2026-03-01,13,8476624,SJS,31.38,30.65,tip-in,5v5,0,1,0,0,0,1,62,16,missed-shot,60.17,0
2025020950,2026-03-01,15,8482667,SJS,23.77,14.62,wrist,5v5,0,0,0,0,0,1,66,-6,hit,41.63,0
2025020950,2026-03-01,16,8476624,SJS,8.06,29.74,wrist,5v5,0,1,0,0,0,1,82,-4,shot-on-goal,23.77,0
2025020950,2026-03-01,19,8480289,WPG,30.41,46.33,wrist,5v5,0,0,0,0,1,1,68,22,faceoff,29.73,1
2025020950,2026-03-01,22,8480049,WPG,60.64,13.35,wrist,5v5,0,0,0,0,0,1,30,-14,giveaway,6.71,0
2025020950,2026-03-01,26,8479378,WPG,25.5,25.56,snap,5v5,0,0,0,0,0,1,66,11,blocked-shot,17.46,0
2025020950,2026-03-01,30,8475726,SJS,55.61,37.69,wrist,5v5,0,0,0,0,0,1,45,-34,blocked-shot,14.04,0
2025020950,2026-03-01,36,8482166,SJS,61.29,28.24,wrist,5v5,0,0,0,0,0,1,35,-29,giveaway,24.74,0
2025020950,2026-03-01,40,8484227,SJS,31.14,42.4,slap,5v5,0,0,0,0,0,1,66,-21,hit,16.12,0
2025020950,2026-03-01,48,8475906,SJS,7.81,50.19,wrist,5v5,0,0,0,0,0,1,84,-6,takeaway,83.57,0
2025020950,2026-03-01,55,8482667,SJS,20.25,32.91,wrist,5v5,0,0,0,0,0,1,72,11,blocked-shot,24.76,0
2025020950,2026-03-01,56,8482652,WPG,12.81,51.34,wrist,5v5,0,1,0,0,0,1,81,10,shot-on-goal,20.25,0
2025020950,2026-03-01,57,8479576,SJS,68.26,31.83,wrist,5v5,0,1,0,0,0,1,31,-36,shot-on-goal,12.81,0
2025020950,2026-03-01,59,8479576,SJS,48.02,58.63,wrist,5v5,0,0,0,0,0,1,64,-41,hit,28.44,0
2025020950,2026-03-01,60,8475726,SJS,26.57,19.8,tip-in,5v5,0,1,0,0,0,1,64,9,missed-shot,48.02,0
2025020950,2026-03-01,68,8485402,SJS,10.63,41.19,backhand,5v4,1,0,0,0,0,1,81,-7,giveaway,79.92,0
2025020950,2026-03-01,69,8482667,SJS,32.56,42.51,wrist,5v5,0,1,0,0,0,1,65,22,shot-on-goal,10.63,0
2025020950,2026-03-01,76,8480748,SJS,45.79,58.39,wrist,5v5,0,0,0,0,0,1,65,-39,giveaway,33.29,0
2025020950,2026-03-01,79,8479576,SJS,64.56,16.19,wrist,5v5,0,0,0,0,0,1,27,-18,faceoff,29.73,0
2025020950,2026-03-01,84,8480798,SJS,36.62,55.01,slap,5v4,1,0,0,0,0,1,68,-30,blocked-shot,21.84,0
2025020950,2026-03-01,87,8480798,SJS,40.5,32.91,slap,5v4,1,0,0,0,0,1,55,-22,blocked-shot,21.4,0
2025020950,2026-03-01,92,8480113,WPG,53.81,41.99,slap,5v5,0,0,0,0,0,1,49,36,hit,65.22,0
2025020950,2026-03-01,93,8484227,SJS,32.45,33.69,wrist,5v5,0,1,0,0,0,1,62,18,shot-on-goal,53.81,0
2025020950,2026-03-01,97,8484806,SJS,46.87,11.07,wrist,5v5,0,0,0,0,0,1,43,9,giveaway,42.8,0
2025020950,2026-03-01,98,8484806,SJS,29.15,89.8,wrist,5v5,0,1,0,0,0,1,92,29,shot-on-goal,46.87,0
2025020950,2026-03-01,100,8481043,WPG,47.71,33.02,wrist,5v5,0,0,0,0,0,1,49,26,hit,9.22,0
2025020950,2026-03-01,103,8484801,SJS,35.51,9.73,wrist,5v5,0,0,0,0,0,1,54,6,hit,82.76,0
2025020950,2026-03-01,111,8482149,WPG,9.22,49.4,wrist,5v4,1,0,0,0,0,2,83,-7,faceoff,89.0,0
2025020950,2026-03-01,115,8479378,WPG,44.15,13.09,wrist,5v4,1,0,0,0,0,2,46,10,giveaway,20.62,0
2025020950,2026-03-01,116,8482149,WPG,18.38,45.0,wrist,5v5,0,1,0,0,0,2,76,13,shot-on-goal,44.15,0
2025020950,2026-03-01,118,8484806,SJS,59.14,3.88,slap,5v5,0,0,0,0,0,2,30,4,blocked-shot,28.23,0
2025020950,2026-03-01,124,8475200,SJS,58.05,42.21,slap,5v5,0,0,0,0,0,2,46,39,blocked-shot,48.1,0
2025020950,2026-03-01,126,8482667,SJS,15.13,7.59,tip-in,5v5,0,0,0,0,0,2,74,-2,blocked-shot,39.7,0
2025020950,2026-03-01,130,8482652,WPG,32.25,60.26,wrist,5v5,0,0,0,0,0,2,73,-28,hit,33.0,0
2025020950,2026-03-01,134,8484911,SJS,43.05,30.74,wrist,4v5,0,0,0,0,0,2,52,-22,faceoff,29.73,0
2025020950,2026-03-01,135,8482149,WPG,23.77,22.25,wrist,5v4,1,1,0,0,0,2,67,9,missed-shot,43.05,0
2025020950,2026-03-01,136,8482149,WPG,15.3,11.31,wrist,5v4,1,1,0,0,0,2,74,3,shot-on-goal,23.77,0
2025020950,2026-03-01,147,8480049,WPG,71.56,33.02,wrist,5v5,0,0,0,0,0,2,29,39,hit,36.22,0
2025020950,2026-03-01,153,8474568,WPG,63.56,24.15,slap,5v5,0,0,0,0,0,2,31,-26,hit,56.64,0
2025020950,2026-03-01,173,8475906,SJS,58.67,29.62,slap,5v5,0,0,0,0,0,2,38,-29,hit,78.39,0
2025020950,2026-03-01,175,8476871,WPG,5.0,0.0,wrist,5v5,0,0,0,0,0,2,84,0,giveaway,39.66,0
2025020950,2026-03-01,176,8476871,WPG,8.06,7.13,wrist,5v5,0,1,0,0,0,2,81,-1,shot-on-goal,5.0,0
2025020950,2026-03-01,177,8478398,WPG,33.11,25.02,wrist,5v5,0,1,0,0,0,2,59,-14,shot-on-goal,8.06,0
2025020950,2026-03-01,180,8479983,SJS,52.81,18.78,slap,5v5,0,0,0,0,0,2,39,17,hit,78.03,0
2025020950,2026-03-01,188,8480798,SJS,8.54,20.56,backhand,5v5,0,0,0,0,0,3,81,-3,blocked-shot,22.83,0
2025020950,2026-03-01,189,8480748,SJS,23.26,64.54,wrist,5v5,0,1,0,0,0,3,79,21,shot-on-goal,8.54,0
2025020950,2026-03-01,192,8484801,SJS,18.44,40.6,wrist,5v5,0,0,0,0,0,3,75,12,faceoff,29.73,0
2025020950,2026-03-01,195,8478398,WPG,15.65,26.57,wrist,5v5,0,0,0,0,0,3,75,-7,faceoff,29.73,0
2025020950,2026-03-01,196,8484911,SJS,17.89,26.57,wrist,5v5,0,1,0,0,0,3,73,8,shot-on-goal,15.65,0
2025020950,2026-03-01,197,8484227,SJS,6.4,51.34,bat,5v5,0,1,0,0,0,3,85,-5,shot-on-goal,17.89,1
2025020950,2026-03-01,199,8473604,WPG,31.05,75.07,wrist,5v5,0,0,0,0,0,3,81,-30,faceoff,89.0,0
2025020950,2026-03-01,200,8479378,WPG,68.48,28.81,wrist,5v5,0,1,0,0,0,3,29,33,shot-on-goal,31.05,0
2025020950,2026-03-01,206,8484227,SJS,13.45,48.01,wrist,5v5,0,0,0,0,0,3,80,-10,blocked-shot,26.0,0
2025020950,2026-03-01,208,8484806,SJS,40.36,48.01,wrist,5v5,0,0,0,0,0,3,62,30,hit,46.32,0
2025020950,2026-03-01,218,8476871,WPG,47.51,59.66,wrist,5v5,0,0,0,0,0,3,65,41,faceoff,89.0,0
2025020950,2026-03-01,219,8482667,SJS,35.47,49.57,wrist,5v5,0,1,0,0,0,3,66,27,shot-on-goal,47.51,0
2025020950,2026-03-01,223,8480049,WPG,61.68,16.97,wrist,5v5,0,0,0,0,0,3,30,18,faceoff,29.73,0
2025020950,2026-03-01,226,8484911,SJS,38.48,65.43,wrist,5v5,0,0,0,0,0,3,73,-35,hit,58.73,0
2025020950,2026-03-01,230,8481043,WPG,38.9,43.96,wrist,5v5,0,0,0,0,0,3,61,27,blocked-shot,47.43,0
2025020950,2026-03-01,231,8476871,WPG,27.66,49.4,wrist,5v5,0,1,0,0,0,3,71,-21,shot-on-goal,38.9,0
2025020950,2026-03-01,240,8479983,SJS,54.64,34.56,slap,5v5,0,0,0,0,0,3,44,31,blocked-shot,18.44,0
2025020950,2026-03-01,241,8484227,SJS,26.17,46.55,wrist,5v5,0,1,0,0,0,3,71,-19,shot-on-goal,54.64,0
2025020950,2026-03-01,245,8479378,WPG,54.33,6.34,snap,5v4,1,0,0,0,0,3,35,-6,faceoff,29.73,0
2025020950,2026-03-01,253,8484227,SJS,13.6,53.97,backhand,5v4,1,0,0,0,0,3,81,11,giveaway,31.76,0
2025020950,2026-03-01,255,8475726,SJS,10.05,5.71,tip-in,5v4,1,0,0,0,0,3,79,-1,takeaway,40.61,0
2025020950,2026-03-01,261,8482667,SJS,6.0,0.0,tip-in,5v5,0,0,0,0,0,3,83,0,blocked-shot,11.05,0
2025020950,2026-03-01,262,8480748,SJS,12.53,28.61,wrist,5v5,0,1,0,0,0,3,78,-6,shot-on-goal,6.0,0
2025020950,2026-03-01,268,8479378,WPG,52.7,33.39,wrist,5v5,0,0,0,0,0,3,45,29,hit,69.34,0
2025020950,2026-03-01,276,8480289,WPG,12.0,0.0,wrist,4v5,0,0,0,0,0,3,77,0,blocked-shot,33.24,0
2025020950,2026-03-01,277,8475726,SJS,27.51,70.91,wrist,5v4,1,1,0,0,0,3,80,-26,shot-on-goal,12.0,0
2025020950,2026-03-01,280,8475200,SJS,46.69,9.87,slap,5v5,0,0,0,0,0,3,43,-8,faceoff,29.73,0
2025020950,2026-03-01,283,8480014,WPG,30.87,24.9,snap,5v5,0,0,0,0,0,3,61,-13,giveaway,50.7,0
2025020950,2026-03-01,285,8482149,WPG,18.03,19.44,wrist,5v5,0,0,0,0,0,3,72,6,hit,39.56,0
2025020950,2026-03-01,286,8480748,SJS,87.69,7.21,tip-in,5v5,0,1,0,0,0,3,2,11,shot-on-goal,18.03,0
2025020950,2026-03-01,290,8478398,WPG,42.44,55.56,snap,3v3,0,0,0,0,0,4,65,-35,faceoff,89.0,0
2025020950,2026-03-01,291,8485402,SJS,12.81,51.34,wrist,3v3,0,1,0,0,1,4,81,10,shot-on-goal,42.44,1
2025020951,2026-03-01,3,8475692,MIN,35.06,3.27,wrist,5v5,0,0,0,0,0,1,54,2,giveaway,87.21,0
2025020951,2026-03-01,4,8480800,MIN,53.71,28.95,wrist,5v5,0,1,0,0,0,1,42,26,shot-on-goal,35.06,0
2025020951,2026-03-01,13,8480023,STL,34.66,43.83,wrist,5v5,0,0,0,0,0,1,64,-24,hit,80.96,0
2025020951,2026-03-01,17,8475753,STL,53.24,5.39,wrist,5v5,0,0,0,0,0,1,36,5,blocked-shot,8.6,0
2025020951,2026-03-01,21,8478864,MIN,13.04,4.4,wrist,5v5,0,0,0,0,0,1,76,-1,faceoff,72.42,0
2025020951,2026-03-01,28,8482733,STL,61.19,11.31,wrist,5v5,0,0,0,0,0,1,29,-12,giveaway,39.05,0
2025020951,2026-03-01,35,8475753,STL,60.42,28.69,slap,5v5,0,0,0,0,0,1,36,-29,faceoff,29.73,0
2025020951,2026-03-01,36,8481598,STL,56.59,46.43,wrist,5v5,0,1,0,0,0,1,50,41,missed-shot,60.42,0
2025020951,2026-03-01,40,8481598,STL,66.65,27.72,slap,5v5,0,0,0,0,0,1,30,31,hit,23.09,0
2025020951,2026-03-01,41,8478864,MIN,45.69,23.2,wrist,5v5,0,1,0,0,0,1,47,-18,missed-shot,66.65,0
2025020951,2026-03-01,42,8475692,MIN,62.37,12.03,wrist,5v5,0,1,0,0,0,1,28,-13,missed-shot,45.69,0
2025020951,2026-03-01,46,8482516,STL,65.3,27.35,wrist,5v5,0,0,0,0,0,1,31,-30,giveaway,60.17,0
2025020951,2026-03-01,49,8481598,STL,9.22,12.53,wrist,5v5,0,0,0,0,0,1,80,2,giveaway,13.6,0
2025020951,2026-03-01,52,8480023,STL,55.47,27.95,wrist,5v5,0,0,0,0,0,1,40,26,faceoff,29.73,0
2025020951,2026-03-01,53,8481557,MIN,42.49,26.57,snap,5v5,0,1,0,0,0,1,51,19,missed-shot,55.47,0
2025020951,2026-03-01,58,8481006,STL,40.8,53.97,wrist,5v5,0,0,0,0,0,1,65,33,hit,77.18,0
2025020951,2026-03-01,63,8482733,STL,39.82,28.5,wrist,5v5,0,0,0,0,0,1,54,-19,giveaway,25.3,0
2025020951,2026-03-01,66,8482733,STL,61.03,1.88,snap,5v5,0,0,0,0,0,1,28,-2,faceoff,29.73,0
2025020951,2026-03-01,67,8480023,STL,5.0,88.85,wrap-around,5v5,0,1,0,0,0,1,89,-5,missed-shot,61.03,0
2025020951,2026-03-01,68,8482122,MIN,51.48,29.05,wrist,5v5,0,1,0,0,0,1,44,25,missed-shot,5.0,0
2025020951,2026-03-01,70,8482122,MIN,60.21,4.76,wrist,5v5,0,0,0,0,0,1,29,5,blocked-shot,10.77,0
2025020951,2026-03-01,73,8478864,MIN,57.27,12.09,snap,5v5,0,0,0,0,0,1,33,12,faceoff,29.73,0
2025020951,2026-03-01,77,8477402,STL,58.82,35.31,snap,5v5,0,0,0,0,0,1,41,34,hit,17.0,0
2025020951,2026-03-01,82,8483516,STL,39.12,32.47,wrist,5v5,0,0,0,0,0,1,56,-21,faceoff,29.73,0
2025020951,2026-03-01,86,8480800,MIN,46.17,4.97,slap,5v4,1,0,0,0,0,1,43,4,faceoff,29.73,0
2025020951,2026-03-01,89,8475692,MIN,39.96,31.7,slap,5v4,1,0,0,0,0,1,55,-21,faceoff,29.73,0
2025020951,2026-03-01,90,8478493,MIN,31.58,10.95,wrist,5v4,1,1,0,0,0,1,58,6,shot-on-goal,39.96,0
2025020951,2026-03-01,91,8480800,MIN,8.54,89.28,wrist,5v4,1,1,0,0,0,1,92,8,shot-on-goal,31.58,0
2025020951,2026-03-01,97,8481557,MIN,39.01,1.47,wrist,5v4,1,0,0,0,0,2,50,-1,faceoff,29.73,0
2025020951,2026-03-01,98,8478864,MIN,50.22,12.65,wrist,5v4,1,1,0,0,0,2,40,-11,missed-shot,39.01,0
2025020951,2026-03-01,99,8478493,MIN,16.16,21.8,tip-in,5v5,0,1,0,0,0,2,74,-6,missed-shot,50.22,0
2025020951,2026-03-01,104,8483525,MIN,39.41,35.71,wrist,5v5,0,0,0,0,0,2,57,23,giveaway,54.56,0
2025020951,2026-03-01,106,8478508,MIN,23.85,56.98,wrist,5v5,0,0,0,0,0,2,76,20,hit,32.02,0
2025020951,2026-03-01,107,8483525,MIN,33.12,28.89,snap,5v5,0,1,0,0,0,2,60,-16,shot-on-goal,23.85,0
2025020951,2026-03-01,112,8480459,STL,45.88,16.46,wrist,5v5,0,0,0,0,0,2,45,-13,hit,27.46,0
2025020951,2026-03-01,113,8484164,STL,12.73,45.0,wrist,5v5,0,1,0,0,0,2,80,-9,shot-on-goal,45.88,0
2025020951,2026-03-01,114,8484164,STL,7.28,74.05,wrist,5v5,0,1,0,0,0,2,87,-7,shot-on-goal,12.73,0
2025020951,2026-03-01,116,8482077,STL,11.4,15.26,wrist,5v5,0,0,0,0,0,2,78,3,hit,9.85,0
2025020951,2026-03-01,120,8474716,MIN,57.72,14.04,slap,5v5,0,0,0,0,0,2,33,-14,faceoff,72.42,0
2025020951,2026-03-01,122,8479385,STL,15.65,26.57,wrist,5v5,0,0,0,0,0,2,75,7,giveaway,30.41,0
2025020951,2026-03-01,123,8475692,MIN,28.28,45.0,wrist,5v5,0,1,0,0,0,2,69,-20,shot-on-goal,15.65,0
2025020951,2026-03-01,128,8480800,MIN,50.96,15.95,wrist,5v5,0,0,0,0,0,2,40,-14,hit,36.35,0
2025020951,2026-03-01,130,8479385,STL,39.66,33.69,wrist,5v5,0,0,0,0,0,2,56,-22,hit,51.22,0
2025020951,2026-03-01,133,8478508,MIN,13.15,8.75,tip-in,5v5,0,0,0,0,0,2,76,-2,giveaway,58.25,0
2025020951,2026-03-01,134,8477451,MIN,30.46,23.2,wrist,5v5,0,1,0,0,0,2,61,12,missed-shot,13.15,0
2025020951,2026-03-01,135,8474567,MIN,56.57,8.13,slap,5v5,0,1,0,0,0,2,33,8,missed-shot,30.46,0
2025020951,2026-03-01,139,8478493,MIN,13.42,63.43,wrist,5v5,0,0,0,0,0,2,83,-12,blocked-shot,24.04,0
2025020951,2026-03-01,141,8478493,MIN,43.93,48.69,wrist,5v5,0,0,0,0,0,2,60,33,giveaway,66.85,0
2025020951,2026-03-01,144,8483516,STL,33.94,45.0,wrist,5v5,0,0,0,0,0,2,65,-24,hit,13.6,0
2025020951,2026-03-01,149,8478864,MIN,10.3,60.95,tip-in,5v5,0,0,0,0,0,2,84,9,giveaway,16.64,0
2025020951,2026-03-01,150,8477451,MIN,32.02,1.79,wrist,5v5,0,1,0,0,0,2,57,1,shot-on-goal,10.3,0
2025020951,2026-03-01,159,8483525,MIN,16.55,25.02,snap,5v5,0,0,0,0,0,2,74,-7,hit,53.76,0
2025020951,2026-03-01,162,8481006,STL,34.48,29.54,wrist,5v5,0,0,0,0,0,2,59,17,giveaway,40.26,0
2025020951,2026-03-01,166,8477402,STL,17.12,6.71,snap,4v5,0,0,0,0,0,2,72,2,faceoff,29.73,0
2025020951,2026-03-01,170,8478864,MIN,6.4,38.66,tip-in,5v4,1,0,0,0,1,2,84,4,blocked-shot,10.63,1
2025020951,2026-03-01,174,8482733,STL,41.68,30.26,snap,5v5,0,0,0,0,0,2,53,-21,hit,47.8,1
2025020951,2026-03-01,178,8481477,MIN,5.83,59.04,wrist,5v5,0,0,0,0,0,2,86,-5,blocked-shot,13.42,0
2025020951,2026-03-01,181,8476994,MIN,36.14,75.58,wrist,5v5,0,0,0,0,0,2,80,-35,takeaway,57.98,0
2025020951,2026-03-01,189,8478493,MIN,61.13,3.75,wrist,5v5,0,0,0,0,0,3,28,4,hit,32.06,0
2025020951,2026-03-01,196,8482077,STL,34.79,18.43,wrist,5v5,0,0,0,0,0,3,56,-11,faceoff,29.73,0
2025020951,2026-03-01,200,8481006,STL,59.08,2.91,slap,5v5,0,0,0,0,0,3,30,3,blocked-shot,12.04,0
2025020951,2026-03-01,204,8481557,MIN,47.63,50.96,wrist,4v5,0,0,0,0,0,3,59,37,giveaway,80.01,0
2025020951,2026-03-01,206,8481598,STL,40.61,9.93,wrist,5v4,1,0,0,0,0,3,49,-7,hit,25.5,0
2025020951,2026-03-01,207,8482077,STL,26.4,37.3,wrist,5v4,1,1,0,0,0,3,68,-16,missed-shot,40.61,0
2025020951,2026-03-01,210,8479385,STL,65.0,30.51,wrist,5v4,1,0,0,0,0,3,33,-33,faceoff,29.73,0
2025020951,2026-03-01,213,8482090,STL,39.05,50.19,wrist,5v5,0,0,0,0,0,3,64,-30,faceoff,29.73,0
2025020951,2026-03-01,220,8482516,STL,39.05,50.19,slap,5v5,0,0,0,0,0,3,64,30,giveaway,22.85,0
2025020951,2026-03-01,221,8474567,MIN,65.46,34.42,wrist,5v5,0,1,0,0,0,3,35,-37,shot-on-goal,39.05,0
2025020951,2026-03-01,228,8474716,MIN,36.06,33.69,wrist,5v5,0,0,0,0,0,3,59,-20,faceoff,72.42,0
2025020951,2026-03-01,229,8483525,MIN,8.6,35.54,tip-in,5v5,0,1,0,0,0,3,82,5,missed-shot,36.06,0
2025020951,2026-03-01,232,8482089,STL,18.25,80.54,backhand,5v5,0,0,0,0,0,3,86,-18,faceoff,72.42,0
2025020951,2026-03-01,237,8478864,MIN,62.24,23.68,wrist,5v5,0,0,0,0,0,3,32,-25,hit,50.61,0
2025020951,2026-03-01,240,8479385,STL,43.14,45.94,wrist,5v5,0,0,0,0,0,3,59,31,giveaway,16.55,0
2025020951,2026-03-01,243,8480023,STL,26.42,29.48,wrist,5v5,0,0,0,0,0,3,66,-13,faceoff,29.73,0
2025020951,2026-03-01,249,8482122,MIN,61.06,31.61,wrist,5v5,0,0,0,0,0,3,37,-32,giveaway,25.96,0
2025020951,2026-03-01,254,8475764,STL,48.41,51.71,wrist,5v5,0,0,0,0,0,3,59,38,giveaway,37.66,0
2025020951,2026-03-01,261,8477402,STL,22.8,52.13,wrist,5v5,0,0,0,0,1,3,75,-18,blocked-shot,8.6,1
2025020951,2026-03-01,273,8480981,STL,7.21,56.31,wrist,5v6,0,0,0,1,0,3,85,-6,faceoff,72.42,0
2025020951,2026-03-01,276,8475765,MIN,18.25,9.46,wrist,6v5,1,0,0,0,0,3,71,-3,faceoff,29.73,0
2025020951,2026-03-01,279,8480023,STL,73.33,5.48,wrist,5v6,0,0,0,1,2,3,16,-7,faceoff,29.73,1
2025020948,2026-03-01,2,8478859,FLA,56.64,42.14,wrist,5v5,0,0,0,0,0,1,47,38,faceoff,89.0,0
2025020948,2026-03-01,4,8478859,FLA,67.23,30.38,snap,5v5,0,0,0,0,0,1,31,34,blocked-shot,8.06,0
2025020948,2026-03-01,6,8477935,FLA,38.21,83.99,wrist,5v5,0,0,0,0,0,1,85,38,giveaway,42.72,0
2025020948,2026-03-01,13,8477409,FLA,45.8,36.12,snap,5v5,0,0,0,0,0,1,52,-27,faceoff,29.73,0
2025020948,2026-03-01,16,8476429,NYI,49.4,21.37,wrist,5v5,0,0,0,0,0,1,43,-18,hit,46.52,0
2025020948,2026-03-01,18,8483771,FLA,14.21,39.29,backhand,5v5,0,0,0,0,1,1,78,-9,hit,82.37,1
2025020948,2026-03-01,25,8478445,NYI,42.76,10.78,snap,5v5,0,0,0,0,0,1,47,8,hit,48.02,0
2025020948,2026-03-01,41,8477500,NYI,37.66,10.71,wrist,5v5,0,0,0,0,0,1,52,-7,hit,22.8,0
2025020948,2026-03-01,42,8481237,NYI,43.66,69.9,wrist,5v5,0,1,0,0,0,1,74,41,missed-shot,37.66,0
2025020948,2026-03-01,56,8480003,FLA,8.06,60.26,snap,5v5,0,0,0,0,0,1,85,-7,hit,44.78,0
2025020948,2026-03-01,57,8483771,FLA,7.81,39.81,backhand,5v5,0,1,0,0,0,1,83,-5,shot-on-goal,8.06,0
2025020948,2026-03-01,60,8478859,FLA,48.83,55.01,wrist,5v5,0,0,0,0,0,1,61,40,faceoff,29.73,0
2025020948,2026-03-01,61,8479314,FLA,27.29,81.57,snap,5v5,0,1,0,0,0,1,85,27,missed-shot,48.83,0
2025020948,2026-03-01,63,8477935,FLA,15.26,58.39,wrist,5v5,0,0,0,0,0,1,81,13,delayed-penalty,89.0,0
2025020948,2026-03-01,66,8477935,FLA,40.25,26.57,snap,5v4,1,0,0,0,2,1,53,18,faceoff,29.73,1
2025020948,2026-03-01,71,8477500,NYI,10.3,29.05,wrist,5v5,0,0,0,0,0,1,80,-5,faceoff,29.73,0
2025020948,2026-03-01,74,8477500,NYI,36.0,0.0,wrist,5v5,0,0,0,0,0,1,53,0,hit,76.85,0
2025020948,2026-03-01,76,8478445,NYI,7.28,15.95,deflected,5v5,0,0,0,0,0,1,82,2,blocked-shot,8.54,0
2025020948,2026-03-01,82,8478421,FLA,21.1,5.44,tip-in,5v5,0,0,0,0,0,1,68,-2,faceoff,29.73,0
2025020948,2026-03-01,91,8485366,NYI,44.69,40.46,slap,5v5,0,0,0,0,-1,1,55,-29,hit,12.04,1
2025020948,2026-03-01,95,8478055,FLA,59.03,10.74,slap,5v5,0,0,0,0,0,1,31,11,faceoff,29.73,0
2025020948,2026-03-01,97,8478055,FLA,61.98,17.85,snap,5v5,0,0,0,0,0,1,30,-19,hit,46.62,0
2025020948,2026-03-01,102,8476419,NYI,14.76,61.7,backhand,5v5,0,0,0,0,0,1,82,-13,faceoff,89.0,0
2025020948,2026-03-01,103,8476419,NYI,8.25,14.04,backhand,5v5,0,1,0,0,0,1,81,-2,shot-on-goal,14.76,0
2025020948,2026-03-01,108,8477935,FLA,31.78,24.15,backhand,5v5,0,0,0,0,0,1,60,13,faceoff,29.73,0
2025020948,2026-03-01,111,8477935,FLA,12.81,38.66,wrist,5v5,0,0,0,0,0,1,79,8,blocked-shot,7.81,0
2025020948,2026-03-01,112,8477935,FLA,6.08,80.54,wrap-around,5v5,0,1,0,0,0,1,88,-6,shot-on-goal,12.81,0
2025020948,2026-03-01,113,8482713,FLA,7.21,56.31,snap,5v5,0,1,0,0,0,1,85,-6,missed-shot,6.08,0
2025020948,2026-03-01,119,8477500,NYI,41.44,19.75,wrist,5v5,0,0,0,0,0,2,50,14,giveaway,61.91,0
2025020948,2026-03-01,129,8480003,FLA,65.46,34.42,snap,5v5,0,0,0,0,0,2,35,37,hit,21.93,0
2025020948,2026-03-01,131,8476292,NYI,26.42,29.48,snap,5v5,0,0,0,0,0,2,66,-13,giveaway,11.66,0
2025020948,2026-03-01,132,8479314,FLA,47.17,57.99,snap,5v5,0,1,0,0,0,2,64,40,shot-on-goal,26.42,0
2025020948,2026-03-01,142,8478445,NYI,23.32,30.96,wrist,4v4,0,0,0,0,0,2,69,-12,faceoff,29.73,0
2025020948,2026-03-01,145,8477369,NYI,28.18,27.47,snap,4v4,0,0,0,0,0,2,64,13,blocked-shot,37.34,1
2025020948,2026-03-01,155,8478445,NYI,63.95,26.97,wrist,5v5,0,0,0,0,0,2,32,29,faceoff,29.73,0
2025020948,2026-03-01,160,8477409,FLA,49.65,9.27,snap,5v5,0,0,0,0,0,2,40,8,faceoff,29.73,0
2025020948,2026-03-01,164,8478542,FLA,8.25,75.96,snap,5v5,0,0,0,0,0,2,87,8,hit,53.15,0
2025020948,2026-03-01,169,8478542,FLA,60.41,19.33,wrist,5v5,0,0,0,0,0,2,32,20,blocked-shot,21.26,0
2025020948,2026-03-01,172,8478859,FLA,57.8,37.27,snap,5v5,0,0,0,0,0,2,43,35,faceoff,29.73,0
2025020948,2026-03-01,174,8477935,FLA,24.76,43.36,backhand,5v5,0,0,0,0,1,2,71,-17,hit,31.78,1
2025020948,2026-03-01,177,8473507,FLA,69.64,32.09,snap,5v5,0,0,0,0,0,2,30,-37,blocked-shot,43.19,0
2025020948,2026-03-01,178,8482131,FLA,37.64,50.39,snap,5v5,0,1,0,0,0,2,65,29,shot-on-goal,69.64,0
2025020948,2026-03-01,180,8480185,FLA,14.42,33.69,tip-in,5v5,0,0,0,0,0,2,77,8,hit,11.4,0
2025020948,2026-03-01,182,8485366,NYI,53.26,50.33,wrist,5v5,0,0,0,0,0,2,55,41,blocked-shot,49.5,0
2025020948,2026-03-01,184,8478055,FLA,46.96,26.57,slap,5v5,0,0,0,0,0,2,47,21,hit,72.0,0
2025020948,2026-03-01,186,8477407,NYI,11.18,10.3,wrist,5v5,0,0,0,0,0,2,78,-2,blocked-shot,14.14,0
2025020948,2026-03-01,189,8478445,NYI,37.59,28.61,wrist,5v5,0,0,0,0,0,2,56,-18,faceoff,29.73,0
2025020948,2026-03-01,190,8477933,FLA,8.94,63.43,backhand,5v5,0,1,0,0,0,2,85,8,shot-on-goal,37.59,0
2025020948,2026-03-01,192,8477506,NYI,50.57,24.54,wrist,5v5,0,0,0,0,0,2,43,-21,giveaway,12.73,0
2025020948,2026-03-01,195,8485366,NYI,46.87,33.69,snap,5v5,0,0,0,0,0,2,50,-26,blocked-shot,34.21,0
2025020948,2026-03-01,202,8477500,NYI,32.76,77.66,snap,5v5,0,0,0,0,0,2,82,32,faceoff,29.73,1
2025020948,2026-03-01,207,8478055,FLA,36.12,41.63,snap,5v5,0,0,0,0,0,2,62,24,hit,10.44,0
2025020948,2026-03-01,208,8477935,FLA,34.0,61.93,snap,5v5,0,1,0,0,0,2,73,30,missed-shot,36.12,0
2025020948,2026-03-01,211,8475179,FLA,55.23,31.68,snap,5v5,0,0,0,0,0,2,42,29,hit,45.65,0
2025020948,2026-03-01,216,8478445,NYI,37.7,21.8,wrist,5v5,0,0,0,0,0,2,54,-14,faceoff,29.73,0
2025020948,2026-03-01,222,8480185,FLA,21.19,19.29,snap,5v5,0,0,0,0,0,3,69,7,hit,49.82,0
2025020948,2026-03-01,227,8479314,FLA,11.66,59.04,tip-in,5v4,1,0,0,0,0,3,83,10,faceoff,29.73,0
2025020948,2026-03-01,229,8473419,FLA,7.07,45.0,wrist,5v4,1,0,0,0,0,3,84,-5,blocked-shot,20.88,0
2025020948,2026-03-01,230,8477933,FLA,6.71,26.57,wrist,5v4,1,1,0,0,0,3,83,3,shot-on-goal,7.07,0
2025020948,2026-03-01,234,8479314,FLA,33.84,34.16,snap,5v4,1,0,0,0,0,3,61,-19,hit,38.33,0
2025020948,2026-03-01,235,8484221,NYI,41.87,40.16,wrist,5v5,0,1,0,0,0,3,57,-27,shot-on-goal,33.84,0
2025020948,2026-03-01,236,8485366,NYI,69.63,35.06,wrist,5v5,0,1,0,0,0,3,32,40,missed-shot,41.87,0
2025020948,2026-03-01,237,8478542,FLA,47.51,40.73,snap,5v5,0,1,0,0,0,3,53,-31,shot-on-goal,69.63,0
2025020948,2026-03-01,240,8478421,FLA,38.08,29.93,snap,5v5,0,0,0,0,0,3,56,-19,faceoff,29.73,0
2025020948,2026-03-01,241,8482131,FLA,57.28,44.29,wrist,5v5,0,1,0,0,0,3,48,40,shot-on-goal,38.08,0
2025020948,2026-03-01,243,8477950,NYI,40.72,24.68,wrist,5v5,0,0,0,0,0,3,52,-17,hit,55.17,0
2025020948,2026-03-01,246,8477932,FLA,42.52,41.19,snap,5v5,0,0,0,0,0,3,57,-28,hit,38.33,0
2025020948,2026-03-01,249,8478055,FLA,5.83,30.96,backhand,5v5,0,0,0,0,0,3,84,3,faceoff,29.73,0
2025020948,2026-03-01,250,8479314,FLA,11.18,10.3,tip-in,5v5,0,1,0,0,0,3,78,2,missed-shot,5.83,0
2025020948,2026-03-01,251,8481601,NYI,20.59,29.05,snap,5v5,0,1,0,0,0,3,71,10,missed-shot,11.18,0
2025020948,2026-03-01,252,8482713,FLA,30.02,29.98,snap,5v5,0,1,0,0,0,3,63,15,shot-on-goal,20.59,0
2025020948,2026-03-01,257,8485366,NYI,65.76,28.12,snap,5v5,0,0,0,0,0,3,31,31,faceoff,72.42,0
2025020948,2026-03-01,260,8476292,NYI,41.44,8.33,slap,5v5,0,0,0,0,0,3,48,-6,takeaway,56.57,0
2025020948,2026-03-01,264,8476429,NYI,59.23,11.69,wrist,5v5,0,0,0,0,0,3,31,-12,giveaway,50.99,0
2025020948,2026-03-01,266,8476429,NYI,37.48,43.92,snap,5v5,0,0,0,0,0,3,62,-26,giveaway,42.54,0
2025020948,2026-03-01,274,8476292,NYI,25.63,20.56,snap,5v5,0,0,0,0,0,3,65,9,faceoff,72.42,0
2025020948,2026-03-01,276,8477932,FLA,62.65,24.52,snap,5v5,0,0,0,0,0,3,32,-26,giveaway,77.79,0
2025020948,2026-03-01,277,8485366,NYI,49.66,25.02,wrist,5v5,0,1,0,0,0,3,44,-21,shot-on-goal,62.65,0
2025020948,2026-03-01,284,8485366,NYI,34.21,15.26,snap,5v5,0,0,0,0,1,3,56,9,hit,49.65,1
2025020948,2026-03-01,288,8477950,NYI,66.24,28.89,wrist,5v5,0,0,0,0,0,3,31,-32,blocked-shot,42.72,0
2025020948,2026-03-01,297,8477369,NYI,68.96,29.54,slap,5v5,0,0,0,0,0,3,29,34,faceoff,29.73,0
2025020948,2026-03-01,299,8476429,NYI,61.68,19.9,wrist,5v5,0,0,0,0,0,3,31,-21,hit,30.81,0
2025020948,2026-03-01,307,8478445,NYI,67.36,5.96,backhand,5v5,0,0,0,0,0,3,22,-7,faceoff,29.73,0
2025020948,2026-03-01,308,8477500,NYI,62.43,31.91,wrist,5v5,0,1,0,0,0,3,36,-33,shot-on-goal,67.36,0
2025020948,2026-03-01,312,8477933,FLA,18.36,60.64,backhand,5v5,0,0,0,0,0,3,80,16,hit,43.57,0
2025020948,2026-03-01,313,8475179,FLA,66.48,21.16,snap,5v5,0,1,0,0,0,3,27,-24,shot-on-goal,18.36,0
2025020948,2026-03-01,314,8477409,FLA,39.4,23.96,slap,5v5,0,1,0,0,0,3,53,16,missed-shot,66.48,0
2025020948,2026-03-01,315,8477933,FLA,7.62,23.2,deflected,5v5,0,1,0,0,0,3,82,-3,shot-on-goal,39.4,0
2025020948,2026-03-01,317,8477409,FLA,8.06,60.26,wrist,5v5,0,0,0,0,0,3,85,7,giveaway,31.38,0
2025020948,2026-03-01,318,8477409,FLA,5.0,0.0,backhand,5v5,0,1,0,0,0,3,84,0,missed-shot,8.06,0
2025020948,2026-03-01,324,8478542,FLA,52.5,49.64,snap,5v5,0,0,0,0,0,3,55,-40,giveaway,11.4,0
2025020948,2026-03-01,325,8478859,FLA,42.49,63.43,snap,5v5,0,1,0,0,0,3,70,38,missed-shot,52.5,0
2025020948,2026-03-01,326,8479314,FLA,10.3,29.05,wrist,5v5,0,1,0,0,0,3,80,5,missed-shot,42.49,0
2025020948,2026-03-01,328,8477933,FLA,49.01,1.17,snap,6v5,1,0,0,0,0,3,40,-1,blocked-shot,37.95,1
2025020948,2026-03-01,334,8480185,FLA,11.4,15.26,deflected,5v5,0,0,0,0,0,3,78,3,hit,69.97,0
2025020948,2026-03-01,337,8477409,FLA,13.04,4.4,tip-in,5v5,0,0,0,0,0,3,76,1,faceoff,29.73,0
2025020948,2026-03-01,338,8477935,FLA,13.89,59.74,backhand,5v5,0,1,0,0,0,3,82,-12,missed-shot,13.04,0
2025020948,2026-03-01,341,8475314,NYI,7.0,0.0,wrist,5v5,0,0,0,0,1,3,82,0,faceoff,29.73,1
2025020948,2026-03-01,344,8479314,FLA,29.07,89.8,snap,6v5,1,0,0,0,0,3,91,29,faceoff,89.0,0
2025020952,2026-03-01,2,8479705,ANA,94.7,21.69,tip-in,5v5,0,0,0,0,0,1,1,-35,faceoff,89.0,0
2025020952,2026-03-01,8,8475462,ANA,69.35,24.72,wrist,5v5,0,0,0,0,0,1,26,-29,blocked-shot,48.09,0
2025020952,2026-03-01,14,8482074,CGY,45.12,12.8,snap,5v5,0,0,0,0,0,1,45,10,faceoff,72.42,0
2025020952,2026-03-01,25,8482165,CGY,45.04,2.54,snap,5v5,0,0,0,0,0,1,44,-2,faceoff,29.73,0
2025020952,2026-03-01,28,8483445,ANA,24.08,4.76,snap,5v4,1,0,0,0,0,1,65,-2,faceoff,29.73,0
2025020952,2026-03-01,30,8480727,CGY,53.91,49.51,wrist,4v5,0,0,0,0,0,1,54,41,giveaway,73.24,0
2025020952,2026-03-01,34,8483445,ANA,4.0,0.0,deflected,5v4,1,0,0,0,0,1,85,0,hit,65.6,0
2025020952,2026-03-01,35,8483445,ANA,8.25,14.04,backhand,5v4,1,1,0,0,0,1,81,-2,shot-on-goal,4.0,0
2025020952,2026-03-01,38,8484153,ANA,12.53,61.39,wrist,5v4,1,0,0,0,0,1,83,11,faceoff,29.73,0
2025020952,2026-03-01,39,8481605,ANA,52.01,1.1,slap,5v4,1,1,0,0,0,1,37,-1,shot-on-goal,12.53,0
2025020952,2026-03-01,45,8476885,ANA,48.88,30.76,slap,5v4,1,0,0,0,0,1,47,25,faceoff,29.73,0
2025020952,2026-03-01,49,8480797,CGY,22.56,12.8,snap,5v5,0,0,0,0,0,1,67,5,giveaway,74.15,0
2025020952,2026-03-01,52,8482074,CGY,31.3,26.57,tip-in,5v5,0,0,0,0,0,1,61,-14,faceoff,29.73,0
2025020952,2026-03-01,54,8477810,CGY,68.0,28.07,slap,5v5,0,0,0,0,0,1,29,32,hit,18.38,0
2025020952,2026-03-01,55,8475172,CGY,13.45,48.01,snap,5v5,0,1,0,0,0,1,80,10,shot-on-goal,68.0,0
2025020952,2026-03-01,56,8475172,CGY,9.49,89.36,wrist,5v5,0,1,0,0,0,1,92,9,shot-on-goal,13.45,0
2025020952,2026-03-01,67,8484860,CGY,6.32,71.57,tip-in,5v4,1,0,0,0,0,1,87,-6,faceoff,29.73,0
2025020952,2026-03-01,70,8484860,CGY,22.2,82.23,snap,5v4,1,0,0,0,0,1,86,-22,faceoff,29.73,0
2025020952,2026-03-01,71,8482679,CGY,4.12,14.04,snap,5v4,1,1,0,0,0,1,85,1,shot-on-goal,22.2,0
2025020952,2026-03-01,74,8477346,CGY,58.0,0.0,snap,5v4,1,0,0,0,0,1,31,0,faceoff,29.73,0
2025020952,2026-03-01,76,8477346,CGY,59.44,12.63,slap,5v4,1,0,0,0,0,1,31,-13,blocked-shot,42.19,0
2025020952,2026-03-01,79,8482074,CGY,12.08,65.56,snap,5v4,1,0,0,0,0,1,84,-11,faceoff,29.73,0
2025020952,2026-03-01,80,8480028,CGY,49.65,27.6,snap,5v4,1,1,0,0,0,1,45,-23,shot-on-goal,12.08,0
2025020952,2026-03-01,81,8480860,CGY,57.07,11.11,snap,5v4,1,1,0,0,0,1,33,11,missed-shot,49.65,0
2025020952,2026-03-01,82,8484153,ANA,21.02,25.35,wrist,5v5,0,1,0,0,0,1,70,9,missed-shot,57.07,0
2025020952,2026-03-01,87,8480797,CGY,13.0,0.0,tip-in,5v5,0,0,0,0,1,1,76,0,giveaway,41.87,1
2025020952,2026-03-01,95,8479705,ANA,27.73,25.64,snap,5v5,0,0,0,0,0,1,64,12,giveaway,10.82,0
2025020952,2026-03-01,96,8482745,ANA,8.25,14.04,bat,5v5,0,1,0,0,0,1,81,2,shot-on-goal,27.73,0
2025020952,2026-03-01,97,8484762,ANA,11.18,63.43,tip-in,5v5,0,1,0,0,0,1,84,10,missed-shot,8.25,0
2025020952,2026-03-01,98,8481563,ANA,65.86,30.07,wrist,5v5,0,1,0,0,0,1,32,-33,missed-shot,11.18,0
2025020952,2026-03-01,101,8482679,CGY,21.95,59.93,snap,5v5,0,0,0,0,0,1,78,19,blocked-shot,37.01,0
2025020952,2026-03-01,104,8477810,CGY,64.5,29.74,wrist,5v5,0,0,0,0,0,1,33,32,faceoff,72.42,0
2025020952,2026-03-01,108,8485512,ANA,23.35,43.26,tip-in,5v5,0,0,0,0,0,1,72,-16,giveaway,9.85,0
2025020952,2026-03-01,110,8479066,CGY,29.07,49.18,snap,5v5,0,0,0,0,0,1,70,-22,blocked-shot,19.42,0
2025020952,2026-03-01,122,8473986,ANA,59.67,13.57,snap,5v5,0,0,0,0,0,1,31,-14,faceoff,29.73,0
2025020952,2026-03-01,123,8473986,ANA,26.25,17.74,tip-in,5v5,0,1,0,0,0,1,64,8,shot-on-goal,59.67,0
2025020952,2026-03-01,130,8484860,CGY,34.66,43.83,snap,5v5,0,0,0,0,0,1,64,24,faceoff,29.73,0
2025020952,2026-03-01,136,8482679,CGY,8.25,75.96,snap,5v4,1,0,0,0,0,1,87,8,faceoff,29.73,0
2025020952,2026-03-01,139,8480068,ANA,6.0,0.0,wrist,5v5,0,0,0,0,0,1,83,0,blocked-shot,30.0,0
2025020952,2026-03-01,143,8481556,CGY,29.41,72.18,snap,5v5,0,0,0,0,0,1,80,-28,blocked-shot,14.76,0
2025020952,2026-03-01,146,8477810,CGY,58.18,28.77,slap,5v5,0,0,0,0,0,1,38,28,faceoff,29.73,0
2025020952,2026-03-01,148,8477346,CGY,61.06,31.61,wrist,5v5,0,0,0,0,0,1,37,-32,blocked-shot,10.77,0
2025020952,2026-03-01,153,8476399,CGY,29.0,43.6,snap,5v5,0,0,0,0,0,1,68,20,takeaway,60.9,0
2025020952,2026-03-01,156,8482165,CGY,56.29,12.31,slap,5v5,0,0,0,0,0,1,34,12,faceoff,29.73,0
2025020952,2026-03-01,163,8482745,ANA,41.77,42.09,snap,5v5,0,0,0,0,0,2,58,28,faceoff,89.0,0
2025020952,2026-03-01,164,8475172,CGY,19.1,47.12,snap,5v5,0,1,0,0,0,2,76,14,missed-shot,41.77,0
2025020952,2026-03-01,167,8480797,CGY,30.87,65.1,snap,5v5,0,0,0,0,0,2,76,28,faceoff,29.73,0
2025020952,2026-03-01,170,8473986,ANA,33.97,42.61,snap,5v5,0,0,0,0,0,2,64,23,takeaway,71.59,0
2025020952,2026-03-01,171,8481605,ANA,6.08,9.46,snap,5v5,0,1,0,0,0,2,83,1,shot-on-goal,33.97,0
2025020952,2026-03-01,172,8473986,ANA,8.06,82.87,backhand,5v5,0,1,0,0,0,2,88,8,shot-on-goal,6.08,0
2025020952,2026-03-01,173,8478424,ANA,7.28,15.95,tip-in,5v5,0,1,0,0,0,2,82,-2,missed-shot,8.06,0
2025020952,2026-03-01,175,8480028,CGY,31.89,48.81,snap,5v5,0,0,0,0,0,2,68,-24,blocked-shot,51.01,0
2025020952,2026-03-01,182,8483609,CGY,44.72,26.57,snap,5v5,0,0,0,0,0,2,49,-20,blocked-shot,57.01,0
2025020952,2026-03-01,185,8476399,CGY,6.4,51.34,tip-in,5v5,0,0,0,0,0,2,85,5,blocked-shot,27.17,0
2025020952,2026-03-01,192,8483445,ANA,21.54,68.2,wrist,5v5,0,0,0,0,0,2,81,20,blocked-shot,5.66,0
2025020952,2026-03-01,201,8474150,CGY,8.25,14.04,tip-in,5v5,0,0,0,0,0,2,81,2,giveaway,66.22,0
2025020952,2026-03-01,205,8474150,CGY,20.81,54.78,snap,5v5,0,0,0,0,0,2,77,17,takeaway,37.85,0
2025020952,2026-03-01,209,8485512,ANA,38.05,3.01,backhand,5v5,0,0,0,0,0,2,51,2,blocked-shot,46.84,0
2025020952,2026-03-01,212,8482074,CGY,52.63,14.3,snap,5v5,0,0,0,0,0,2,38,13,faceoff,89.0,0
2025020952,2026-03-01,216,8475172,CGY,8.06,7.13,backhand,5v5,0,0,0,0,0,2,81,1,takeaway,29.27,0
2025020952,2026-03-01,217,8482074,CGY,10.0,0.0,backhand,5v5,0,1,0,0,0,2,79,0,shot-on-goal,8.06,0
2025020952,2026-03-01,222,8475172,CGY,26.17,46.55,snap,5v5,0,0,0,0,0,2,71,19,faceoff,29.73,0
2025020952,2026-03-01,223,8477346,CGY,56.04,34.82,wrist,5v5,0,1,0,0,0,2,43,32,shot-on-goal,26.17,0
2025020952,2026-03-01,228,8479066,CGY,41.87,40.16,snap,5v5,0,0,0,0,0,2,57,27,hit,23.35,0
2025020952,2026-03-01,230,8483445,ANA,42.01,51.77,snap,5v5,0,0,0,0,0,2,63,33,blocked-shot,12.81,0
2025020952,2026-03-01,234,8483445,ANA,18.44,40.6,snap,5v5,0,0,0,0,0,2,75,-12,blocked-shot,31.14,0
2025020952,2026-03-01,235,8483445,ANA,9.49,71.57,snap,5v5,0,1,0,0,0,2,86,-9,shot-on-goal,18.44,0
2025020952,2026-03-01,236,8483445,ANA,6.08,89.05,bat,5v5,0,1,0,0,0,2,90,-6,missed-shot,9.49,1
2025020952,2026-03-01,241,8483445,ANA,88.28,4.55,wrist,5v5,0,0,0,0,0,2,1,-7,giveaway,78.26,0
2025020952,2026-03-01,244,8474150,CGY,9.22,49.4,tip-in,5v5,0,0,0,0,0,2,83,7,faceoff,29.73,0
2025020952,2026-03-01,246,8476399,CGY,11.4,37.87,tip-in,5v5,0,0,0,0,0,2,80,7,hit,85.09,0
2025020952,2026-03-01,249,8475172,CGY,6.32,18.43,tip-in,5v5,0,0,0,0,0,2,83,-2,faceoff,29.73,0
2025020952,2026-03-01,259,8482679,CGY,18.0,0.0,tip-in,5v4,1,0,0,0,0,2,71,0,giveaway,60.88,0
2025020952,2026-03-01,260,8475172,CGY,9.49,18.43,bat,5v4,1,1,0,0,0,2,80,3,shot-on-goal,18.0,0
2025020952,2026-03-01,261,8482679,CGY,7.0,0.0,tip-in,5v4,1,1,0,0,0,2,82,0,missed-shot,9.49,0
2025020952,2026-03-01,264,8481068,CGY,34.93,23.63,snap,5v4,1,0,0,0,1,2,57,-14,takeaway,35.47,1
2025020952,2026-03-01,271,8474150,CGY,35.61,38.16,snap,5v5,0,0,0,0,0,2,61,-22,faceoff,72.42,0
2025020952,2026-03-01,272,8484762,ANA,46.04,34.38,slap,5v5,0,1,0,0,0,2,51,26,shot-on-goal,35.61,0
2025020952,2026-03-01,273,8476885,ANA,36.4,74.05,wrist,5v5,0,1,0,0,0,2,79,-35,missed-shot,46.04,0
2025020952,2026-03-01,281,8484153,ANA,34.48,29.54,snap,5v4,1,0,0,0,0,2,59,-17,faceoff,29.73,0
2025020952,2026-03-01,282,8473986,ANA,33.94,45.0,wrist,5v4,1,1,0,0,0,2,65,24,shot-on-goal,34.48,0
2025020952,2026-03-01,283,8481605,ANA,5.83,88.85,wrist,5v4,1,1,0,0,0,2,92,5,shot-on-goal,33.94,0
2025020952,2026-03-01,284,8483445,ANA,35.51,57.65,slap,5v4,1,1,0,0,0,2,70,-30,missed-shot,5.83,0
2025020952,2026-03-01,286,8483490,ANA,9.22,49.4,tip-in,5v5,0,0,0,0,0,2,83,-7,giveaway,42.06,0
2025020952,2026-03-01,293,8480727,CGY,73.57,31.1,wrist,5v5,0,0,0,0,0,3,26,-38,giveaway,30.08,0
2025020952,2026-03-01,294,8484153,ANA,20.4,11.31,tip-in,5v5,0,1,0,0,0,3,69,-4,missed-shot,73.57,0
2025020952,2026-03-01,295,8481605,ANA,39.7,49.09,snap,5v5,0,1,0,0,0,3,63,30,shot-on-goal,20.4,0
2025020952,2026-03-01,297,8475172,CGY,29.07,26.57,deflected,5v5,0,0,0,0,0,3,63,-13,hit,43.01,0
2025020952,2026-03-01,313,8482074,CGY,41.23,39.09,snap,5v5,0,0,0,0,0,3,57,26,faceoff,89.0,0
2025020952,2026-03-01,314,8475172,CGY,5.83,88.85,wrist,5v5,0,1,0,0,0,3,92,5,missed-shot,41.23,0
2025020952,2026-03-01,317,8482165,CGY,57.28,16.22,slap,5v5,0,0,0,0,0,3,34,16,faceoff,29.73,0
2025020952,2026-03-01,319,8482803,ANA,26.0,22.62,snap,5v5,0,0,0,0,0,3,65,10,giveaway,30.68,0
2025020952,2026-03-01,323,8481605,ANA,50.61,52.22,snap,5v5,0,0,0,0,0,3,58,40,faceoff,72.42,0
2025020952,2026-03-01,326,8483490,ANA,45.79,58.39,wrist,5v5,0,0,0,0,0,3,65,39,faceoff,29.73,0
2025020952,2026-03-01,330,8480860,CGY,59.94,27.85,slap,5v5,0,0,0,0,0,3,36,28,hit,33.02,0
2025020952,2026-03-01,332,8482074,CGY,10.3,29.05,backhand,5v5,0,0,0,0,0,3,80,5,giveaway,79.76,0
2025020952,2026-03-01,333,8484762,ANA,34.67,33.23,slap,5v5,0,1,0,0,0,3,60,19,shot-on-goal,10.3,0
2025020952,2026-03-01,337,8480068,ANA,19.03,89.7,wrist,5v5,0,0,0,0,0,3,90,19,giveaway,50.7,0
2025020952,2026-03-01,338,8479705,ANA,10.77,21.8,backhand,5v5,0,1,0,0,0,3,79,-4,shot-on-goal,19.03,0
2025020952,2026-03-01,342,8477527,ANA,44.42,58.82,backhand,5v5,0,0,0,0,0,3,66,-38,giveaway,63.01,0
2025020952,2026-03-01,350,8481556,CGY,85.16,9.46,snap,4v5,0,0,0,0,0,3,5,14,giveaway,60.22,0
2025020952,2026-03-01,353,8484153,ANA,56.59,43.57,wrist,5v4,1,0,0,0,0,3,48,39,takeaway,43.01,0
2025020952,2026-03-01,354,8483445,ANA,31.14,42.4,slap,5v4,1,1,0,0,0,3,66,-21,missed-shot,56.59,1
2025020952,2026-03-01,358,8480028,CGY,8.54,20.56,tip-in,5v5,0,0,0,0,0,3,81,3,giveaway,39.66,0
2025020952,2026-03-01,362,8484762,ANA,15.52,14.93,poke,5v5,0,0,0,0,0,3,74,-4,blocked-shot,18.38,0
2025020952,2026-03-01,365,8475184,ANA,8.06,60.26,wrist,5v4,1,0,0,0,0,3,85,-7,faceoff,29.73,0
2025020952,2026-03-01,366,8484762,ANA,30.61,51.63,slap,5v4,1,1,0,0,0,3,70,24,missed-shot,8.06,0
2025020952,2026-03-01,367,8479705,ANA,14.56,15.95,tip-in,5v4,1,1,0,0,0,3,75,4,missed-shot,30.61,0
2025020952,2026-03-01,369,8477810,CGY,36.69,72.55,wrist,5v5,0,0,0,0,0,3,78,-35,giveaway,9.85,0
2025020952,2026-03-01,373,8478424,ANA,16.55,64.98,tip-in,5v5,0,0,0,0,0,3,82,15,hit,58.73,0
2025020952,2026-03-01,377,8476399,CGY,78.16,16.35,snap,5v5,0,0,0,0,0,3,14,22,giveaway,46.1,0
2025020952,2026-03-01,381,8483445,ANA,46.01,42.36,slap,5v5,0,0,0,0,0,3,55,-31,giveaway,36.88,0
2025020952,2026-03-01,387,8481605,ANA,27.02,38.99,snap,3v3,0,0,0,0,0,4,68,17,takeaway,69.26,0
2025020952,2026-03-01,391,8482679,CGY,36.62,34.99,snap,3v3,0,0,0,0,0,4,59,-21,blocked-shot,22.02,0
2025020952,2026-03-01,395,8475172,CGY,8.06,60.26,backhand,3v3,0,0,0,0,0,4,85,-7,faceoff,29.73,0
2025020952,2026-03-01,396,8480068,ANA,10.82,56.31,backhand,3v3,0,1,0,0,0,4,83,-9,shot-on-goal,8.06,0
2025020952,2026-03-01,400,8483445,ANA,35.36,28.74,snap,4v3,1,0,0,0,0,4,58,-17,faceoff,29.73,0
2025020952,2026-03-01,403,8484153,ANA,9.49,18.43,backhand,1v0,1,0,0,0,0,5,80,-3,period-start,89.0,1
2025020952,2026-03-01,404,8480028,CGY,13.04,4.4,wrist,1v0,1,1,0,0,0,5,76,1,goal,9.49,0
2025020952,2026-03-01,405,8484762,ANA,9.06,6.34,between-legs,1v0,1,1,0,0,0,5,80,-1,shot-on-goal,13.04,0
2025020952,2026-03-01,406,8475172,CGY,12.0,0.0,snap,1v0,1,1,0,0,0,5,77,0,shot-on-goal,9.06,1
2025020952,2026-03-01,407,8482745,ANA,7.0,0.0,wrist,1v0,1,1,0,0,0,5,82,0,goal,12.0,1
2025020952,2026-03-01,408,8484860,CGY,11.4,15.26,snap,1v0,1,1,0,0,0,5,78,-3,goal,7.0,0
2025020934,2026-02-28,3,8479398,PIT,55.04,2.08,slap,6v5,1,0,0,0,0,1,34,-2,delayed-penalty,89.0,0
2025020934,2026-02-28,4,8482993,PIT,5.39,21.8,wrist,6v5,1,1,0,0,0,1,84,-2,shot-on-goal,55.04,0
2025020934,2026-02-28,8,8476483,PIT,32.76,12.34,snap,5v4,1,0,0,0,0,1,57,-7,faceoff,29.73,0
2025020934,2026-02-28,9,8477511,PIT,19.65,14.74,tip-in,5v4,1,1,0,0,1,1,70,5,missed-shot,32.76,1
2025020934,2026-02-28,12,8483690,NYR,48.66,9.46,wrist,5v5,0,0,0,0,0,1,41,-8,hit,78.23,0
2025020934,2026-02-28,17,8474578,PIT,44.72,10.3,wrist,5v4,1,0,0,0,0,1,45,-8,faceoff,29.73,0
2025020934,2026-02-28,18,8476483,PIT,17.0,61.93,bat,5v4,1,1,0,0,0,1,81,-15,shot-on-goal,44.72,0
2025020934,2026-02-28,24,8478438,PIT,22.02,50.53,wrist,5v4,1,0,0,0,0,1,75,17,giveaway,14.14,0
2025020934,2026-02-28,25,8485414,PIT,44.78,23.7,wrist,5v4,1,1,0,0,0,1,48,-18,shot-on-goal,22.02,0
2025020934,2026-02-28,30,8482993,PIT,50.99,41.82,wrist,5v5,0,0,0,0,0,1,51,34,blocked-shot,20.81,0
2025020934,2026-02-28,33,8485414,PIT,23.43,50.19,wrist,5v5,0,0,0,0,0,1,74,18,blocked-shot,29.02,0
2025020934,2026-02-28,34,8482109,NYR,16.49,14.04,deflected,5v5,0,1,0,0,0,1,73,4,shot-on-goal,23.43,0
2025020934,2026-02-28,38,8477365,PIT,40.31,29.74,slap,5v5,0,0,0,0,0,1,54,-20,giveaway,9.0,0
2025020934,2026-02-28,44,8478438,PIT,18.38,45.0,wrist,5v5,0,0,0,0,0,1,76,13,faceoff,72.42,0
2025020934,2026-02-28,45,8471215,PIT,16.4,52.43,tip-in,5v5,0,1,0,0,0,1,79,-13,missed-shot,18.38,0
2025020934,2026-02-28,46,8478450,PIT,56.04,34.82,wrist,5v5,0,1,0,0,0,1,43,32,missed-shot,16.4,0
2025020934,2026-02-28,62,8475810,PIT,33.02,35.13,snap,5v5,0,0,0,0,0,1,62,-19,giveaway,55.9,0
2025020934,2026-02-28,70,8476459,NYR,40.31,66.61,wrist,5v5,0,0,0,0,0,1,73,-37,faceoff,29.73,0
2025020934,2026-02-28,71,8479323,NYR,56.3,33.41,wrist,5v5,0,1,0,0,0,1,42,-31,missed-shot,40.31,0
2025020934,2026-02-28,72,8482157,NYR,12.04,48.37,tip-in,5v5,0,1,0,0,0,1,81,-9,missed-shot,56.3,0
2025020934,2026-02-28,77,8478569,PIT,32.76,12.34,wrist,5v5,0,0,0,0,0,1,57,7,faceoff,29.73,0
2025020934,2026-02-28,80,8479323,NYR,55.9,26.57,wrist,5v4,1,0,0,0,0,1,39,-25,faceoff,29.73,0
2025020934,2026-02-28,87,8478438,PIT,17.46,13.24,wrist,5v4,1,0,0,0,0,1,72,4,faceoff,29.73,0
2025020934,2026-02-28,89,8477511,PIT,32.98,14.04,wrist,5v4,1,0,0,0,0,1,57,-8,blocked-shot,20.25,0
2025020934,2026-02-28,93,8475810,PIT,36.24,27.98,wrist,5v4,1,0,0,0,0,2,57,-17,faceoff,89.0,0
2025020934,2026-02-28,97,8478854,PIT,59.91,14.5,wrist,5v5,0,0,0,0,2,2,31,15,hit,42.45,1
2025020934,2026-02-28,100,8478569,PIT,21.21,81.87,wrist,5v5,0,0,0,0,0,2,86,-21,giveaway,14.14,0
2025020934,2026-02-28,101,8476468,NYR,21.21,8.13,wrist,5v5,0,1,0,0,0,2,68,3,missed-shot,21.21,0
2025020934,2026-02-28,102,8479323,NYR,48.55,57.62,wrist,5v5,0,1,0,0,0,2,63,-41,missed-shot,21.21,0
2025020934,2026-02-28,103,8484210,NYR,12.04,4.76,wrist,5v5,0,1,0,0,0,2,77,1,missed-shot,48.55,0
2025020934,2026-02-28,105,8485414,PIT,61.4,6.55,backhand,5v5,0,0,0,0,0,2,28,7,hit,27.46,0
2025020934,2026-02-28,108,8482475,PIT,34.54,22.11,wrist,5v5,0,0,0,0,0,2,57,13,giveaway,59.36,0
2025020934,2026-02-28,111,8483690,NYR,33.62,59.62,wrist,5v5,0,0,0,0,0,2,72,29,faceoff,29.73,0
2025020934,2026-02-28,120,8476459,NYR,67.6,29.22,wrist,5v5,0,0,0,0,0,2,30,-33,faceoff,72.42,0
2025020934,2026-02-28,123,8482109,NYR,51.09,40.24,wrist,5v5,0,0,0,0,0,2,50,-33,faceoff,29.73,0
2025020934,2026-02-28,129,8479323,NYR,35.51,32.35,wrist,5v5,0,0,0,0,0,2,59,19,blocked-shot,28.84,0
2025020934,2026-02-28,130,8476459,NYR,24.41,34.99,snap,5v5,0,1,0,0,0,2,69,-14,shot-on-goal,35.51,0
2025020934,2026-02-28,135,8478438,PIT,29.83,39.56,snap,5v5,0,0,0,0,0,2,66,19,hit,67.8,0
2025020934,2026-02-28,138,8482475,PIT,38.33,15.12,wrist,5v5,0,0,0,0,0,2,52,-10,faceoff,29.73,0
2025020934,2026-02-28,144,8476459,NYR,23.35,9.87,snap,5v4,1,0,0,0,-1,2,66,-4,faceoff,29.73,1
2025020934,2026-02-28,151,8478438,PIT,7.07,8.13,backhand,5v5,0,0,0,0,0,2,82,-1,hit,75.66,0
2025020934,2026-02-28,154,8478882,NYR,38.29,49.24,wrist,5v5,0,0,0,0,0,2,64,29,blocked-shot,27.46,0
2025020934,2026-02-28,157,8479323,NYR,48.76,28.14,slap,5v5,0,0,0,0,0,2,46,23,faceoff,29.73,0
2025020934,2026-02-28,165,8477839,NYR,19.85,49.09,wrist,5v5,0,0,0,0,0,2,76,-15,hit,48.6,0
2025020934,2026-02-28,167,8485414,PIT,33.02,1.74,wrist,5v5,0,0,0,0,0,2,56,-1,takeaway,62.43,0
2025020934,2026-02-28,169,8484210,NYR,30.59,11.31,wrist,5v5,0,0,0,0,0,2,59,6,takeaway,29.02,0
2025020934,2026-02-28,172,8476459,NYR,29.15,30.96,snap,5v5,0,0,0,0,0,2,64,-15,hit,84.6,0
2025020934,2026-02-28,173,8484210,NYR,8.49,45.0,wrist,5v5,0,1,0,0,0,2,83,6,shot-on-goal,29.15,0
2025020934,2026-02-28,174,8478882,NYR,54.23,22.78,slap,5v5,0,1,0,0,0,2,39,-21,missed-shot,8.49,0
2025020934,2026-02-28,175,8484210,NYR,6.0,0.0,deflected,5v5,0,1,0,0,0,2,83,0,shot-on-goal,54.23,0
2025020934,2026-02-28,177,8478438,PIT,10.05,5.71,backhand,5v5,0,0,0,0,0,2,79,1,takeaway,61.19,0
2025020934,2026-02-28,178,8478438,PIT,30.89,29.05,snap,5v5,0,1,0,0,0,2,62,-15,shot-on-goal,10.05,0
2025020934,2026-02-28,188,8482993,PIT,39.2,37.75,wrist,5v5,0,0,0,0,0,2,58,-24,faceoff,89.0,0
2025020934,2026-02-28,190,8482666,NYR,36.89,57.17,wrist,5v5,0,0,0,0,0,2,69,31,hit,89.01,0
2025020934,2026-02-28,193,8471724,PIT,58.14,40.82,wrist,5v5,0,0,0,0,0,2,45,-38,faceoff,29.73,0
2025020934,2026-02-28,196,8474578,PIT,53.34,6.46,slap,5v5,0,0,0,0,0,2,36,-6,faceoff,29.73,0
2025020934,2026-02-28,197,8471215,PIT,7.07,45.0,deflected,5v5,0,1,0,0,0,2,84,-5,missed-shot,53.34,0
2025020934,2026-02-28,199,8471215,PIT,7.81,50.19,backhand,5v5,0,0,0,0,0,2,84,6,hit,30.27,0
2025020934,2026-02-28,202,8478450,PIT,40.82,30.96,snap,5v5,0,0,0,0,0,2,54,21,faceoff,29.73,0
2025020934,2026-02-28,204,8476459,NYR,40.82,30.96,wrist,5v5,0,0,0,0,0,2,54,-21,blocked-shot,21.02,0
2025020934,2026-02-28,214,8482073,NYR,47.51,40.73,slap,5v5,0,0,0,0,0,3,53,31,giveaway,94.85,0
2025020934,2026-02-28,218,8477839,NYR,40.8,36.03,wrist,5v5,0,0,0,0,0,3,56,-24,hit,43.08,0
2025020934,2026-02-28,219,8481789,NYR,6.08,9.46,deflected,5v5,0,1,0,0,0,3,83,1,shot-on-goal,40.8,0
2025020934,2026-02-28,221,8478882,NYR,42.49,26.57,wrist,5v5,0,0,0,0,0,3,51,-19,takeaway,27.66,0
2025020934,2026-02-28,222,8478882,NYR,54.12,16.09,wrist,5v5,0,1,0,0,0,3,37,15,shot-on-goal,42.49,0
2025020934,2026-02-28,223,8479390,NYR,7.07,8.13,tip-in,5v5,0,1,0,0,0,3,82,-1,shot-on-goal,54.12,1
2025020934,2026-02-28,231,8477365,PIT,58.69,13.8,slap,5v5,0,0,0,0,0,3,32,-14,blocked-shot,10.0,0
2025020934,2026-02-28,235,8476468,NYR,34.83,39.17,snap,5v5,0,0,0,0,0,3,62,22,faceoff,29.73,0
2025020934,2026-02-28,237,8484210,NYR,5.1,78.69,wrist,5v5,0,0,0,0,0,3,88,-5,giveaway,12.17,0
2025020934,2026-02-28,238,8484210,NYR,8.06,82.87,wrist,5v5,0,1,0,0,0,3,88,-8,missed-shot,5.1,0
2025020934,2026-02-28,239,8484210,NYR,8.54,69.44,wrist,5v5,0,1,0,0,0,3,86,-8,missed-shot,8.06,0
2025020934,2026-02-28,254,8471215,PIT,26.4,37.3,backhand,5v5,0,0,0,0,0,3,68,-16,takeaway,89.45,0
2025020934,2026-02-28,256,8481789,NYR,52.15,32.47,wrist,5v5,0,0,0,0,0,3,45,28,giveaway,59.06,0
2025020934,2026-02-28,257,8477839,NYR,21.54,68.2,wrist,5v5,0,1,0,0,0,3,81,-20,shot-on-goal,52.15,0
2025020934,2026-02-28,258,8483690,NYR,34.44,25.82,wrist,5v5,0,1,0,0,0,3,58,15,missed-shot,21.54,0
2025020934,2026-02-28,267,8474578,PIT,60.13,3.81,wrist,5v5,0,0,0,0,0,3,29,-4,blocked-shot,40.8,0
2025020934,2026-02-28,268,8482157,NYR,5.66,45.0,tip-in,5v5,0,1,0,0,0,3,85,-4,shot-on-goal,60.13,0
2025020934,2026-02-28,269,8482157,NYR,9.85,23.96,deflected,5v5,0,1,0,0,0,3,80,-4,missed-shot,5.66,0
2025020934,2026-02-28,275,8483690,NYR,10.0,36.87,wrist,5v5,0,0,0,0,0,3,81,6,blocked-shot,23.43,0
2025020934,2026-02-28,278,8471215,PIT,10.44,73.3,backhand,5v5,0,0,0,0,0,3,86,10,hit,17.2,0
2025020934,2026-02-28,294,8480980,PIT,38.95,41.88,slap,5v5,0,0,0,0,0,3,60,26,hit,54.45,0
2025020934,2026-02-28,295,8478840,NYR,31.38,30.65,wrist,5v5,0,1,0,0,0,3,62,-16,shot-on-goal,38.95,0
2025020934,2026-02-28,299,8477365,PIT,52.61,8.75,wrist,5v5,0,0,0,0,0,3,37,-8,giveaway,76.42,0
2025020934,2026-02-28,303,8485414,PIT,24.33,9.46,snap,3v3,0,0,0,0,0,4,65,-4,faceoff,89.0,0
2025020934,2026-02-28,306,8476468,NYR,42.2,36.33,slap,3v3,0,0,0,0,0,4,55,25,faceoff,29.73,0
2025020934,2026-02-28,307,8476468,NYR,16.28,79.38,wrist,3v3,0,1,0,0,0,4,86,16,missed-shot,42.2,0
2025020934,2026-02-28,308,8482157,NYR,36.62,34.99,wrist,3v3,0,1,0,0,0,4,59,21,missed-shot,16.28,0
2025020934,2026-02-28,309,8485414,PIT,25.08,23.5,backhand,3v3,0,1,0,0,0,4,66,-10,shot-on-goal,36.62,0
2025020934,2026-02-28,311,8482073,NYR,26.0,0.0,wrist,3v3,0,0,0,0,0,4,63,0,takeaway,18.6,0
2025020934,2026-02-28,312,8482109,NYR,28.43,39.29,wrist,3v3,0,1,0,0,0,4,67,-18,missed-shot,26.0,0
2025020934,2026-02-28,313,8474578,PIT,29.15,22.17,wrist,3v3,0,1,0,0,0,4,62,11,shot-on-goal,28.43,0
2025020934,2026-02-28,314,8471215,PIT,11.66,30.96,wrist,3v3,0,1,0,0,0,4,79,-6,shot-on-goal,29.15,0
2025020934,2026-02-28,315,8471215,PIT,16.4,52.43,wrist,3v3,0,1,0,0,0,4,79,13,shot-on-goal,11.66,0
2025020934,2026-02-28,319,8471215,PIT,21.1,89.73,wrist,3v3,0,0,0,0,0,4,91,21,faceoff,29.73,0
2025020934,2026-02-28,322,8477511,PIT,28.16,6.12,wrist,1v0,1,0,0,0,0,5,61,3,period-start,89.0,0
2025020934,2026-02-28,323,8476389,NYR,17.0,0.0,wrist,1v0,1,1,0,0,0,5,72,0,missed-shot,28.16,1
2025020934,2026-02-28,324,8482475,PIT,20.1,5.71,wrist,1v0,1,1,0,0,0,5,69,-2,goal,17.0,0
2025020934,2026-02-28,325,8476468,NYR,12.08,24.44,wrist,1v0,1,1,0,0,0,5,78,5,shot-on-goal,20.1,0
2025020934,2026-02-28,326,8478438,PIT,21.59,13.39,wrist,1v0,1,1,0,0,0,5,68,5,shot-on-goal,12.08,0
2025020935,2026-02-28,7,8480015,PHI,25.0,36.87,wrist,5v5,0,0,0,0,0,1,69,15,hit,25.32,0
2025020935,2026-02-28,21,8481553,PHI,13.93,21.04,backhand,5v4,1,0,0,0,0,1,76,5,blocked-shot,11.05,0
2025020935,2026-02-28,22,8481553,PHI,28.46,18.43,snap,5v4,1,1,0,0,0,1,62,9,shot-on-goal,13.93,0
2025020935,2026-02-28,28,8476854,BOS,54.0,0.0,snap,5v5,0,0,0,0,0,1,35,0,faceoff,29.73,0
2025020935,2026-02-28,31,8479987,BOS,49.65,34.33,snap,5v5,0,0,0,0,0,1,48,-28,faceoff,29.73,0
2025020935,2026-02-28,38,8478439,PHI,53.34,30.41,wrist,5v5,0,0,0,0,0,1,43,-27,faceoff,29.73,0
2025020935,2026-02-28,39,8479591,BOS,31.95,20.14,snap,5v5,0,1,0,0,0,1,59,-11,missed-shot,53.34,0
2025020935,2026-02-28,40,8479591,BOS,6.32,71.57,backhand,5v5,0,1,0,0,0,1,87,-6,shot-on-goal,31.95,0
2025020935,2026-02-28,41,8476374,BOS,25.94,27.55,snap,5v5,0,1,0,0,0,1,66,12,missed-shot,6.32,0
2025020935,2026-02-28,48,8479987,BOS,75.17,3.81,tip-in,5v5,0,0,0,0,0,1,14,-5,takeaway,95.34,0
2025020935,2026-02-28,53,8484387,PHI,45.65,28.81,wrist,5v5,0,0,0,0,0,1,49,-22,takeaway,30.59,0
2025020935,2026-02-28,54,8477989,PHI,12.37,14.04,deflected,5v5,0,1,0,0,0,1,77,3,shot-on-goal,45.65,0
2025020935,2026-02-28,55,8484387,PHI,46.69,46.74,wrist,5v5,0,1,0,0,0,1,57,-34,missed-shot,12.37,0
2025020935,2026-02-28,60,8477496,BOS,47.68,9.66,snap,5v5,0,0,0,0,0,1,42,-8,hit,38.28,0
2025020935,2026-02-28,61,8481533,PHI,23.6,36.38,backhand,5v5,0,1,0,0,0,1,70,-14,missed-shot,47.68,0
2025020935,2026-02-28,71,8480355,BOS,21.26,48.81,snap,4v5,0,0,0,0,0,1,75,-16,faceoff,29.73,0
2025020935,2026-02-28,73,8478439,PHI,20.59,60.95,wrist,5v4,1,0,0,0,0,1,79,18,giveaway,52.24,0
2025020935,2026-02-28,89,8479591,BOS,42.64,50.71,snap,5v5,0,0,0,0,0,1,62,-33,hit,63.41,0
2025020935,2026-02-28,90,8479591,BOS,29.07,3.95,tip-in,5v5,0,1,0,0,0,1,60,2,shot-on-goal,42.64,0
2025020935,2026-02-28,97,8477499,PHI,43.32,18.85,wrist,5v5,0,0,0,0,0,1,48,-14,giveaway,41.0,0
2025020935,2026-02-28,109,8482511,BOS,29.0,0.0,snap,5v5,0,0,0,0,0,1,60,0,blocked-shot,39.41,0
2025020935,2026-02-28,119,8479987,BOS,30.23,55.78,slap,5v4,1,0,0,0,0,2,72,25,faceoff,89.0,0
2025020935,2026-02-28,122,8479987,BOS,24.6,63.43,backhand,5v5,0,0,0,0,0,2,78,22,faceoff,29.73,0
2025020935,2026-02-28,123,8478042,BOS,45.34,41.42,slap,5v5,0,1,0,0,0,2,55,-30,shot-on-goal,24.6,0
2025020935,2026-02-28,125,8479325,BOS,61.61,13.13,slap,5v5,0,0,0,0,0,2,29,-14,hit,40.85,0
2025020935,2026-02-28,132,8479987,BOS,23.19,7.43,snap,5v5,0,0,0,0,0,2,66,3,faceoff,29.73,0
2025020935,2026-02-28,135,8477903,PHI,28.84,56.31,snap,5v5,0,0,0,0,0,2,73,-24,hit,43.38,0
2025020935,2026-02-28,136,8478042,BOS,45.28,30.53,snap,5v5,0,1,0,0,0,2,50,23,missed-shot,28.84,0
2025020935,2026-02-28,139,8476854,BOS,46.65,59.04,wrist,5v5,0,0,0,0,0,2,65,40,faceoff,29.73,0
2025020935,2026-02-28,144,8483733,PHI,8.25,14.04,tip-in,5v5,0,0,0,0,0,2,81,-2,faceoff,29.73,0
2025020935,2026-02-28,147,8479591,BOS,54.23,5.29,snap,5v5,0,0,0,0,0,2,35,-5,blocked-shot,33.06,0
2025020935,2026-02-28,154,8479987,BOS,8.94,63.43,snap,5v5,0,0,0,0,0,2,85,-8,hit,24.74,0
2025020935,2026-02-28,155,8477989,PHI,8.54,20.56,tip-in,5v5,0,1,0,0,0,2,81,-3,shot-on-goal,8.94,0
2025020935,2026-02-28,157,8478439,PHI,7.21,33.69,wrap-around,5v5,0,0,0,0,0,2,83,4,hit,35.23,0
2025020935,2026-02-28,158,8481533,PHI,11.66,30.96,wrist,5v5,0,1,0,0,0,2,79,6,shot-on-goal,7.21,0
2025020935,2026-02-28,159,8477989,PHI,6.4,38.66,backhand,5v5,0,1,0,0,0,2,84,-4,missed-shot,11.66,0
2025020935,2026-02-28,162,8478439,PHI,24.74,14.04,slap,5v5,0,0,0,0,0,2,65,-6,hit,47.2,0
2025020935,2026-02-28,163,8480220,PHI,13.04,4.4,wrist,5v5,0,1,0,0,0,2,76,1,missed-shot,24.74,0
2025020935,2026-02-28,169,8476461,PHI,72.2,30.83,tip-in,5v5,0,0,0,0,0,2,27,37,hit,77.18,0
2025020935,2026-02-28,176,8478401,BOS,25.08,4.57,tip-in,5v4,1,0,0,0,0,2,64,-2,faceoff,29.73,0
2025020935,2026-02-28,177,8479325,BOS,66.4,37.04,snap,5v4,1,1,0,0,0,2,36,-40,shot-on-goal,25.08,0
2025020935,2026-02-28,180,8482126,PHI,31.76,28.18,wrist,5v5,0,0,0,0,0,2,61,-15,hit,68.8,0
2025020935,2026-02-28,181,8476374,BOS,18.0,0.0,snap,5v5,0,1,0,0,0,2,71,0,missed-shot,31.76,0
2025020935,2026-02-28,186,8481553,PHI,20.88,16.7,wrist,5v5,0,0,0,0,0,2,69,-6,hit,19.7,0
2025020935,2026-02-28,191,8477956,BOS,50.8,10.2,snap,5v4,1,0,0,0,0,2,39,-9,faceoff,29.73,0
2025020935,2026-02-28,192,8479987,BOS,17.8,38.16,snap,5v4,1,1,0,0,0,2,75,11,shot-on-goal,50.8,0
2025020935,2026-02-28,195,8476854,BOS,20.25,20.22,snap,5v4,1,0,0,0,0,2,70,-7,faceoff,29.73,0
2025020935,2026-02-28,198,8476854,BOS,42.72,20.56,slap,5v4,1,0,0,0,0,2,49,-15,giveaway,45.18,0
2025020935,2026-02-28,199,8476854,BOS,40.82,30.96,slap,5v4,1,1,0,0,0,2,54,-21,shot-on-goal,42.72,0
2025020935,2026-02-28,200,8479999,BOS,48.84,10.62,snap,5v5,0,1,0,0,0,2,41,-9,shot-on-goal,40.82,0
2025020935,2026-02-28,211,8482177,BOS,40.72,65.32,snap,5v5,0,0,0,0,0,2,72,-37,hit,18.79,0
2025020935,2026-02-28,220,8476854,BOS,19.03,86.99,snap,5v5,0,0,0,0,0,3,88,19,faceoff,89.0,0
2025020935,2026-02-28,233,8478439,PHI,5.1,11.31,wrist,5v5,0,0,0,0,1,3,84,-1,giveaway,95.27,1
2025020935,2026-02-28,237,8476372,PHI,55.07,29.36,slap,5v5,0,0,0,0,0,3,41,27,takeaway,26.42,0
2025020935,2026-02-28,239,8480015,PHI,33.3,41.35,snap,5v5,0,0,0,0,0,3,64,-22,giveaway,42.45,0
2025020935,2026-02-28,240,8477496,BOS,80.23,10.05,snap,5v5,0,1,0,0,0,3,10,-14,shot-on-goal,33.3,0
2025020935,2026-02-28,244,8480355,BOS,19.7,66.04,backhand,5v5,0,0,0,0,0,3,81,18,giveaway,42.06,0
2025020935,2026-02-28,253,8477956,BOS,15.52,75.07,backhand,5v5,0,0,0,0,0,3,85,15,hit,55.15,0
2025020935,2026-02-28,258,8483733,PHI,39.62,42.95,snap,5v5,0,0,0,0,0,3,60,27,takeaway,15.62,0
2025020935,2026-02-28,263,8479336,PHI,47.8,52.65,wrist,5v5,0,0,0,0,0,3,60,38,hit,95.34,0
2025020935,2026-02-28,271,8482142,PHI,27.66,12.53,wrist,5v5,0,0,0,0,2,3,62,6,giveaway,71.59,1
2025020935,2026-02-28,276,8476374,BOS,44.65,55.95,snap,5v5,0,0,0,0,0,3,64,37,hit,84.53,0
2025020935,2026-02-28,279,8479325,BOS,18.79,25.2,deflected,5v5,0,0,0,0,-1,3,72,-8,faceoff,29.73,1
2025020935,2026-02-28,282,8478439,PHI,11.0,0.0,wrist,5v5,0,0,0,0,0,3,78,0,blocked-shot,10.44,0
2025020935,2026-02-28,293,8478042,BOS,89.69,22.28,snap,5v5,0,0,0,0,0,3,6,-34,blocked-shot,8.25,0
2025020935,2026-02-28,296,8476854,BOS,43.28,49.69,snap,5v5,0,0,0,0,0,3,61,33,faceoff,29.73,0
2025020935,2026-02-28,305,8478042,BOS,25.3,18.43,backhand,5v5,0,0,0,0,0,3,65,-8,faceoff,29.73,0
2025020935,2026-02-28,310,8477956,BOS,56.61,35.66,snap,6v5,1,0,0,0,0,3,43,-33,hit,48.01,0
2025020935,2026-02-28,315,8476461,PHI,89.0,0.0,wrist,5v6,0,0,0,1,2,3,0,0,faceoff,29.73,1
2025020935,2026-02-28,317,8476854,BOS,43.01,72.41,snap,5v5,0,0,0,0,0,3,76,41,faceoff,89.0,0
2025020936,2026-02-28,2,8482859,SJS,8.94,26.57,tip-in,5v5,0,0,0,0,0,1,81,4,faceoff,89.0,0
2025020936,2026-02-28,6,8476454,EDM,15.62,39.81,backhand,5v5,0,0,0,0,0,1,77,10,hit,30.27,0
2025020936,2026-02-28,19,8477934,EDM,18.38,22.38,wrist,5v4,1,0,0,0,0,1,72,-7,faceoff,29.73,0
2025020936,2026-02-28,20,8477934,EDM,9.49,18.43,wrist,5v4,1,1,0,0,0,1,80,-3,shot-on-goal,18.38,0
2025020936,2026-02-28,23,8482667,SJS,40.25,26.57,wrist,4v5,0,0,0,0,0,1,53,18,faceoff,29.73,0
2025020936,2026-02-28,25,8484801,SJS,11.4,52.13,wrist,4v5,0,0,0,0,0,1,82,9,takeaway,92.72,0
2025020936,2026-02-28,26,8484227,SJS,8.0,0.0,wrist,4v5,0,1,0,0,0,1,81,0,shot-on-goal,11.4,0
2025020936,2026-02-28,27,8484227,SJS,28.18,27.47,wrist,5v5,0,1,0,0,0,1,64,13,missed-shot,8.0,0
2025020936,2026-02-28,28,8475906,SJS,21.54,68.2,wrist,5v5,0,1,0,0,0,1,81,20,missed-shot,28.18,0
2025020936,2026-02-28,29,8480748,SJS,4.47,26.57,backhand,5v5,0,1,0,0,0,1,85,2,shot-on-goal,21.54,0
2025020936,2026-02-28,30,8474641,EDM,47.0,0.0,snap,5v5,0,1,0,0,0,1,42,0,shot-on-goal,4.47,0
2025020936,2026-02-28,40,8475200,SJS,55.54,23.33,slap,5v5,0,0,0,0,0,1,38,22,faceoff,29.73,0
2025020936,2026-02-28,45,8475200,SJS,18.79,25.2,wrist,5v5,0,0,0,0,0,1,72,8,faceoff,29.73,0
2025020936,2026-02-28,47,8484801,SJS,38.0,0.0,wrist,5v5,0,0,0,0,1,1,51,0,blocked-shot,33.02,1
2025020936,2026-02-28,50,8480748,SJS,27.59,46.47,wrist,5v5,0,0,0,0,0,1,70,-20,hit,10.2,0
2025020936,2026-02-28,51,8484806,SJS,34.48,29.54,slap,5v5,0,1,0,0,0,1,59,-17,missed-shot,27.59,0
2025020936,2026-02-28,52,8477934,EDM,14.32,24.78,backhand,5v5,0,1,0,0,0,1,76,6,shot-on-goal,34.48,0
2025020936,2026-02-28,63,8475726,SJS,11.18,10.3,wrist,5v4,1,0,0,0,0,1,78,2,giveaway,95.85,0
2025020936,2026-02-28,64,8485402,SJS,5.1,11.31,backhand,5v4,1,1,0,0,0,1,84,1,shot-on-goal,11.18,0
2025020936,2026-02-28,65,8485402,SJS,14.32,12.09,wrist,5v4,1,1,0,0,2,1,75,3,shot-on-goal,5.1,1
2025020936,2026-02-28,76,8477934,EDM,12.0,0.0,wrist,5v4,1,0,0,0,0,1,77,0,faceoff,29.73,0
2025020936,2026-02-28,77,8480803,EDM,29.83,13.57,slap,5v4,1,1,0,0,0,1,60,7,missed-shot,12.0,0
2025020936,2026-02-28,78,8475786,EDM,8.6,54.46,slap,5v4,1,1,0,0,0,1,84,7,missed-shot,29.83,0
2025020936,2026-02-28,79,8477934,EDM,25.94,62.45,wrist,5v4,1,1,0,0,0,1,77,-23,missed-shot,8.6,0
2025020936,2026-02-28,80,8483512,EDM,27.8,37.69,wrist,5v4,1,1,0,0,0,1,67,17,missed-shot,25.94,0
2025020936,2026-02-28,81,8477934,EDM,12.37,14.04,wrist,5v4,1,1,0,0,-1,1,77,-3,shot-on-goal,27.8,1
2025020936,2026-02-28,84,8480748,SJS,5.0,0.0,tip-in,5v5,0,0,0,0,0,1,84,0,giveaway,10.3,0
2025020936,2026-02-28,92,8476624,SJS,17.69,47.29,wrist,5v5,0,0,0,0,2,1,77,-13,blocked-shot,11.4,1
2025020936,2026-02-28,94,8475906,SJS,69.12,31.39,wrist,5v5,0,0,0,0,0,1,30,-36,faceoff,89.0,0
2025020936,2026-02-28,95,8475200,SJS,51.22,51.34,wrist,5v5,0,1,0,0,0,1,57,40,missed-shot,69.12,0
2025020936,2026-02-28,98,8484801,SJS,53.15,11.94,wrist,5v5,0,0,0,0,0,1,37,11,faceoff,29.73,0
2025020936,2026-02-28,102,8479365,EDM,55.44,39.14,wrist,5v5,0,0,0,0,0,1,46,-35,hit,53.08,0
2025020936,2026-02-28,107,8475786,EDM,20.62,22.83,wrist,5v5,0,0,0,0,0,1,70,8,hit,39.62,0
2025020936,2026-02-28,111,8477498,EDM,17.12,89.66,wrist,5v5,0,0,0,0,0,1,91,17,blocked-shot,24.19,0
2025020936,2026-02-28,122,8478458,EDM,8.06,7.13,backhand,5v5,0,0,0,0,0,2,81,-1,hit,37.34,0
2025020936,2026-02-28,125,8484911,SJS,19.1,6.01,backhand,5v5,0,0,0,0,0,2,70,-2,faceoff,29.73,0
2025020936,2026-02-28,128,8484801,SJS,32.2,25.77,slap,5v5,0,0,0,0,0,2,60,14,faceoff,29.73,0
2025020936,2026-02-28,130,8477498,EDM,62.0,0.0,snap,5v5,0,0,0,0,0,2,27,0,hit,67.12,0
2025020936,2026-02-28,132,8480748,SJS,12.21,55.01,wrist,5v5,0,0,0,0,0,2,82,-10,hit,30.15,0
2025020936,2026-02-28,134,8478402,EDM,43.86,24.23,wrist,5v5,0,0,0,0,0,2,49,18,blocked-shot,25.46,0
2025020936,2026-02-28,142,8484227,SJS,36.36,31.5,wrist,5v5,0,0,0,0,0,2,58,19,faceoff,29.73,0
2025020936,2026-02-28,146,8484801,SJS,36.24,39.4,wrist,5v5,0,0,0,0,0,2,61,23,hit,30.41,0
2025020936,2026-02-28,148,8477498,EDM,38.91,64.09,wrist,5v5,0,0,0,0,0,2,72,35,giveaway,24.08,0
2025020936,2026-02-28,154,8484227,SJS,34.93,13.24,snap,5v5,0,0,0,0,0,2,55,8,faceoff,72.42,0
2025020936,2026-02-28,156,8483512,EDM,41.23,50.91,wrist,5v5,0,0,0,0,0,2,63,32,giveaway,63.6,0
2025020936,2026-02-28,167,8480748,SJS,28.02,55.18,wrist,5v5,0,0,0,0,0,2,73,-23,giveaway,88.89,0
2025020936,2026-02-28,169,8484801,SJS,39.2,5.86,wrist,6v5,1,0,0,0,0,2,50,4,delayed-penalty,89.0,0
2025020936,2026-02-28,175,8476454,EDM,19.7,66.04,wrist,4v5,0,0,0,0,0,2,81,-18,giveaway,39.81,0
2025020936,2026-02-28,176,8475200,SJS,66.24,28.89,slap,5v5,0,1,0,0,0,2,31,32,shot-on-goal,19.7,0
2025020936,2026-02-28,188,8484911,SJS,25.96,74.36,wrist,5v5,0,0,0,0,0,2,82,25,giveaway,20.59,0
2025020936,2026-02-28,191,8475200,SJS,52.39,23.63,slap,5v5,0,0,0,0,0,2,41,21,faceoff,29.73,0
2025020936,2026-02-28,195,8478402,EDM,35.9,12.88,wrist,5v5,0,0,0,0,0,2,54,8,hit,38.83,0
2025020936,2026-02-28,196,8480803,EDM,10.63,41.19,wrist,5v5,0,1,0,0,-1,2,81,-7,shot-on-goal,35.9,1
2025020936,2026-02-28,198,8477953,EDM,27.66,12.53,wrist,5v5,0,0,0,0,0,2,62,-6,faceoff,89.0,0
2025020936,2026-02-28,203,8480748,SJS,10.44,16.7,wrist,5v5,0,0,0,0,0,2,79,3,hit,58.73,0
2025020936,2026-02-28,206,8484801,SJS,14.21,39.29,wrist,5v5,0,0,0,0,0,2,78,9,giveaway,48.92,0
2025020936,2026-02-28,207,8475726,SJS,29.53,28.3,wrist,5v5,0,1,0,0,0,2,63,-14,shot-on-goal,14.21,0
2025020936,2026-02-28,208,8485402,SJS,10.0,0.0,wrist,5v5,0,1,0,0,0,2,79,0,shot-on-goal,29.53,0
2025020936,2026-02-28,213,8482166,SJS,53.81,48.01,wrist,5v5,0,0,0,0,0,2,53,40,blocked-shot,34.21,0
2025020936,2026-02-28,223,8484227,SJS,43.74,10.54,wrist,5v5,0,0,0,0,0,2,46,8,faceoff,29.73,0
2025020936,2026-02-28,228,8481056,EDM,86.15,9.35,backhand,5v5,0,0,0,0,0,3,4,14,faceoff,89.0,0
2025020936,2026-02-28,239,8480748,SJS,42.05,25.35,wrist,5v5,0,0,0,0,0,3,51,18,giveaway,18.44,0
2025020936,2026-02-28,246,8479365,EDM,15.0,0.0,wrist,5v5,0,0,0,0,0,3,74,0,faceoff,72.42,1
2025020936,2026-02-28,253,8483630,SJS,21.21,45.0,backhand,5v5,0,0,0,0,0,3,74,-15,takeaway,68.24,0
2025020936,2026-02-28,256,8475786,EDM,41.63,65.9,wrist,5v5,0,0,0,0,0,3,72,38,giveaway,7.62,0
2025020936,2026-02-28,258,8475786,EDM,9.22,77.47,wrist,5v5,0,0,0,0,0,3,87,9,hit,45.19,0
2025020936,2026-02-28,259,8476454,EDM,7.81,39.81,wrist,5v5,0,1,0,0,0,3,83,-5,missed-shot,9.22,0
2025020936,2026-02-28,260,8477505,SJS,6.08,9.46,wrist,5v5,0,1,0,0,1,3,83,-1,missed-shot,7.81,1
2025020936,2026-02-28,262,8482166,SJS,58.52,16.89,slap,5v5,0,0,0,0,0,3,33,-17,faceoff,89.0,0
2025020936,2026-02-28,263,8479983,SJS,64.88,24.59,slap,5v5,0,1,0,0,0,3,30,27,missed-shot,58.52,0
2025020936,2026-02-28,265,8484806,SJS,64.76,13.39,slap,5v5,0,0,0,0,0,3,26,-15,giveaway,80.53,0
2025020936,2026-02-28,266,8478013,EDM,40.45,8.53,slap,5v5,0,1,0,0,0,3,49,6,missed-shot,64.76,1
2025020936,2026-02-28,273,8478458,EDM,39.66,33.69,wrist,5v5,0,0,0,0,0,3,56,-22,blocked-shot,19.92,0
2025020936,2026-02-28,276,8477498,EDM,32.2,53.84,snap,5v5,0,0,0,0,0,3,70,26,faceoff,29.73,0
2025020936,2026-02-28,278,8482166,SJS,51.24,17.02,slap,5v5,0,0,0,0,1,3,40,-15,blocked-shot,17.46,1
2025020936,2026-02-28,284,8484227,SJS,38.08,13.67,snap,5v5,0,0,0,0,0,3,52,9,faceoff,29.73,0
2025020936,2026-02-28,285,8480748,SJS,12.04,4.76,deflected,5v5,0,1,0,0,0,3,77,-1,shot-on-goal,38.08,0
2025020936,2026-02-28,287,8484801,SJS,24.04,16.93,wrist,5v5,0,0,0,0,0,3,66,-7,hit,25.71,0
2025020936,2026-02-28,301,8483512,EDM,93.78,21.91,tip-in,5v5,0,0,0,0,0,3,2,35,faceoff,29.73,0
2025020936,2026-02-28,302,8479576,SJS,67.42,35.34,slap,5v5,0,1,0,0,0,3,34,-39,shot-on-goal,93.78,0
2025020936,2026-02-28,313,8477934,EDM,23.02,55.62,wrist,6v4,1,0,0,0,0,3,76,-19,faceoff,29.73,0
2025020936,2026-02-28,314,8476454,EDM,39.05,13.32,slap,6v4,1,1,0,0,0,3,51,9,missed-shot,23.02,0
2025020936,2026-02-28,315,8480803,EDM,38.05,3.01,snap,6v4,1,1,0,0,0,3,51,2,missed-shot,39.05,0
2025020936,2026-02-28,320,8477934,EDM,26.08,57.53,wrist,6v4,1,0,0,0,0,3,75,-22,blocked-shot,32.31,0
2025020936,2026-02-28,323,8478402,EDM,31.32,16.7,wrist,6v4,1,0,0,0,0,3,59,-9,faceoff,29.73,0
2025020936,2026-02-28,326,8480803,EDM,37.34,20.38,slap,6v4,1,0,0,0,0,3,54,13,faceoff,29.73,0
2025020943,2026-02-28,2,8479407,NJD,30.61,51.63,wrist,5v5,0,0,0,0,0,1,70,24,faceoff,89.0,0
2025020943,2026-02-28,4,8482077,STL,17.46,23.63,backhand,5v5,0,0,0,0,0,1,73,-7,giveaway,88.57,0
2025020943,2026-02-28,6,8482733,STL,62.2,36.5,slap,5v5,0,0,0,0,0,1,39,-37,giveaway,21.38,0
2025020943,2026-02-28,10,8481721,NJD,36.89,32.83,wrist,5v5,0,0,0,0,0,1,58,20,hit,45.65,0
2025020943,2026-02-28,18,8481559,NJD,22.67,48.58,wrist,5v5,0,0,0,0,0,1,74,17,blocked-shot,19.03,0
2025020943,2026-02-28,19,8482516,STL,22.8,52.13,wrist,5v5,0,1,0,0,0,1,75,-18,shot-on-goal,22.67,0
2025020943,2026-02-28,24,8475753,STL,49.09,56.63,wrist,5v5,0,0,0,0,0,1,62,-41,hit,37.48,0
2025020943,2026-02-28,25,8484164,STL,31.76,28.18,wrist,5v5,0,1,0,0,0,1,61,15,shot-on-goal,49.09,0
2025020943,2026-02-28,26,8483516,STL,10.44,16.7,tip-in,5v5,0,1,0,0,0,1,79,3,shot-on-goal,31.76,0
2025020943,2026-02-28,28,8482077,STL,50.25,42.58,wrist,5v5,0,0,0,0,0,1,52,34,blocked-shot,39.82,0
2025020943,2026-02-28,32,8483516,STL,28.79,20.32,wrist,5v5,0,0,0,0,0,1,62,-10,giveaway,54.92,0
2025020943,2026-02-28,33,8482516,STL,58.82,17.82,wrist,5v5,0,1,0,0,0,1,33,-18,missed-shot,28.79,0
2025020943,2026-02-28,38,8478414,NJD,8.06,60.26,wrist,5v5,0,0,0,0,0,1,85,-7,giveaway,50.21,0
2025020943,2026-02-28,39,8477488,NJD,64.4,36.16,wrist,5v5,0,1,0,0,0,1,37,-38,shot-on-goal,8.06,0
2025020943,2026-02-28,43,8476462,NJD,67.23,30.38,wrist,5v5,0,0,0,0,0,1,31,-34,takeaway,19.24,0
2025020943,2026-02-28,44,8477015,NJD,14.76,61.7,wrist,5v5,0,1,0,0,0,1,82,-13,shot-on-goal,67.23,0
2025020943,2026-02-28,46,8477015,NJD,37.44,34.11,wrist,5v5,0,0,0,0,0,1,58,-21,giveaway,11.18,0
2025020943,2026-02-28,47,8478414,NJD,35.51,57.65,wrist,5v5,0,1,0,0,0,1,70,30,missed-shot,37.44,0
2025020943,2026-02-28,48,8478414,NJD,43.42,28.93,wrist,5v5,0,1,0,0,0,1,51,-21,missed-shot,35.51,0
2025020943,2026-02-28,57,8479407,NJD,44.64,15.59,snap,5v5,0,0,0,0,0,1,46,12,faceoff,29.73,0
2025020943,2026-02-28,58,8477488,NJD,19.24,8.97,tip-in,5v5,0,1,0,0,0,1,70,3,missed-shot,44.64,0
2025020943,2026-02-28,61,8475170,STL,30.08,15.42,wrist,5v5,0,0,0,0,0,1,60,8,blocked-shot,46.1,0
2025020943,2026-02-28,64,8482733,STL,58.0,0.0,slap,5v5,0,0,0,0,0,1,31,0,faceoff,29.73,0
2025020943,2026-02-28,69,8479407,NJD,25.08,4.57,wrist,4v5,0,0,0,0,0,1,64,-2,takeaway,88.0,0
2025020943,2026-02-28,71,8483516,STL,41.05,2.79,wrist,5v4,1,0,0,0,0,1,48,2,takeaway,55.01,0
2025020943,2026-02-28,79,8478414,NJD,14.87,47.73,tip-in,5v5,0,0,0,0,0,1,79,11,takeaway,4.47,0
2025020943,2026-02-28,82,8482089,STL,57.45,31.48,backhand,5v5,0,0,0,0,0,1,40,30,giveaway,65.19,0
2025020943,2026-02-28,88,8475753,STL,41.68,30.26,wrist,5v5,0,0,0,0,0,1,53,-21,hit,35.36,0
2025020943,2026-02-28,89,8483495,NJD,61.81,9.31,wrist,5v5,0,1,0,0,0,1,28,-10,shot-on-goal,41.68,0
2025020943,2026-02-28,90,8481559,NJD,33.6,36.53,wrist,5v5,0,1,0,0,0,1,62,20,shot-on-goal,61.81,0
2025020943,2026-02-28,93,8484164,STL,14.32,65.22,wrist,5v5,0,0,0,0,0,1,83,13,blocked-shot,17.89,0
2025020943,2026-02-28,95,8484164,STL,32.65,40.03,wrist,5v5,0,0,0,0,0,1,64,-21,hit,19.24,0
2025020943,2026-02-28,104,8479407,NJD,7.28,15.95,backhand,5v5,0,0,0,0,0,2,82,2,hit,61.07,0
2025020943,2026-02-28,109,8482733,STL,6.32,87.14,wrist,4v5,0,0,0,0,0,2,95,2,faceoff,29.73,0
2025020943,2026-02-28,113,8478414,NJD,29.55,23.96,wrist,5v4,1,0,0,0,0,2,62,12,faceoff,72.42,0
2025020943,2026-02-28,118,8484958,NJD,7.07,81.87,wrist,5v5,0,0,0,0,0,2,88,-7,hit,34.01,0
2025020943,2026-02-28,123,8477015,NJD,21.02,64.65,slap,5v5,0,0,0,0,0,2,80,19,hit,49.09,0
2025020943,2026-02-28,125,8481559,NJD,33.42,38.93,wrist,5v5,0,0,0,0,0,2,63,21,giveaway,42.44,0
2025020943,2026-02-28,126,8477488,NJD,26.57,19.8,wrist,5v5,0,1,0,0,0,2,64,-9,shot-on-goal,33.42,0
2025020943,2026-02-28,127,8482684,NJD,53.16,16.39,wrist,5v5,0,1,0,0,0,2,38,-15,missed-shot,26.57,0
2025020943,2026-02-28,128,8478414,NJD,35.36,28.74,wrist,5v5,0,1,0,0,1,2,58,-17,shot-on-goal,53.16,1
2025020943,2026-02-28,137,8482077,STL,55.23,42.06,wrist,5v5,0,0,0,0,0,2,48,-37,takeaway,22.8,0
2025020943,2026-02-28,142,8482684,NJD,21.19,70.71,wrist,5v5,0,0,0,0,0,2,82,20,hit,46.32,0
2025020943,2026-02-28,144,8481721,NJD,36.4,37.18,wrist,5v5,0,0,0,0,0,2,60,22,hit,43.91,0
2025020943,2026-02-28,146,8477402,STL,71.69,22.99,wrist,5v5,0,0,0,0,0,2,23,-28,giveaway,93.11,0
2025020943,2026-02-28,147,8477402,STL,57.98,32.32,wrist,5v5,0,1,0,0,0,2,40,31,shot-on-goal,71.69,0
2025020943,2026-02-28,152,8478414,NJD,22.02,39.47,wrist,5v5,0,0,0,0,0,2,72,-14,giveaway,25.3,0
2025020943,2026-02-28,153,8482089,STL,39.56,20.73,wrist,5v5,0,1,0,0,0,2,52,14,shot-on-goal,22.02,0
2025020943,2026-02-28,154,8482077,STL,43.19,42.18,wrist,5v5,0,1,0,0,0,2,57,29,missed-shot,39.56,0
2025020943,2026-02-28,160,8484177,NJD,10.0,0.0,deflected,5v5,0,0,0,0,0,2,79,0,faceoff,29.73,0
2025020943,2026-02-28,163,8477015,NJD,22.2,7.77,tip-in,5v5,0,0,0,0,0,2,67,3,faceoff,29.73,0
2025020943,2026-02-28,164,8481721,NJD,35.9,12.88,wrist,5v5,0,1,0,0,0,2,54,-8,missed-shot,22.2,0
2025020943,2026-02-28,166,8478414,NJD,30.0,36.87,tip-in,5v5,0,0,0,0,0,2,65,18,hit,64.03,0
2025020943,2026-02-28,172,8480002,NJD,28.44,10.12,wrist,5v5,0,0,0,0,0,2,61,5,blocked-shot,23.77,0
2025020943,2026-02-28,173,8478414,NJD,7.07,45.0,tip-in,5v5,0,1,0,0,0,2,84,5,shot-on-goal,28.44,0
2025020943,2026-02-28,175,8480281,STL,35.47,21.5,wrist,5v5,0,0,0,0,0,2,56,-13,hit,32.02,0
2025020943,2026-02-28,180,8476462,NJD,66.65,27.72,slap,5v5,0,0,0,0,0,2,30,-31,faceoff,29.73,0
2025020943,2026-02-28,183,8481559,NJD,33.02,35.13,wrist,5v5,0,0,0,0,0,2,62,19,hit,58.05,0
2025020943,2026-02-28,187,8478414,NJD,7.0,0.0,wrist,5v5,0,0,0,0,0,2,82,0,blocked-shot,33.54,0
2025020943,2026-02-28,188,8478414,NJD,17.49,59.04,wrist,5v5,0,1,0,0,0,2,80,-15,shot-on-goal,7.0,0
2025020943,2026-02-28,190,8478414,NJD,10.2,78.69,backhand,5v5,0,0,0,0,0,2,87,-10,blocked-shot,12.37,0
2025020943,2026-02-28,192,8483516,STL,36.24,50.6,wrist,6v5,1,0,0,0,0,2,66,-28,delayed-penalty,89.0,0
2025020943,2026-02-28,195,8476462,NJD,33.62,67.25,slap,4v5,0,0,0,0,0,2,76,31,faceoff,29.73,0
2025020943,2026-02-28,196,8481598,STL,49.48,14.04,wrist,5v4,1,1,0,0,0,2,41,12,shot-on-goal,33.62,0
2025020943,2026-02-28,201,8476462,NJD,42.2,13.71,snap,5v4,1,0,0,0,2,2,48,-10,faceoff,29.73,1
2025020943,2026-02-28,207,8481006,STL,58.18,24.36,wrist,5v5,0,0,0,0,0,3,36,24,giveaway,74.67,0
2025020943,2026-02-28,210,8481598,STL,52.8,24.62,wrist,5v5,0,0,0,0,0,3,41,22,faceoff,29.73,0
2025020943,2026-02-28,216,8482077,STL,48.02,31.37,slap,5v4,1,0,0,0,0,3,48,-25,faceoff,29.73,0
2025020943,2026-02-28,219,8484164,STL,28.65,60.75,backhand,5v4,1,0,0,0,0,3,75,-25,blocked-shot,26.08,0
2025020943,2026-02-28,225,8475760,NJD,48.01,1.19,slap,5v5,0,0,0,0,0,3,41,-1,blocked-shot,20.52,0
2025020943,2026-02-28,229,8480281,STL,53.0,31.89,wrist,5v5,0,0,0,0,0,3,44,-28,hit,24.04,0
2025020943,2026-02-28,238,8483516,STL,29.73,70.35,slap,5v5,0,0,0,0,0,3,79,28,blocked-shot,45.65,0
2025020943,2026-02-28,241,8484164,STL,30.87,65.1,wrist,5v5,0,0,0,0,0,3,76,-28,giveaway,12.73,0
2025020943,2026-02-28,244,8475753,STL,13.0,67.38,backhand,5v5,0,0,0,0,0,3,84,-12,faceoff,29.73,0
2025020943,2026-02-28,245,8483495,NJD,58.42,6.88,wrist,5v5,0,1,0,0,0,3,31,7,missed-shot,13.0,0
2025020943,2026-02-28,246,8482110,NJD,41.05,2.79,wrist,5v5,0,1,0,0,0,3,48,2,shot-on-goal,58.42,0
2025020943,2026-02-28,253,8482077,STL,15.62,50.19,wrist,5v5,0,0,0,0,0,3,79,12,faceoff,29.73,0
2025020943,2026-02-28,262,8479385,STL,43.42,14.68,wrist,5v5,0,0,0,0,0,3,47,-11,giveaway,93.91,0
2025020943,2026-02-28,263,8478414,NJD,38.91,25.91,wrist,5v5,0,1,0,0,0,3,54,-17,missed-shot,43.42,0
2025020943,2026-02-28,267,8482077,STL,30.81,35.75,wrist,5v5,0,0,0,0,0,3,64,-18,faceoff,29.73,0
2025020943,2026-02-28,270,8483516,STL,65.51,31.26,slap,5v5,0,0,0,0,0,3,33,-34,faceoff,29.73,0
2025020943,2026-02-28,278,8481559,NJD,23.43,50.19,backhand,5v5,0,0,0,0,0,3,74,-18,giveaway,58.0,0
2025020943,2026-02-28,281,8480459,STL,21.63,33.69,wrist,5v5,0,0,0,0,0,3,71,12,blocked-shot,35.36,0
2025020943,2026-02-28,285,8479407,NJD,77.41,5.93,wrist,5v6,0,0,0,1,0,3,12,8,giveaway,79.51,0
2025020943,2026-02-28,292,8482110,NJD,15.52,14.93,wrist,5v6,0,0,0,1,0,3,74,4,giveaway,16.12,0
2025020943,2026-02-28,295,8483516,STL,20.12,63.43,slap,6v5,1,0,0,0,0,3,80,18,faceoff,29.73,0
2025020943,2026-02-28,298,8477402,STL,4.24,45.0,wrist,6v5,1,0,0,0,-1,3,86,-3,blocked-shot,22.36,1
2025020943,2026-02-28,306,8480002,NJD,29.12,15.95,wrist,5v6,0,0,0,1,2,3,61,-8,faceoff,29.73,1
2025020937,2026-02-28,5,8476917,NYI,58.0,43.6,wrist,5v5,0,0,0,0,0,1,47,40,hit,8.0,0
2025020937,2026-02-28,8,8482705,CBJ,42.8,52.59,wrist,5v5,0,0,0,0,0,1,63,34,faceoff,29.73,0
2025020937,2026-02-28,10,8477425,CBJ,36.89,32.83,wrist,5v5,0,0,0,0,0,1,58,20,hit,94.43,0
2025020937,2026-02-28,13,8480806,CBJ,10.0,0.0,tip-in,5v5,0,0,0,0,1,1,79,0,faceoff,29.73,1
2025020937,2026-02-28,22,8477497,CBJ,24.19,7.13,tip-in,5v5,0,0,0,0,0,1,65,3,hit,21.19,0
2025020937,2026-02-28,27,8475745,CBJ,32.45,33.69,wrist,5v5,0,0,0,0,0,1,62,-18,faceoff,72.42,0
2025020937,2026-02-28,30,8477506,NYI,57.71,27.9,wrist,5v5,0,0,0,0,0,1,38,-27,faceoff,29.73,0
2025020937,2026-02-28,37,8476429,NYI,72.56,29.74,wrist,5v5,0,0,0,0,0,1,26,-36,blocked-shot,19.92,0
2025020937,2026-02-28,43,8485366,NYI,15.13,7.59,tip-in,5v5,0,0,0,0,0,1,74,-2,giveaway,64.4,0
2025020937,2026-02-28,48,8478975,CBJ,23.6,53.62,wrist,5v5,0,0,0,0,0,1,75,19,giveaway,17.03,0
2025020937,2026-02-28,49,8480806,CBJ,30.02,29.98,wrist,5v5,0,1,0,0,0,1,63,15,shot-on-goal,23.6,0
2025020937,2026-02-28,50,8477497,CBJ,80.75,7.83,wrist,5v5,0,1,0,0,0,1,9,11,missed-shot,30.02,0
2025020937,2026-02-28,51,8476432,CBJ,5.0,0.0,tip-in,5v5,0,1,0,0,0,1,84,0,shot-on-goal,80.75,0
2025020937,2026-02-28,57,8478460,CBJ,28.64,12.09,snap,5v5,0,0,0,0,0,1,61,6,blocked-shot,52.55,0
2025020937,2026-02-28,58,8483553,NYI,5.66,45.0,tip-in,5v5,0,1,0,0,0,1,85,-4,shot-on-goal,28.64,0
2025020937,2026-02-28,60,8478460,CBJ,26.63,34.29,wrist,5v5,0,0,0,0,0,1,67,15,hit,18.87,0
2025020937,2026-02-28,62,8477506,NYI,14.14,8.13,backhand,5v5,0,0,0,0,0,1,75,-2,hit,8.94,0
2025020937,2026-02-28,63,8483485,CBJ,8.6,54.46,deflected,5v5,0,1,0,0,0,1,84,-7,missed-shot,14.14,0
2025020937,2026-02-28,66,8479671,CBJ,40.25,26.57,wrist,5v5,0,0,0,0,0,1,53,18,faceoff,29.73,0
2025020937,2026-02-28,78,8482476,NYI,17.26,89.66,snap,5v5,0,0,0,0,0,1,92,17,hit,32.02,0
2025020937,2026-02-28,79,8477950,NYI,66.31,23.09,snap,5v5,0,1,0,0,0,1,28,26,missed-shot,17.26,0
2025020937,2026-02-28,82,8477950,NYI,40.31,43.99,snap,5v5,0,0,0,0,0,1,60,-28,faceoff,29.73,0
2025020937,2026-02-28,84,8482476,NYI,7.07,89.18,wrist,5v5,0,0,0,0,0,1,90,7,blocked-shot,44.82,0
2025020937,2026-02-28,87,8477494,NYI,23.77,22.25,wrist,5v5,0,0,0,0,0,1,67,9,giveaway,24.04,0
2025020937,2026-02-28,92,8478460,CBJ,44.65,55.95,snap,5v5,0,0,0,0,0,1,64,37,hit,22.8,0
2025020937,2026-02-28,107,8476292,NYI,38.64,10.44,wrist,5v5,0,0,0,0,0,2,51,-7,blocked-shot,23.85,0
2025020937,2026-02-28,108,8476917,NYI,47.17,21.12,wrist,5v5,0,1,0,0,0,2,45,-17,missed-shot,38.64,0
2025020937,2026-02-28,109,8477500,NYI,31.06,33.18,wrist,5v5,0,1,0,0,0,2,63,-17,shot-on-goal,47.17,0
2025020937,2026-02-28,116,8477506,NYI,59.46,19.65,snap,5v5,0,0,0,0,0,2,33,-20,faceoff,72.42,0
2025020937,2026-02-28,120,8476429,NYI,69.46,30.26,snap,5v5,0,0,0,0,0,2,29,-35,hit,12.04,0
2025020937,2026-02-28,123,8479371,CBJ,51.66,47.35,wrist,5v5,0,0,0,0,0,2,54,38,blocked-shot,43.19,0
2025020937,2026-02-28,129,8479671,CBJ,24.41,34.99,tip-in,5v5,0,0,0,0,0,2,69,14,hit,40.5,0
2025020937,2026-02-28,131,8478975,CBJ,28.46,18.43,wrist,5v5,0,0,0,0,2,2,62,-9,blocked-shot,8.06,1
2025020937,2026-02-28,137,8478975,CBJ,70.8,36.38,wrist,5v5,0,0,0,0,0,2,32,42,hit,41.23,0
2025020937,2026-02-28,146,8476917,NYI,60.8,36.3,snap,5v5,0,0,0,0,0,2,40,36,hit,8.94,0
2025020937,2026-02-28,151,8476923,CBJ,65.51,31.26,wrist,5v5,0,0,0,0,0,2,33,34,takeaway,72.01,0
2025020937,2026-02-28,155,8484166,CBJ,19.65,75.26,wrist,5v5,0,0,0,0,0,2,84,19,takeaway,7.62,0
2025020937,2026-02-28,161,8476429,NYI,47.89,28.71,slap,5v5,0,0,0,0,0,2,47,-23,giveaway,3.0,0
2025020937,2026-02-28,163,8483485,CBJ,25.08,4.57,wrist,5v5,0,0,0,0,0,2,64,-2,takeaway,12.04,0
2025020937,2026-02-28,164,8478046,CBJ,7.81,39.81,wrist,5v5,0,1,0,0,0,2,83,-5,shot-on-goal,25.08,0
2025020937,2026-02-28,165,8478046,CBJ,7.81,39.81,wrist,5v5,0,1,0,0,0,2,83,-5,shot-on-goal,7.81,0
2025020937,2026-02-28,168,8480806,CBJ,36.4,52.82,snap,5v5,0,0,0,0,0,2,67,29,blocked-shot,10.0,0
2025020937,2026-02-28,172,8482705,CBJ,11.05,5.19,wrist,5v5,0,0,0,0,0,2,78,-1,faceoff,29.73,0
2025020937,2026-02-28,173,8482705,CBJ,17.03,40.24,backhand,5v5,0,1,0,0,0,2,76,-11,shot-on-goal,11.05,0
2025020937,2026-02-28,174,8478460,CBJ,37.01,38.42,snap,5v5,0,1,0,0,0,2,60,-23,shot-on-goal,17.03,0
2025020937,2026-02-28,175,8482705,CBJ,28.16,16.5,wrist,5v5,0,1,0,0,0,2,62,8,shot-on-goal,37.01,0
2025020937,2026-02-28,176,8476923,CBJ,53.94,10.68,snap,5v5,0,1,0,0,0,2,36,-10,shot-on-goal,28.16,0
2025020937,2026-02-28,177,8475745,CBJ,9.49,71.57,backhand,5v5,0,1,0,0,0,2,86,9,shot-on-goal,53.94,0
2025020937,2026-02-28,185,8476429,NYI,47.3,13.45,backhand,5v5,0,0,0,0,0,2,43,-11,takeaway,10.05,0
2025020937,2026-02-28,186,8475314,NYI,8.25,14.04,wrist,5v5,0,1,0,0,-1,2,81,2,missed-shot,47.3,1
2025020937,2026-02-28,190,8476432,CBJ,65.51,12.34,wrist,5v5,0,0,0,0,0,2,25,14,faceoff,89.0,0
2025020937,2026-02-28,192,8476419,NYI,49.19,26.57,wrist,5v5,0,0,0,0,0,2,45,-22,hit,66.85,0
2025020937,2026-02-28,193,8476419,NYI,7.81,50.19,tip-in,5v5,0,1,0,0,0,2,84,-6,shot-on-goal,49.19,1
2025020937,2026-02-28,197,8485366,NYI,47.85,10.84,slap,5v4,1,0,0,0,0,2,42,-9,faceoff,89.0,0
2025020937,2026-02-28,200,8478445,NYI,8.06,60.26,wrist,5v4,1,0,0,0,0,2,85,7,faceoff,29.73,0
2025020937,2026-02-28,203,8478460,CBJ,38.08,23.2,snap,5v5,0,0,0,0,0,2,54,15,hit,46.04,0
2025020937,2026-02-28,208,8476917,NYI,66.85,34.64,wrist,5v5,0,0,0,0,0,2,34,38,giveaway,37.05,0
2025020937,2026-02-28,209,8478975,CBJ,20.81,54.78,wrist,5v5,0,1,0,0,0,2,77,-17,shot-on-goal,66.85,0
2025020937,2026-02-28,210,8476429,NYI,53.08,47.29,snap,5v5,0,1,0,0,1,2,53,-39,shot-on-goal,20.81,1
2025020937,2026-02-28,214,8485366,NYI,67.6,29.22,snap,5v5,0,0,0,0,0,2,30,33,hit,34.0,0
2025020937,2026-02-28,220,8484166,CBJ,15.81,18.43,tip-in,5v5,0,0,0,0,0,2,74,5,faceoff,29.73,1
2025020937,2026-02-28,223,8476292,NYI,21.21,8.13,wrist,5v5,0,0,0,0,0,2,68,3,giveaway,16.4,0
2025020937,2026-02-28,231,8477500,NYI,14.87,19.65,deflected,5v5,0,0,0,0,0,3,75,-5,faceoff,72.42,0
2025020937,2026-02-28,232,8477500,NYI,12.04,4.76,wrist,5v5,0,1,0,0,0,3,77,-1,shot-on-goal,14.87,0
2025020937,2026-02-28,238,8478460,CBJ,43.01,17.59,wrist,5v5,0,0,0,0,0,3,48,-13,hit,25.71,0
2025020937,2026-02-28,240,8477497,CBJ,83.93,21.67,backhand,5v5,0,0,0,0,0,3,11,31,blocked-shot,24.08,0
2025020937,2026-02-28,241,8477506,NYI,27.78,30.26,wrist,5v5,0,1,0,0,0,3,65,-14,shot-on-goal,83.93,0
2025020937,2026-02-28,242,8476292,NYI,8.06,29.74,wrist,5v5,0,1,0,0,0,3,82,-4,shot-on-goal,27.78,0
2025020937,2026-02-28,243,8476292,NYI,8.6,35.54,wrist,5v5,0,1,0,0,0,3,82,-5,shot-on-goal,8.06,0
2025020937,2026-02-28,244,8476292,NYI,8.94,26.57,tip-in,5v5,0,1,0,0,0,3,81,-4,shot-on-goal,8.6,0
2025020937,2026-02-28,247,8480893,CBJ,48.84,10.62,wrist,5v5,0,0,0,0,0,3,41,9,faceoff,72.42,0
2025020937,2026-02-28,248,8478975,CBJ,33.3,48.65,snap,5v5,0,1,0,0,0,3,67,-25,missed-shot,48.84,0
2025020937,2026-02-28,251,8485366,NYI,65.19,32.47,slap,5v5,0,0,0,0,0,3,34,35,blocked-shot,19.8,0
2025020937,2026-02-28,252,8477506,NYI,35.85,22.99,snap,5v5,0,1,0,0,0,3,56,-14,shot-on-goal,65.19,0
2025020937,2026-02-28,255,8476429,NYI,34.99,30.96,wrist,5v5,0,0,0,0,0,3,59,-18,faceoff,29.73,0
2025020937,2026-02-28,267,8476917,NYI,56.89,10.12,snap,5v5,0,0,0,0,0,3,33,-10,faceoff,29.73,0
2025020937,2026-02-28,278,8482476,NYI,35.69,11.31,snap,5v5,0,0,0,0,0,3,54,-7,faceoff,29.73,0
2025020937,2026-02-28,280,8485366,NYI,72.11,33.69,wrist,5v5,0,0,0,0,0,3,29,40,giveaway,37.01,0
2025020937,2026-02-28,287,8479371,CBJ,54.04,2.12,snap,5v5,0,0,0,0,0,3,35,-2,blocked-shot,32.76,0
2025020937,2026-02-28,291,8477500,NYI,21.4,37.41,deflected,5v5,0,0,0,0,0,3,72,-13,faceoff,29.73,0
2025020937,2026-02-28,297,8483553,NYI,15.3,11.31,tip-in,5v5,0,0,0,0,0,3,74,-3,blocked-shot,47.8,0
2025020937,2026-02-28,299,8476432,CBJ,30.61,38.37,wrist,5v5,0,0,0,0,0,3,65,19,hit,39.56,0
2025020937,2026-02-28,301,8478460,CBJ,54.23,5.29,snap,5v5,0,0,0,0,0,3,35,5,hit,35.13,0
2025020937,2026-02-28,302,8476432,CBJ,14.0,89.59,backhand,5v5,0,1,0,0,0,3,89,-14,missed-shot,54.23,0
2025020937,2026-02-28,308,8480893,CBJ,25.5,25.56,snap,5v5,0,0,0,0,0,3,66,11,giveaway,47.01,0
2025020937,2026-02-28,310,8476917,NYI,52.84,29.48,slap,5v5,0,0,0,0,0,3,43,26,hit,55.15,0
2025020937,2026-02-28,323,8478460,CBJ,38.83,55.49,snap,5v5,0,0,0,0,0,3,67,32,hit,63.41,0
2025020937,2026-02-28,327,8481601,NYI,5.0,0.0,wrist,3v3,0,0,0,0,1,4,84,0,faceoff,89.0,1
2025020938,2026-02-28,2,8477450,CHI,31.78,12.72,snap,5v5,0,0,0,0,0,1,58,-7,faceoff,89.0,0
2025020938,2026-02-28,5,8484144,CHI,37.12,27.26,wrist,5v5,0,0,0,0,0,1,56,-17,takeaway,8.49,0
2025020938,2026-02-28,17,8481806,CHI,61.47,21.97,slap,5v5,0,0,0,0,0,1,32,-23,hit,69.89,0
2025020938,2026-02-28,18,8481624,CHI,30.41,43.67,slap,5v5,0,1,0,0,0,1,67,21,missed-shot,61.47,0
2025020938,2026-02-28,19,8476312,COL,25.18,6.84,wrist,5v5,0,1,0,0,0,1,64,3,shot-on-goal,30.41,0
2025020938,2026-02-28,20,8477476,COL,12.17,80.54,snap,5v5,0,1,0,0,0,1,87,-12,missed-shot,25.18,0
2025020938,2026-02-28,21,8476473,CHI,18.38,67.62,wrist,5v5,0,1,0,0,0,1,82,17,shot-on-goal,12.17,0
2025020938,2026-02-28,23,8476967,COL,58.18,24.36,wrist,5v5,0,0,0,0,0,1,36,-24,hit,72.95,0
2025020938,2026-02-28,29,8477479,CHI,16.16,21.8,wrist,5v5,0,0,0,0,0,1,74,-6,delayed-penalty,89.0,0
2025020938,2026-02-28,30,8476891,CHI,61.68,16.97,wrist,6v5,1,1,0,0,0,1,30,18,missed-shot,16.16,0
2025020938,2026-02-28,34,8484144,CHI,26.91,41.99,snap,5v4,1,0,0,0,1,1,69,-18,faceoff,29.73,1
2025020938,2026-02-28,42,8480835,COL,24.33,9.46,snap,5v5,0,0,0,0,0,1,65,4,blocked-shot,41.23,0
2025020938,2026-02-28,43,8478109,COL,34.13,31.83,wrist,5v5,0,1,0,0,0,1,60,-18,missed-shot,24.33,0
2025020938,2026-02-28,46,8476967,COL,63.51,33.44,wrist,5v5,0,0,0,0,0,1,36,35,faceoff,29.73,0
2025020938,2026-02-28,48,8470613,COL,66.37,30.82,snap,5v5,0,0,0,0,0,1,32,-34,giveaway,10.63,0
2025020938,2026-02-28,49,8482703,CHI,43.14,45.94,snap,5v5,0,1,0,0,0,1,59,-31,missed-shot,66.37,0
2025020938,2026-02-28,54,8482947,COL,40.8,17.1,wrist,5v5,0,0,0,0,0,1,50,12,hit,40.8,0
2025020938,2026-02-28,57,8480039,COL,36.89,32.83,wrist,5v5,0,0,0,0,0,1,58,-20,faceoff,29.73,0
2025020938,2026-02-28,58,8476455,COL,35.34,25.11,snap,5v5,0,1,0,0,0,1,57,15,shot-on-goal,36.89,0
2025020938,2026-02-28,61,8480069,COL,62.27,29.86,wrist,5v5,0,0,0,0,0,1,35,31,faceoff,29.73,0
2025020938,2026-02-28,62,8478109,COL,22.2,7.77,snap,5v5,0,1,0,0,0,1,67,-3,missed-shot,62.27,0
2025020938,2026-02-28,68,8476455,COL,8.6,35.54,backhand,5v5,0,0,0,0,0,1,82,5,hit,28.44,0
2025020938,2026-02-28,69,8477492,COL,50.99,25.56,wrist,5v5,0,1,0,0,0,1,43,22,missed-shot,8.6,0
2025020938,2026-02-28,70,8476455,COL,25.81,35.54,wrist,5v5,0,1,0,0,0,1,68,15,shot-on-goal,50.99,0
2025020938,2026-02-28,78,8480835,COL,44.05,50.53,wrist,4v5,0,0,0,0,0,1,61,34,hit,61.72,0
2025020938,2026-02-28,84,8476455,COL,37.95,18.43,snap,5v5,0,0,0,0,0,1,53,12,giveaway,72.34,0
2025020938,2026-02-28,88,8482947,COL,62.01,0.92,wrist,5v5,0,0,0,0,0,1,27,1,blocked-shot,12.21,0
2025020938,2026-02-28,91,8484258,COL,56.32,6.12,wrist,5v5,0,0,0,0,0,1,33,6,faceoff,29.73,0
2025020938,2026-02-28,98,8477501,COL,25.3,18.43,backhand,5v5,0,0,0,0,0,1,65,-8,blocked-shot,14.87,0
2025020938,2026-02-28,100,8477501,COL,90.24,12.8,wrist,5v5,0,0,0,0,0,1,1,20,hit,34.01,0
2025020938,2026-02-28,104,8476967,COL,58.59,27.44,wrist,5v5,0,0,0,0,0,1,37,27,blocked-shot,37.11,0
2025020938,2026-02-28,112,8475754,COL,40.72,24.68,slap,5v4,1,0,0,0,0,1,52,-17,faceoff,29.73,0
2025020938,2026-02-28,120,8477492,COL,5.66,45.0,wrist,5v4,1,0,0,0,0,2,85,4,blocked-shot,13.0,0
2025020938,2026-02-28,121,8480039,COL,38.42,38.66,wrist,5v4,1,1,0,0,0,2,59,24,shot-on-goal,5.66,0
2025020938,2026-02-28,125,8484258,COL,46.4,37.12,snap,5v5,0,0,0,0,0,2,52,-28,hit,9.22,0
2025020938,2026-02-28,137,8477501,COL,31.58,10.95,snap,4v4,0,0,0,0,0,2,58,-6,faceoff,29.73,0
2025020938,2026-02-28,143,8477492,COL,11.18,63.43,wrist,5v4,1,0,0,0,0,2,84,10,faceoff,29.73,0
2025020938,2026-02-28,145,8480039,COL,42.15,22.31,wrist,5v4,1,0,0,0,0,2,50,16,blocked-shot,19.03,0
2025020938,2026-02-28,148,8477476,COL,7.62,23.2,wrist,5v4,1,0,0,0,0,2,82,3,faceoff,29.73,0
2025020938,2026-02-28,153,8484258,COL,44.38,14.35,wrist,5v5,0,0,0,0,0,2,46,11,faceoff,29.73,0
2025020938,2026-02-28,157,8484258,COL,67.23,22.75,slap,5v5,0,0,0,0,0,2,27,-26,hit,50.45,0
2025020938,2026-02-28,160,8481568,CHI,55.32,12.53,wrist,5v5,0,0,0,0,0,2,35,-12,faceoff,29.73,0
2025020938,2026-02-28,163,8477444,CHI,29.73,42.27,wrist,5v5,0,0,0,0,0,2,67,-20,blocked-shot,53.34,0
2025020938,2026-02-28,165,8480069,COL,52.92,22.2,wrist,5v5,0,0,0,0,0,2,40,-20,hit,45.79,0
2025020938,2026-02-28,166,8477476,COL,11.31,45.0,tip-in,5v5,0,1,0,0,0,2,81,8,shot-on-goal,52.92,0
2025020938,2026-02-28,167,8480069,COL,41.87,40.16,slap,5v5,0,1,0,0,0,2,57,27,missed-shot,11.31,0
2025020938,2026-02-28,170,8484258,COL,39.05,39.81,slap,5v5,0,0,0,0,0,2,59,-25,faceoff,29.73,0
2025020938,2026-02-28,173,8482703,CHI,10.77,21.8,deflected,5v5,0,0,0,0,0,2,79,-4,hit,83.24,0
2025020938,2026-02-28,175,8477450,CHI,30.41,62.59,snap,5v5,0,0,0,0,0,2,75,-27,giveaway,54.45,0
2025020938,2026-02-28,176,8480069,COL,30.68,70.97,wrist,5v5,0,1,0,0,0,2,79,-29,missed-shot,30.41,0
2025020938,2026-02-28,179,8481806,CHI,57.8,30.11,slap,5v5,0,0,0,0,0,2,39,-29,faceoff,72.42,0
2025020938,2026-02-28,181,8484197,CHI,6.08,80.54,backhand,5v5,0,0,0,0,0,2,88,-6,blocked-shot,5.1,0
2025020938,2026-02-28,182,8484197,CHI,6.71,63.43,backhand,5v5,0,1,0,0,0,2,86,-6,shot-on-goal,6.08,0
2025020938,2026-02-28,185,8478109,COL,13.6,53.97,backhand,5v5,0,0,0,0,0,2,81,-11,faceoff,29.73,0
2025020938,2026-02-28,197,8479525,COL,41.3,6.95,wrist,5v5,0,0,0,0,0,2,48,5,faceoff,89.0,0
2025020938,2026-02-28,205,8477492,COL,14.32,65.22,wrist,5v4,1,0,0,0,0,2,83,13,faceoff,29.73,0
2025020938,2026-02-28,206,8477492,COL,14.32,65.22,wrist,5v4,1,1,0,0,0,2,83,13,missed-shot,14.32,0
2025020938,2026-02-28,207,8477492,COL,11.31,45.0,wrist,5v4,1,1,0,0,0,2,81,8,shot-on-goal,14.32,0
2025020938,2026-02-28,208,8480069,COL,28.18,27.47,snap,5v5,0,1,0,0,0,2,64,-13,shot-on-goal,11.31,1
2025020938,2026-02-28,213,8479525,COL,49.66,25.02,wrist,5v5,0,0,0,0,0,3,44,21,faceoff,89.0,0
2025020938,2026-02-28,216,8484258,COL,52.63,14.3,wrist,5v5,0,0,0,0,0,3,38,13,faceoff,29.73,0
2025020938,2026-02-28,219,8481806,CHI,59.44,12.63,slap,5v5,0,0,0,0,0,3,31,-13,faceoff,29.73,0
2025020938,2026-02-28,220,8477479,CHI,11.18,10.3,wrist,5v5,0,1,0,0,0,3,78,-2,shot-on-goal,59.44,0
2025020938,2026-02-28,222,8484144,CHI,39.01,1.47,snap,6v5,1,0,0,0,0,3,50,1,delayed-penalty,89.0,0
2025020938,2026-02-28,226,8480835,COL,6.32,71.57,wrist,4v5,0,0,0,0,0,3,87,-6,takeaway,62.97,0
2025020938,2026-02-28,227,8484144,CHI,39.41,35.71,slap,5v4,1,1,0,0,0,3,57,23,shot-on-goal,6.32,0
2025020938,2026-02-28,228,8473422,CHI,10.0,36.87,tip-in,5v4,1,1,0,0,0,3,81,-6,missed-shot,39.41,0
2025020938,2026-02-28,229,8483450,CHI,16.64,32.74,snap,5v5,0,1,0,0,0,3,75,-9,missed-shot,10.0,0
2025020938,2026-02-28,244,8484149,COL,19.1,6.01,wrist,5v5,0,0,0,0,0,3,70,2,blocked-shot,25.0,0
2025020938,2026-02-28,245,8484149,COL,8.6,54.46,wrist,5v5,0,1,0,0,1,3,84,7,shot-on-goal,19.1,1
2025020938,2026-02-28,248,8484144,CHI,46.0,0.0,slap,5v5,0,0,0,0,0,3,43,0,giveaway,38.91,0
2025020938,2026-02-28,255,8477501,COL,36.14,75.58,wrist,5v5,0,0,0,0,0,3,80,35,faceoff,72.42,0
2025020938,2026-02-28,260,8484144,CHI,5.83,59.04,wrist,5v5,0,0,0,0,0,3,86,-5,delayed-penalty,89.0,0
2025020938,2026-02-28,264,8477479,CHI,7.07,8.13,snap,5v4,1,0,0,0,0,3,82,-1,faceoff,29.73,0
2025020938,2026-02-28,267,8481806,CHI,32.02,38.66,snap,5v5,0,0,0,0,0,3,64,-20,giveaway,68.54,0
2025020938,2026-02-28,268,8481624,CHI,60.96,41.01,snap,5v5,0,1,0,0,0,3,43,40,shot-on-goal,32.02,0
2025020938,2026-02-28,275,8478038,COL,48.02,31.37,wrist,5v5,0,0,0,0,0,3,48,25,giveaway,52.4,0
2025020938,2026-02-28,278,8476312,COL,59.68,31.29,wrist,5v5,0,0,0,0,0,3,38,31,hit,36.72,0
2025020938,2026-02-28,281,8478038,COL,58.22,4.93,slap,5v5,0,0,0,0,0,3,31,5,faceoff,29.73,0
2025020938,2026-02-28,285,8476455,COL,63.51,7.24,wrist,5v5,0,0,0,0,0,3,26,-8,blocked-shot,18.36,0
2025020938,2026-02-28,286,8477492,COL,46.62,54.61,wrist,5v5,0,1,0,0,0,3,62,38,shot-on-goal,63.51,0
2025020938,2026-02-28,293,8480069,COL,55.07,29.36,wrist,5v6,0,0,0,1,2,3,41,-27,delayed-penalty,89.0,1
2025020939,2026-02-28,10,8482259,TOR,7.81,39.81,tip-in,5v4,1,0,0,0,0,1,83,5,takeaway,59.91,0
2025020939,2026-02-28,13,8476853,TOR,22.2,35.84,wrist,5v5,0,0,0,0,1,1,71,13,faceoff,29.73,1
2025020939,2026-02-28,16,8478057,TOR,60.42,28.69,wrist,5v5,0,0,0,0,0,1,36,-29,hit,35.06,0
2025020939,2026-02-28,17,8474189,OTT,36.4,37.18,wrist,5v5,0,1,0,0,0,1,60,-22,shot-on-goal,60.42,0
2025020939,2026-02-28,22,8482245,OTT,29.41,54.69,wrist,5v5,0,0,0,0,0,1,72,-24,giveaway,64.03,0
2025020939,2026-02-28,23,8478020,OTT,20.02,2.86,wrist,5v5,0,1,0,0,0,1,69,1,shot-on-goal,29.41,0
2025020939,2026-02-28,30,8473512,OTT,88.81,7.77,wrist,5v5,0,0,0,0,0,1,1,12,hit,37.12,0
2025020939,2026-02-28,36,8478020,OTT,20.0,36.87,snap,5v5,0,0,0,0,0,1,73,12,hit,53.91,0
2025020939,2026-02-28,40,8478469,OTT,31.26,7.35,wrist,5v5,0,0,0,0,0,1,58,4,blocked-shot,40.31,1
2025020939,2026-02-28,44,8482105,OTT,65.37,29.31,slap,5v5,0,0,0,0,0,1,32,32,faceoff,89.0,0
2025020939,2026-02-28,45,8473512,OTT,16.0,0.0,snap,5v5,0,1,0,0,0,1,73,0,shot-on-goal,65.37,0
2025020939,2026-02-28,46,8481596,OTT,32.65,49.97,snap,5v5,0,1,0,0,0,1,68,25,missed-shot,16.0,0
2025020939,2026-02-28,48,8476393,OTT,42.54,23.55,wrist,5v5,0,0,0,0,0,1,50,17,hit,12.73,0
2025020939,2026-02-28,51,8482095,OTT,55.66,17.78,wrist,5v5,0,0,0,0,0,1,36,17,faceoff,29.73,0
2025020939,2026-02-28,52,8481528,OTT,18.38,67.62,backhand,5v5,0,1,0,0,0,1,82,17,missed-shot,55.66,0
2025020939,2026-02-28,53,8475324,OTT,66.65,27.72,wrist,5v5,0,1,0,0,0,1,30,-31,shot-on-goal,18.38,0
2025020939,2026-02-28,54,8482092,OTT,8.6,35.54,wrist,5v5,0,1,0,0,0,1,82,5,missed-shot,66.65,0
2025020939,2026-02-28,55,8480801,OTT,25.24,56.31,wrist,5v5,0,1,0,0,0,1,75,21,shot-on-goal,8.6,0
2025020939,2026-02-28,59,8482116,OTT,25.3,71.57,snap,5v4,1,0,0,0,0,1,81,-24,hit,37.12,0
2025020939,2026-02-28,60,8481596,OTT,29.15,30.96,snap,5v4,1,1,0,0,0,1,64,-15,shot-on-goal,25.3,0
2025020939,2026-02-28,63,8481606,OTT,45.65,28.81,slap,5v4,1,0,0,0,0,1,49,22,faceoff,29.73,0
2025020939,2026-02-28,66,8483676,OTT,9.22,49.4,tip-in,5v4,1,0,0,0,0,1,83,-7,blocked-shot,26.17,0
2025020939,2026-02-28,67,8482092,OTT,53.76,46.51,wrist,5v5,0,1,0,0,0,1,52,39,shot-on-goal,9.22,0
2025020939,2026-02-28,79,8481596,OTT,45.25,45.0,wrist,5v5,0,0,0,0,0,1,57,-32,hit,12.04,0
2025020939,2026-02-28,80,8481596,OTT,12.04,48.37,deflected,5v5,0,1,0,0,0,1,81,9,shot-on-goal,45.25,0
2025020939,2026-02-28,87,8478020,OTT,10.63,48.81,wrist,5v5,0,0,0,0,0,1,82,8,takeaway,42.54,0
2025020939,2026-02-28,88,8482116,OTT,35.23,34.59,wrist,5v5,0,1,0,0,0,1,60,20,missed-shot,10.63,0
2025020939,2026-02-28,92,8482105,OTT,43.97,17.2,wrist,5v5,0,0,0,0,0,1,47,13,hit,37.05,0
2025020939,2026-02-28,97,8480801,OTT,52.47,7.67,wrist,5v5,0,0,0,0,0,2,37,7,giveaway,80.53,0
2025020939,2026-02-28,98,8480208,OTT,12.81,38.66,wrist,5v5,0,1,0,0,0,2,79,8,shot-on-goal,52.47,0
2025020939,2026-02-28,101,8482105,OTT,46.17,4.97,wrist,5v5,0,0,0,0,0,2,43,-4,faceoff,29.73,0
2025020939,2026-02-28,102,8479318,TOR,11.4,52.13,between-legs,5v5,0,1,0,0,0,2,82,-9,missed-shot,46.17,0
2025020939,2026-02-28,103,8479318,TOR,7.21,56.31,backhand,5v5,0,1,0,0,0,2,85,-6,shot-on-goal,11.4,0
2025020939,2026-02-28,105,8480188,OTT,25.24,33.69,tip-in,5v5,0,0,0,0,0,2,68,14,takeaway,13.45,0
2025020939,2026-02-28,109,8481528,OTT,7.21,56.31,wrist,5v5,0,0,0,0,1,2,85,-6,blocked-shot,7.28,1
2025020939,2026-02-28,111,8478469,OTT,53.15,4.32,slap,5v5,0,0,0,0,0,2,36,4,faceoff,89.0,0
2025020939,2026-02-28,114,8482245,OTT,64.14,30.96,slap,5v5,0,0,0,0,0,2,34,-33,hit,36.01,0
2025020939,2026-02-28,116,8475166,TOR,31.78,12.72,tip-in,5v5,0,0,0,0,0,2,58,7,hit,76.55,0
2025020939,2026-02-28,120,8482259,TOR,36.88,40.6,wrist,5v5,0,0,0,0,0,2,61,24,hit,27.46,0
2025020939,2026-02-28,122,8481122,TOR,53.15,41.19,wrist,5v5,0,0,0,0,0,2,49,35,blocked-shot,21.95,0
2025020939,2026-02-28,124,8481582,TOR,19.8,45.0,snap,5v5,0,0,0,0,0,2,75,-14,giveaway,6.0,0
2025020939,2026-02-28,132,8478469,OTT,58.18,28.77,wrist,5v5,0,0,0,0,0,2,38,-28,faceoff,29.73,0
2025020939,2026-02-28,137,8483676,OTT,44.1,3.9,wrist,5v5,0,0,0,0,0,2,45,-3,blocked-shot,7.81,0
2025020939,2026-02-28,143,8478020,OTT,16.55,25.02,wrist,5v5,0,0,0,0,0,2,74,-7,giveaway,48.05,0
2025020939,2026-02-28,146,8481596,OTT,18.38,45.0,tip-in,5v5,0,0,0,0,0,2,76,-13,faceoff,29.73,0
2025020939,2026-02-28,147,8482105,OTT,43.28,49.69,wrist,5v5,0,1,0,0,0,2,61,33,missed-shot,18.38,0
2025020939,2026-02-28,148,8480208,OTT,36.77,45.0,wrist,5v5,0,1,0,0,0,2,63,-26,missed-shot,43.28,0
2025020939,2026-02-28,149,8480188,OTT,8.6,54.46,wrist,5v5,0,1,0,0,0,2,84,-7,shot-on-goal,36.77,0
2025020939,2026-02-28,150,8480208,OTT,21.26,41.19,wrist,5v5,0,1,0,0,2,2,73,-14,shot-on-goal,8.6,1
2025020939,2026-02-28,154,8476872,TOR,48.27,39.96,wrist,5v5,0,0,0,0,0,2,52,31,hit,81.49,0
2025020939,2026-02-28,155,8477939,TOR,10.82,33.69,snap,5v5,0,1,0,0,0,2,80,6,shot-on-goal,48.27,0
2025020939,2026-02-28,156,8477939,TOR,4.24,45.0,wrist,5v5,0,1,0,0,0,2,86,-3,missed-shot,10.82,0
2025020939,2026-02-28,157,8477939,TOR,2.24,63.43,poke,5v5,0,1,0,0,-1,2,88,-2,shot-on-goal,4.24,1
2025020939,2026-02-28,162,8481596,OTT,31.4,37.23,wrist,5v5,0,0,0,0,0,2,64,-19,takeaway,75.27,0
2025020939,2026-02-28,168,8480208,OTT,28.86,14.04,wrist,5v5,0,0,0,0,2,2,61,7,hit,83.57,1
2025020939,2026-02-28,172,8476931,TOR,70.01,0.82,wrist,4v5,0,0,0,0,0,2,19,1,faceoff,89.0,0
2025020939,2026-02-28,173,8481528,OTT,28.18,27.47,wrist,5v4,1,1,0,0,3,2,64,-13,shot-on-goal,70.01,1
2025020939,2026-02-28,175,8477939,TOR,39.56,20.73,wrist,5v5,0,0,0,0,0,2,52,-14,faceoff,89.0,0
2025020939,2026-02-28,176,8481596,OTT,31.38,59.35,wrist,5v5,0,1,0,0,0,2,73,-27,missed-shot,39.56,0
2025020939,2026-02-28,179,8482116,OTT,24.17,65.56,wrist,5v5,0,0,0,0,0,2,79,22,blocked-shot,26.57,0
2025020939,2026-02-28,180,8475324,OTT,13.45,48.01,snap,5v5,0,1,0,0,0,2,80,-10,shot-on-goal,24.17,0
2025020939,2026-02-28,188,8479318,TOR,32.8,37.57,wrist,5v5,0,0,0,0,0,2,63,20,giveaway,22.02,0
2025020939,2026-02-28,189,8482259,TOR,27.89,14.53,tip-in,5v5,0,1,0,0,0,2,62,-7,shot-on-goal,32.8,0
2025020939,2026-02-28,202,8476931,TOR,52.92,22.2,wrist,5v5,0,0,0,0,0,3,40,20,faceoff,29.73,0
2025020939,2026-02-28,203,8477503,TOR,39.05,76.68,wrist,5v5,0,1,0,0,0,3,80,38,shot-on-goal,52.92,0
2025020939,2026-02-28,207,8475171,TOR,59.0,0.0,slap,5v5,0,0,0,0,0,3,30,0,faceoff,29.73,0
2025020939,2026-02-28,209,8481711,TOR,58.18,28.77,wrist,5v5,0,0,0,0,0,3,38,28,blocked-shot,45.49,0
2025020939,2026-02-28,212,8479442,TOR,51.43,26.57,wrist,5v5,0,0,0,0,0,3,43,-23,giveaway,13.45,0
2025020939,2026-02-28,215,8482092,OTT,32.2,36.16,wrist,5v5,0,0,0,0,0,3,63,-19,hit,76.55,0
2025020939,2026-02-28,235,8475324,OTT,50.21,44.19,wrist,5v5,0,0,0,0,0,3,53,-35,faceoff,29.73,0
2025020939,2026-02-28,240,8481582,TOR,54.64,34.56,wrist,5v5,0,0,0,0,0,3,44,31,faceoff,29.73,0
2025020939,2026-02-28,246,8477939,TOR,41.62,35.22,wrist,5v5,0,0,0,0,0,3,55,24,giveaway,48.37,0
2025020939,2026-02-28,249,8478443,TOR,65.55,21.48,wrist,5v5,0,0,0,0,0,3,28,-24,hit,26.93,0
2025020939,2026-02-28,256,8480801,OTT,30.48,41.01,wrist,4v4,0,0,0,0,0,3,66,20,faceoff,29.73,0
2025020939,2026-02-28,259,8480801,OTT,28.07,4.09,wrist,4v4,0,0,0,0,0,3,61,2,giveaway,74.3,0
2025020939,2026-02-28,261,8476853,TOR,44.0,0.0,wrist,4v4,0,0,0,0,0,3,45,0,blocked-shot,11.66,0
2025020939,2026-02-28,267,8477939,TOR,55.01,27.03,wrist,4v4,0,0,0,0,0,3,40,25,faceoff,29.73,0
2025020939,2026-02-28,268,8477939,TOR,38.63,21.25,wrist,4v4,0,1,0,0,0,3,53,-14,shot-on-goal,55.01,0
2025020939,2026-02-28,269,8480208,OTT,17.12,6.71,wrist,4v4,0,1,0,0,0,3,72,-2,missed-shot,38.63,0
2025020939,2026-02-28,271,8480801,OTT,39.36,27.22,wrist,5v5,0,0,0,0,0,3,54,18,hit,41.11,0
2025020939,2026-02-28,278,8482259,TOR,23.26,64.54,wrist,5v4,1,0,0,0,0,3,79,21,hit,10.3,0
2025020939,2026-02-28,279,8482259,TOR,8.94,63.43,wrist,5v4,1,1,0,0,0,3,85,8,shot-on-goal,23.26,0
2025020939,2026-02-28,281,8478462,TOR,38.29,40.76,snap,5v5,0,0,0,0,0,3,60,-25,giveaway,22.14,0
2025020939,2026-02-28,282,8481122,TOR,54.56,48.72,wrist,5v5,0,1,0,0,0,3,53,41,missed-shot,38.29,0
2025020939,2026-02-28,285,8481596,OTT,27.73,25.64,wrist,5v5,0,0,0,0,0,3,64,12,faceoff,29.73,0
2025020939,2026-02-28,286,8481596,OTT,38.21,42.88,slap,5v5,0,1,0,0,0,3,61,26,missed-shot,27.73,0
2025020939,2026-02-28,289,8478443,TOR,43.14,45.94,slap,5v5,0,0,0,0,0,3,59,-31,hit,85.88,0
2025020939,2026-02-28,293,8476931,TOR,43.38,64.03,wrist,5v5,0,0,0,0,0,3,70,39,giveaway,59.06,0
2025020939,2026-02-28,294,8478443,TOR,49.82,10.41,slap,5v5,0,1,0,0,0,3,40,-9,missed-shot,43.38,0
2025020939,2026-02-28,296,8476853,TOR,87.3,9.89,wrist,5v5,0,0,0,0,0,3,3,15,hit,37.12,0
2025020939,2026-02-28,300,8480801,OTT,26.4,24.62,wrist,5v4,1,0,0,0,0,3,65,11,faceoff,29.73,0
2025020939,2026-02-28,303,8481528,OTT,37.58,25.2,wrist,5v4,1,0,0,0,0,3,55,-16,faceoff,29.73,0
2025020939,2026-02-28,304,8481596,OTT,16.12,7.13,tip-in,5v4,1,1,0,0,0,3,73,2,shot-on-goal,37.58,0
2025020939,2026-02-28,306,8481596,OTT,32.65,40.03,snap,5v5,0,0,0,0,0,3,64,-21,blocked-shot,9.49,0
2025020939,2026-02-28,312,8484158,TOR,10.2,11.31,backhand,5v5,0,0,0,0,0,3,79,-2,giveaway,34.44,0
2025020939,2026-02-28,313,8481606,OTT,59.0,0.0,snap,5v5,0,1,0,0,0,3,30,0,shot-on-goal,10.2,0
2025020940,2026-02-28,3,8481540,MTL,21.02,25.35,snap,5v5,0,0,0,0,1,1,70,-9,blocked-shot,59.14,1
2025020940,2026-02-28,6,8481656,WSH,40.36,41.99,snap,5v5,0,0,0,0,0,1,59,27,hit,13.89,0
2025020940,2026-02-28,7,8482087,MTL,43.27,33.69,snap,5v5,0,1,0,0,0,1,53,24,shot-on-goal,40.36,0
2025020940,2026-02-28,9,8482775,MTL,6.32,71.57,tip-in,5v5,0,0,0,0,0,1,87,-6,hit,22.8,0
2025020940,2026-02-28,10,8484186,WSH,41.87,40.16,snap,5v5,0,1,0,0,0,1,57,27,missed-shot,6.32,0
2025020940,2026-02-28,18,8478851,MTL,44.28,6.48,slap,5v5,0,0,0,0,0,1,45,-5,faceoff,29.73,0
2025020940,2026-02-28,26,8471214,WSH,19.92,17.53,tip-in,5v5,0,0,0,0,0,1,70,-6,faceoff,29.73,0
2025020940,2026-02-28,32,8480865,MTL,41.04,43.03,snap,5v5,0,0,0,0,0,1,59,28,faceoff,29.73,0
2025020940,2026-02-28,37,8483515,MTL,14.87,42.27,snap,5v4,1,0,0,0,0,1,78,10,faceoff,29.73,0
2025020940,2026-02-28,38,8475343,WSH,10.82,89.36,wrist,4v5,0,1,0,0,0,1,95,9,missed-shot,14.87,0
2025020940,2026-02-28,45,8471214,WSH,36.89,32.83,slap,5v4,1,0,0,0,0,1,58,20,blocked-shot,10.0,0
2025020940,2026-02-28,46,8471214,WSH,36.88,49.4,slap,5v4,1,1,0,0,0,1,65,28,missed-shot,36.89,0
2025020940,2026-02-28,49,8483573,WSH,8.54,20.56,snap,5v4,1,0,0,0,0,1,81,-3,faceoff,29.73,0
2025020940,2026-02-28,50,8480796,WSH,60.93,23.2,slap,5v5,0,1,0,0,0,1,33,24,shot-on-goal,8.54,0
2025020940,2026-02-28,53,8481656,WSH,27.2,53.97,snap,5v5,0,0,0,0,0,1,73,-22,faceoff,29.73,0
2025020940,2026-02-28,60,8481540,MTL,7.81,39.81,snap,5v5,0,0,0,0,0,1,83,5,hit,9.9,0
2025020940,2026-02-28,63,8484984,MTL,36.67,25.87,snap,5v5,0,0,0,0,0,1,56,16,faceoff,29.73,0
2025020940,2026-02-28,65,8480990,WSH,65.86,30.07,slap,5v5,0,0,0,0,0,1,32,33,takeaway,58.73,0
2025020940,2026-02-28,66,8471214,WSH,10.63,41.19,snap,5v5,0,1,0,0,0,1,81,-7,shot-on-goal,65.86,1
2025020940,2026-02-28,72,8481540,MTL,6.4,51.34,backhand,5v5,0,0,0,0,1,1,85,-5,blocked-shot,7.21,1
2025020940,2026-02-28,78,8481540,MTL,7.81,50.19,wrist,5v5,0,0,0,0,0,1,84,6,takeaway,15.62,0
2025020940,2026-02-28,85,8483457,MTL,51.01,1.12,snap,5v5,0,0,0,0,0,1,38,1,faceoff,29.73,0
2025020940,2026-02-28,98,8471214,WSH,34.89,62.7,snap,5v5,0,0,0,0,0,2,73,-31,faceoff,29.73,0
2025020940,2026-02-28,99,8478440,WSH,9.43,32.01,snap,5v5,0,1,0,0,0,2,81,5,shot-on-goal,34.89,0
2025020940,2026-02-28,100,8478440,WSH,10.0,36.87,snap,5v5,0,1,0,0,0,2,81,6,missed-shot,9.43,0
2025020940,2026-02-28,102,8478440,WSH,6.71,26.57,snap,5v5,0,0,0,0,0,2,83,-3,hit,19.8,0
2025020940,2026-02-28,103,8480018,MTL,55.79,14.53,snap,5v5,0,1,0,0,0,2,35,14,shot-on-goal,6.71,0
2025020940,2026-02-28,108,8479400,WSH,26.0,22.62,snap,5v5,0,0,0,0,0,2,65,10,blocked-shot,8.94,0
2025020940,2026-02-28,110,8479345,WSH,18.44,40.6,snap,5v5,0,0,0,0,0,2,75,-12,blocked-shot,55.36,0
2025020940,2026-02-28,111,8482775,MTL,39.7,49.09,snap,5v5,0,1,0,0,0,2,63,30,shot-on-goal,18.44,0
2025020940,2026-02-28,123,8480018,MTL,25.3,18.43,snap,5v5,0,0,0,0,0,2,65,-8,giveaway,23.77,0
2025020940,2026-02-28,126,8478851,MTL,38.01,63.43,snap,5v5,0,0,0,0,0,2,72,-34,faceoff,29.73,0
2025020940,2026-02-28,129,8484186,WSH,13.0,22.62,tip-in,5v5,0,0,0,0,0,2,77,-5,faceoff,29.73,0
2025020940,2026-02-28,130,8479400,WSH,15.81,34.7,tip-in,5v5,0,1,0,0,0,2,76,-9,missed-shot,13.0,0
2025020940,2026-02-28,131,8483515,MTL,39.62,42.95,snap,5v5,0,1,0,0,0,2,60,27,missed-shot,15.81,0
2025020940,2026-02-28,136,8479345,WSH,70.71,28.74,snap,5v5,0,0,0,0,0,2,27,34,blocked-shot,20.62,0
2025020940,2026-02-28,139,8480865,MTL,35.47,40.43,wrist,5v5,0,0,0,0,0,2,62,23,faceoff,29.73,0
2025020940,2026-02-28,145,8480018,MTL,28.6,53.53,snap,5v4,1,0,0,0,0,2,72,23,faceoff,29.73,0
2025020940,2026-02-28,147,8484984,MTL,23.41,70.02,snap,5v4,1,0,0,0,0,2,81,-22,blocked-shot,24.41,0
2025020940,2026-02-28,148,8484984,MTL,5.39,21.8,snap,5v4,1,1,0,0,0,2,84,-2,missed-shot,23.41,0
2025020940,2026-02-28,150,8483515,MTL,20.02,2.86,tip-in,5v4,1,0,0,0,0,2,69,1,blocked-shot,18.03,0
2025020940,2026-02-28,151,8481540,MTL,8.06,7.13,tip-in,5v4,1,1,0,0,0,2,81,1,missed-shot,20.02,0
2025020940,2026-02-28,152,8476875,MTL,18.44,12.53,snap,5v5,0,1,0,0,2,2,71,-4,missed-shot,8.06,1
2025020940,2026-02-28,156,8482737,MTL,8.6,35.54,tip-in,5v5,0,0,0,0,0,2,82,-5,blocked-shot,9.9,0
2025020940,2026-02-28,161,8479400,WSH,29.83,13.57,snap,5v5,0,0,0,0,0,2,60,7,giveaway,69.34,0
2025020940,2026-02-28,164,8479345,WSH,31.32,16.7,snap,5v5,0,0,0,0,0,2,59,-9,blocked-shot,38.33,0
2025020940,2026-02-28,165,8476880,WSH,5.83,59.04,snap,5v5,0,1,0,0,0,2,86,-5,missed-shot,31.32,0
2025020940,2026-02-28,169,8482087,MTL,12.37,75.96,backhand,5v5,0,0,0,0,0,2,86,-12,hit,52.33,0
2025020940,2026-02-28,173,8479400,WSH,43.05,30.74,snap,5v5,0,0,0,0,0,2,52,22,faceoff,29.73,0
2025020940,2026-02-28,174,8481656,WSH,16.4,52.43,snap,5v5,0,1,0,0,0,2,79,13,shot-on-goal,43.05,0
2025020940,2026-02-28,176,8481523,MTL,34.48,16.86,snap,5v5,0,0,0,0,3,2,56,-10,hit,41.23,1
2025020940,2026-02-28,179,8483457,MTL,32.89,70.46,snap,5v5,0,0,0,0,0,2,78,-31,blocked-shot,15.0,0
2025020940,2026-02-28,184,8479400,WSH,9.22,49.4,snap,5v4,1,0,0,0,0,2,83,-7,faceoff,29.73,0
2025020940,2026-02-28,185,8478133,MTL,48.02,58.63,snap,4v5,0,1,0,0,0,2,64,41,shot-on-goal,9.22,0
2025020940,2026-02-28,192,8478463,WSH,14.32,12.09,tip-in,5v5,0,0,0,0,0,2,75,3,faceoff,29.73,0
2025020940,2026-02-28,193,8481656,WSH,93.11,24.09,snap,5v5,0,1,0,0,0,2,4,38,missed-shot,14.32,0
2025020940,2026-02-28,199,8478911,WSH,57.27,24.78,snap,5v5,0,0,0,0,0,3,37,-24,faceoff,29.73,0
2025020940,2026-02-28,205,8478851,MTL,50.7,14.86,slap,5v5,0,0,0,0,0,3,40,-13,giveaway,88.01,0
2025020940,2026-02-28,215,8477845,WSH,32.57,72.12,snap,5v5,0,0,0,0,0,3,79,-31,takeaway,7.21,0
2025020940,2026-02-28,218,8476875,MTL,50.92,19.5,snap,5v5,0,0,0,0,0,3,41,17,hit,8.06,0
2025020940,2026-02-28,223,8481580,WSH,17.72,16.39,snap,4v4,0,0,0,0,0,3,72,5,faceoff,29.73,0
2025020940,2026-02-28,229,8480796,WSH,11.4,52.13,tip-in,4v4,0,0,0,0,0,3,82,9,delayed-penalty,89.0,0
2025020940,2026-02-28,233,8481580,WSH,63.69,22.14,deflected,5v4,1,0,0,0,0,3,30,-24,giveaway,78.71,0
2025020940,2026-02-28,234,8481580,WSH,10.63,41.19,snap,5v4,1,1,0,0,0,3,81,-7,shot-on-goal,63.69,0
2025020940,2026-02-28,235,8483573,WSH,9.85,23.96,snap,5v4,1,1,0,0,0,3,80,-4,shot-on-goal,10.63,0
2025020940,2026-02-28,238,8479345,WSH,33.3,41.35,snap,5v4,1,0,0,0,0,3,64,22,faceoff,29.73,0
2025020940,2026-02-28,240,8484984,MTL,12.04,41.63,wrist,5v5,0,0,0,0,0,3,80,8,giveaway,69.29,0
2025020940,2026-02-28,247,8478440,WSH,85.91,24.78,snap,5v5,0,0,0,0,0,3,11,36,blocked-shot,38.47,0
2025020940,2026-02-28,248,8471214,WSH,9.0,0.0,snap,5v5,0,1,0,0,-2,3,80,0,shot-on-goal,85.91,1
2025020940,2026-02-28,256,8483515,MTL,28.0,0.0,snap,5v5,0,0,0,0,0,3,61,0,delayed-penalty,89.0,0
2025020940,2026-02-28,260,8480018,MTL,35.36,45.0,slap,5v4,1,0,0,0,0,3,64,25,faceoff,29.73,0
2025020940,2026-02-28,261,8483515,MTL,29.07,63.43,snap,5v4,1,1,0,0,0,3,76,-26,missed-shot,35.36,0
2025020940,2026-02-28,266,8481540,MTL,9.22,77.47,snap,5v4,1,0,0,0,0,3,87,9,blocked-shot,19.21,0
2025020940,2026-02-28,271,8471214,WSH,63.69,22.14,snap,5v5,0,0,0,0,0,3,30,-24,giveaway,86.41,0
2025020940,2026-02-28,274,8480018,MTL,48.55,57.62,backhand,5v6,0,0,0,1,3,3,63,41,faceoff,29.73,1
2025020940,2026-02-28,277,8479520,WSH,30.15,84.29,snap,5v5,0,0,0,0,0,3,86,30,giveaway,64.01,0
2025020940,2026-02-28,284,8476880,WSH,8.25,14.04,wrist,6v4,1,0,0,0,0,3,81,-2,blocked-shot,5.39,0
2025020940,2026-02-28,285,8478133,MTL,45.19,65.14,wrist,4v6,0,1,0,1,4,3,70,41,missed-shot,8.25,1
2025020940,2026-02-28,287,8476875,MTL,66.49,12.15,snap,4v5,0,0,0,0,0,3,24,14,faceoff,89.0,0
2025020940,2026-02-28,288,8482088,WSH,24.0,0.0,snap,5v4,1,1,0,0,0,3,65,0,shot-on-goal,66.49,0
2025020941,2026-02-28,2,8476878,TBL,15.23,66.8,backhand,5v5,0,0,0,0,0,1,83,-14,faceoff,89.0,0
2025020941,2026-02-28,12,8475167,TBL,60.21,32.11,slap,5v5,0,0,0,0,0,1,38,32,hit,65.6,0
2025020941,2026-02-28,14,8477949,BUF,64.4,36.16,wrist,5v5,0,0,0,0,0,1,37,-38,hit,56.59,0
2025020941,2026-02-28,15,8477949,BUF,14.32,77.91,backhand,5v5,0,1,0,0,0,1,86,14,missed-shot,64.4,0
2025020941,2026-02-28,19,8480807,BUF,29.73,42.27,snap,5v5,0,0,0,0,0,1,67,20,hit,81.49,0
2025020941,2026-02-28,22,8482097,BUF,20.0,36.87,wrist,5v5,0,0,0,0,0,1,73,12,faceoff,29.73,0
2025020941,2026-02-28,23,8480839,BUF,32.28,16.19,wrist,5v5,0,1,0,0,0,1,58,-9,shot-on-goal,20.0,0
2025020941,2026-02-28,24,8482097,BUF,10.44,16.7,tip-in,5v5,0,1,0,0,0,1,79,3,missed-shot,32.28,0
2025020941,2026-02-28,25,8480839,BUF,37.48,9.21,wrist,5v5,0,1,0,0,1,1,52,-6,missed-shot,10.44,1
2025020941,2026-02-28,28,8476453,TBL,12.65,71.57,wrist,5v5,0,0,0,0,0,1,85,-12,takeaway,48.02,0
2025020941,2026-02-28,29,8476453,TBL,6.0,89.05,wrist,5v5,0,1,0,0,0,1,89,-6,shot-on-goal,12.65,0
2025020941,2026-02-28,32,8480064,BUF,19.8,45.0,wrist,5v5,0,0,0,0,2,1,75,-14,faceoff,72.42,1
2025020941,2026-02-28,34,8482655,TBL,42.05,2.73,snap,5v5,0,0,0,0,0,1,47,-2,faceoff,89.0,0
2025020941,2026-02-28,37,8479542,TBL,36.06,33.69,wrist,5v5,0,0,0,0,0,1,59,20,faceoff,29.73,0
2025020941,2026-02-28,38,8477404,TBL,50.99,48.18,snap,5v5,0,1,0,0,0,1,55,-38,missed-shot,36.06,0
2025020941,2026-02-28,39,8479542,TBL,32.2,25.77,wrist,5v5,0,1,0,0,0,1,60,14,shot-on-goal,50.99,0
2025020941,2026-02-28,48,8482671,BUF,50.7,14.86,slap,5v5,0,0,0,0,0,1,40,-13,hit,36.12,0
2025020941,2026-02-28,49,8480064,BUF,8.25,14.04,tip-in,5v5,0,1,0,0,3,1,81,2,missed-shot,50.7,1
2025020941,2026-02-28,52,8479542,TBL,38.64,79.56,wrist,5v5,0,0,0,0,0,1,82,-38,hit,69.63,0
2025020941,2026-02-28,59,8477404,TBL,12.37,14.04,backhand,5v5,0,0,0,0,0,1,77,3,giveaway,58.86,0
2025020941,2026-02-28,62,8482201,TBL,8.06,60.26,tip-in,5v5,0,0,0,0,0,1,85,7,giveaway,52.95,0
2025020941,2026-02-28,66,8477404,TBL,10.0,53.13,wrist,5v4,1,0,0,0,0,1,83,-8,faceoff,29.73,0
2025020941,2026-02-28,71,8478519,TBL,16.49,14.04,wrist,5v5,0,0,0,0,0,1,73,-4,faceoff,29.73,0
2025020941,2026-02-28,72,8478519,TBL,9.0,0.0,tip-in,5v5,0,1,0,0,0,1,80,0,shot-on-goal,16.49,0
2025020941,2026-02-28,73,8479542,TBL,15.65,63.43,wrist,5v5,0,1,0,0,0,1,82,-14,missed-shot,9.0,0
2025020941,2026-02-28,76,8482659,BUF,17.69,47.29,snap,5v5,0,0,0,0,0,1,77,13,blocked-shot,52.8,0
2025020941,2026-02-28,87,8479420,BUF,9.22,40.6,wrist,5v5,0,0,0,0,4,1,82,6,hit,29.27,1
2025020941,2026-02-28,94,8482659,BUF,58.0,43.6,wrist,5v5,0,0,0,0,0,1,47,-40,hit,45.62,0
2025020941,2026-02-28,99,8481522,BUF,12.21,34.99,wrist,5v5,0,0,0,0,0,1,79,-7,takeaway,37.48,0
2025020941,2026-02-28,100,8482929,TBL,49.34,17.7,wrist,5v5,0,1,0,0,0,1,42,15,missed-shot,12.21,0
2025020941,2026-02-28,101,8478519,TBL,11.4,15.26,backhand,5v5,0,1,0,0,0,1,78,3,shot-on-goal,49.34,0
2025020941,2026-02-28,102,8477949,BUF,4.47,26.57,backhand,5v5,0,1,0,0,0,1,85,-2,missed-shot,11.4,0
2025020941,2026-02-28,106,8482201,TBL,15.26,31.61,wrist,5v5,0,0,0,0,0,1,76,-8,blocked-shot,10.0,0
2025020941,2026-02-28,112,8482655,TBL,62.2,4.61,slap,5v5,0,0,0,0,0,1,27,-5,faceoff,29.73,0
2025020941,2026-02-28,117,8480802,BUF,28.79,20.32,snap,5v5,0,0,0,0,0,1,62,-10,blocked-shot,22.2,0
2025020941,2026-02-28,123,8479420,BUF,29.7,45.0,snap,5v5,0,0,0,0,0,2,68,-21,hit,89.89,0
2025020941,2026-02-28,126,8481524,BUF,15.0,36.87,backhand,5v5,0,0,0,0,0,2,77,-9,faceoff,29.73,0
2025020941,2026-02-28,127,8481522,BUF,38.9,17.97,slap,5v5,0,1,0,0,0,2,52,12,shot-on-goal,15.0,0
2025020941,2026-02-28,130,8482671,BUF,52.33,45.0,wrist,5v5,0,0,0,0,0,2,52,37,faceoff,29.73,0
2025020941,2026-02-28,131,8479542,TBL,22.67,41.42,wrist,5v5,0,1,0,0,0,2,72,15,shot-on-goal,52.33,0
2025020941,2026-02-28,132,8482671,BUF,61.77,29.05,wrist,5v5,0,1,0,0,0,2,35,-30,shot-on-goal,22.67,0
2025020941,2026-02-28,135,8484305,BUF,30.15,5.71,wrist,5v5,0,0,0,0,5,2,59,-3,giveaway,34.71,1
2025020941,2026-02-28,137,8477416,TBL,41.0,12.68,slap,5v5,0,0,0,0,0,2,49,-9,faceoff,89.0,0
2025020941,2026-02-28,142,8478178,TBL,55.97,18.76,slap,5v5,0,0,0,0,0,2,36,-18,blocked-shot,39.12,0
2025020941,2026-02-28,146,8480807,BUF,51.43,26.57,snap,5v5,0,0,0,0,0,2,43,-23,blocked-shot,18.44,0
2025020941,2026-02-28,148,8482097,BUF,29.15,30.96,wrist,5v5,0,0,0,0,0,2,64,15,giveaway,51.09,0
2025020941,2026-02-28,151,8482671,BUF,68.43,26.94,slap,5v5,0,0,0,0,0,2,28,31,faceoff,29.73,0
2025020941,2026-02-28,156,8476878,TBL,11.05,5.19,tip-in,5v5,0,0,0,0,0,2,78,1,hit,23.09,0
2025020941,2026-02-28,161,8480064,BUF,15.56,45.0,tip-in,5v5,0,0,0,0,0,2,78,-11,hit,55.87,0
2025020941,2026-02-28,162,8482201,TBL,10.0,0.0,tip-in,5v5,0,1,0,0,0,2,79,0,missed-shot,15.56,0
2025020941,2026-02-28,167,8480802,BUF,15.03,3.81,wrist,4v4,0,0,0,0,0,2,74,-1,faceoff,72.42,0
2025020941,2026-02-28,168,8479420,BUF,27.46,33.11,wrist,4v4,0,1,0,0,0,2,66,15,shot-on-goal,15.03,0
2025020941,2026-02-28,169,8475167,TBL,56.8,26.11,slap,4v4,0,1,0,0,0,2,38,-25,shot-on-goal,27.46,0
2025020941,2026-02-28,170,8484305,BUF,18.79,64.8,wrist,4v4,0,1,0,0,0,2,81,-17,missed-shot,56.8,0
2025020941,2026-02-28,171,8484305,BUF,7.62,66.8,wrist,4v4,0,1,0,0,0,2,86,7,shot-on-goal,18.79,0
2025020941,2026-02-28,177,8479420,BUF,33.62,59.62,wrist,5v5,0,0,0,0,0,2,72,-29,blocked-shot,10.2,0
2025020941,2026-02-28,181,8475722,BUF,11.4,52.13,backhand,5v4,1,0,0,0,0,2,82,-9,faceoff,29.73,0
2025020941,2026-02-28,186,8480839,BUF,11.4,37.87,wrist,5v4,1,0,0,0,0,2,80,7,giveaway,43.57,0
2025020941,2026-02-28,187,8475722,BUF,8.0,0.0,wrist,5v4,1,1,0,0,0,2,81,0,shot-on-goal,11.4,0
2025020941,2026-02-28,189,8477949,BUF,34.83,50.83,wrist,5v4,1,0,0,0,0,2,67,-27,giveaway,91.68,0
2025020941,2026-02-28,194,8479420,BUF,30.36,17.24,snap,5v4,1,0,0,0,0,2,60,-9,faceoff,72.42,0
2025020941,2026-02-28,197,8479420,BUF,24.08,48.37,wrist,5v4,1,0,0,0,0,2,73,18,faceoff,29.73,0
2025020941,2026-02-28,200,8477949,BUF,28.43,39.29,wrist,5v4,1,0,0,0,0,2,67,18,faceoff,29.73,0
2025020941,2026-02-28,203,8477949,BUF,17.0,28.07,wrist,5v4,1,0,0,0,0,2,74,-8,faceoff,29.73,0
2025020941,2026-02-28,204,8477404,TBL,37.58,25.2,slap,5v5,0,1,0,0,0,2,55,-16,missed-shot,17.0,0
2025020941,2026-02-28,205,8477416,TBL,33.24,21.16,snap,5v5,0,1,0,0,0,2,58,-12,missed-shot,37.58,0
2025020941,2026-02-28,206,8476453,TBL,41.73,45.97,wrist,5v5,0,1,0,0,0,2,60,-30,shot-on-goal,33.24,0
2025020941,2026-02-28,211,8483752,TBL,8.0,0.0,wrist,5v5,0,0,0,0,-4,2,81,0,giveaway,66.03,1
2025020941,2026-02-28,215,8477416,TBL,12.53,61.39,wrist,4v4,0,0,0,0,0,2,83,-11,faceoff,89.0,0
2025020941,2026-02-28,218,8478178,TBL,26.17,43.45,wrist,4v4,0,0,0,0,0,2,70,-18,faceoff,29.73,0
2025020941,2026-02-28,219,8481524,BUF,29.73,47.73,wrist,4v4,0,1,0,0,0,2,69,22,shot-on-goal,26.17,0
2025020941,2026-02-28,220,8482671,BUF,24.19,7.13,wrist,4v4,0,1,0,0,0,2,65,3,shot-on-goal,29.73,0
2025020941,2026-02-28,225,8476826,TBL,68.51,33.69,wrist,5v5,0,0,0,0,0,2,32,38,hit,15.81,0
2025020941,2026-02-28,227,8477949,BUF,41.62,35.22,snap,5v5,0,0,0,0,0,2,55,-24,hit,43.86,0
2025020941,2026-02-28,232,8475167,TBL,16.64,57.26,wrist,5v5,0,0,0,0,0,2,80,14,hit,55.87,0
2025020941,2026-02-28,235,8477416,TBL,13.6,72.9,wrist,5v5,0,0,0,0,0,2,85,13,faceoff,29.73,0
2025020941,2026-02-28,241,8478178,TBL,65.37,29.31,slap,5v5,0,0,0,0,0,3,32,-32,hit,86.31,0
2025020941,2026-02-28,247,8482929,TBL,60.44,16.34,snap,5v5,0,0,0,0,0,3,31,-17,hit,15.81,0
2025020941,2026-02-28,257,8481524,BUF,40.8,17.1,wrist,4v4,0,0,0,0,0,3,50,-12,faceoff,29.73,0
2025020941,2026-02-28,263,8477949,BUF,47.01,1.22,wrist,5v4,1,0,0,0,5,3,42,-1,faceoff,29.73,1
2025020941,2026-02-28,265,8480995,TBL,30.61,51.63,snap,5v5,0,0,0,0,0,3,70,24,faceoff,89.0,0
2025020941,2026-02-28,266,8478416,TBL,16.0,0.0,tip-in,5v5,0,1,0,0,0,3,73,0,shot-on-goal,30.61,0
2025020941,2026-02-28,270,8475167,TBL,46.07,27.12,slap,5v5,0,0,0,0,-4,3,48,21,takeaway,53.04,1
2025020941,2026-02-28,273,8476878,TBL,17.2,54.46,wrist,5v5,0,0,0,0,0,3,79,14,blocked-shot,11.4,0
2025020941,2026-02-28,276,8482671,BUF,48.76,28.14,wrist,5v5,0,0,0,0,0,3,46,-23,faceoff,29.73,0
2025020941,2026-02-28,277,8479359,BUF,7.21,33.69,backhand,5v5,0,1,0,0,0,3,83,-4,shot-on-goal,48.76,0
2025020941,2026-02-28,280,8479359,BUF,10.05,5.71,tip-in,5v5,0,0,0,0,0,3,79,-1,delayed-penalty,89.0,0
2025020941,2026-02-28,281,8481524,BUF,58.08,2.96,slap,6v5,1,1,0,0,0,3,31,-3,shot-on-goal,10.05,0
2025020941,2026-02-28,290,8476453,TBL,50.45,39.37,wrist,5v5,0,0,0,0,0,3,50,-32,giveaway,12.17,0
2025020941,2026-02-28,294,8480995,TBL,48.51,8.3,snap,5v5,0,0,0,0,0,3,41,-7,giveaway,67.42,0
2025020941,2026-02-28,297,8477416,TBL,28.3,32.01,wrist,5v5,0,0,0,0,0,3,65,-15,hit,26.48,0
2025020941,2026-02-28,305,8479542,TBL,40.85,21.54,snap,4v5,0,0,0,0,0,3,51,15,faceoff,89.0,0
2025020941,2026-02-28,307,8483500,BUF,6.71,26.57,wrist,5v4,1,0,0,0,0,3,83,-3,giveaway,46.75,0
2025020941,2026-02-28,312,8482929,TBL,64.2,4.47,wrist,5v5,0,0,0,0,0,3,25,-5,faceoff,89.0,0
2025020941,2026-02-28,313,8479542,TBL,15.52,14.93,wrist,5v5,0,1,0,0,0,3,74,-4,shot-on-goal,64.2,0
2025020941,2026-02-28,319,8479542,TBL,20.62,39.09,wrist,5v5,0,0,0,0,0,3,73,-13,giveaway,10.82,0
2025020941,2026-02-28,324,8481524,BUF,25.02,89.77,wrist,4v5,0,0,0,0,0,3,90,-25,faceoff,29.73,0
2025020941,2026-02-28,325,8479542,TBL,10.3,60.95,wrist,5v4,1,1,0,0,0,3,84,-9,shot-on-goal,25.02,0
2025020941,2026-02-28,327,8478178,TBL,28.43,50.71,wrist,5v4,1,0,0,0,0,3,71,22,blocked-shot,39.01,0
2025020941,2026-02-28,328,8476453,TBL,38.95,41.88,slap,5v4,1,1,0,0,0,3,60,-26,shot-on-goal,28.43,0
2025020941,2026-02-28,331,8477416,TBL,30.0,53.13,slap,5v4,1,0,0,0,0,3,71,24,faceoff,29.73,0
2025020942,2026-02-28,3,8475279,DET,50.21,44.19,wrist,5v5,0,0,0,0,0,1,53,35,hit,18.38,0
2025020942,2026-02-28,5,8479337,DET,27.59,43.53,wrist,5v5,0,0,0,0,0,1,69,19,blocked-shot,44.29,0
2025020942,2026-02-28,11,8481542,DET,63.6,36.69,wrist,5v5,0,0,0,0,0,1,38,-38,giveaway,62.97,0
2025020942,2026-02-28,12,8482702,CAR,11.7,19.98,tip-in,5v5,0,1,0,0,0,1,78,4,missed-shot,63.6,0
2025020942,2026-02-28,18,8474037,DET,33.42,51.07,wrist,5v5,0,0,0,0,0,1,68,26,blocked-shot,8.49,0
2025020942,2026-02-28,21,8480817,CAR,63.91,20.14,wrist,5v5,0,0,0,0,0,1,29,22,faceoff,29.73,0
2025020942,2026-02-28,28,8482809,CAR,4.47,63.43,wrap-around,5v5,0,0,0,0,0,1,87,4,faceoff,29.73,0
2025020942,2026-02-28,45,8482093,CAR,72.72,31.5,backhand,5v5,0,0,0,0,0,1,27,38,giveaway,36.88,0
2025020942,2026-02-28,50,8482809,CAR,29.15,30.96,slap,5v5,0,0,0,0,0,1,64,15,blocked-shot,35.23,0
2025020942,2026-02-28,63,8479942,DET,7.07,8.13,snap,5v5,0,0,0,0,0,1,82,-1,faceoff,29.73,0
2025020942,2026-02-28,66,8482093,CAR,9.22,12.53,backhand,5v5,0,0,0,0,0,1,80,2,hit,29.02,0
2025020942,2026-02-28,70,8477946,DET,67.74,31.11,wrist,5v5,0,0,0,0,0,1,31,-35,hit,73.35,0
2025020942,2026-02-28,73,8475791,CAR,5.66,45.0,wrist,5v5,0,0,0,0,1,1,85,4,blocked-shot,43.93,1
2025020942,2026-02-28,75,8480336,CAR,63.41,37.95,snap,5v5,0,0,0,0,0,1,39,-39,faceoff,89.0,0
2025020942,2026-02-28,78,8482809,CAR,13.93,68.96,wrist,5v5,0,0,0,0,0,1,84,-13,takeaway,69.01,0
2025020942,2026-02-28,84,8477940,CAR,64.14,30.96,snap,5v5,0,0,0,0,0,1,34,33,hit,47.8,0
2025020942,2026-02-28,87,8477946,DET,34.67,33.23,backhand,5v5,0,0,0,0,0,1,60,-19,faceoff,29.73,0
2025020942,2026-02-28,92,8478427,CAR,45.62,26.0,wrist,5v5,0,0,0,0,0,1,48,20,giveaway,96.01,0
2025020942,2026-02-28,99,8476873,CAR,17.46,23.63,wrist,5v5,0,0,0,0,0,1,73,7,giveaway,89.01,0
2025020942,2026-02-28,101,8480762,CAR,14.87,70.35,snap,5v5,0,0,0,0,0,1,84,14,blocked-shot,29.07,0
2025020942,2026-02-28,106,8476906,CAR,29.12,15.95,snap,5v5,0,0,0,0,0,1,61,8,delayed-penalty,89.0,0
2025020942,2026-02-28,109,8478427,CAR,25.55,59.42,snap,5v4,1,0,0,0,0,1,76,22,faceoff,29.73,0
2025020942,2026-02-28,110,8478427,CAR,38.28,33.27,snap,5v4,1,1,0,0,2,1,57,21,shot-on-goal,25.55,1
2025020942,2026-02-28,118,8480817,CAR,58.67,29.62,snap,5v5,0,0,0,0,0,2,38,29,hit,10.3,0
2025020942,2026-02-28,122,8477940,CAR,41.87,40.16,wrist,5v5,0,0,0,0,0,2,57,27,giveaway,86.01,0
2025020942,2026-02-28,126,8482809,CAR,14.87,70.35,wrist,5v5,0,0,0,0,0,2,84,-14,hit,44.65,0
2025020942,2026-02-28,127,8481607,DET,74.06,34.55,wrist,5v5,0,1,0,0,0,2,28,42,shot-on-goal,14.87,0
2025020942,2026-02-28,132,8480762,CAR,7.28,15.95,wrist,5v5,0,0,0,0,3,2,82,2,giveaway,81.3,1
2025020942,2026-02-28,135,8481542,DET,68.48,28.81,wrist,5v5,0,0,0,0,0,2,29,-33,blocked-shot,49.73,0
2025020942,2026-02-28,136,8474141,DET,14.87,42.27,snap,5v5,0,1,0,0,0,2,78,-10,shot-on-goal,68.48,0
2025020942,2026-02-28,137,8479337,DET,43.28,40.31,wrist,5v5,0,1,0,0,0,2,56,28,shot-on-goal,14.87,0
2025020942,2026-02-28,140,8477940,CAR,33.84,55.84,wrist,5v5,0,0,0,0,0,2,70,28,faceoff,29.73,0
2025020942,2026-02-28,141,8478970,CAR,41.11,71.57,snap,5v5,0,1,0,0,0,2,76,-39,shot-on-goal,33.84,0
2025020942,2026-02-28,142,8477946,DET,21.93,46.85,wrist,5v5,0,1,0,0,0,2,74,16,missed-shot,41.11,0
2025020942,2026-02-28,149,8477478,CAR,18.36,29.36,backhand,5v5,0,0,0,0,0,2,73,9,faceoff,29.73,0
2025020942,2026-02-28,156,8475279,DET,21.93,46.85,wrist,5v5,0,0,0,0,0,2,74,16,faceoff,29.73,0
2025020942,2026-02-28,164,8483464,DET,38.05,3.01,snap,5v5,0,0,0,0,0,2,51,2,blocked-shot,32.25,0
2025020942,2026-02-28,165,8476958,CAR,16.28,47.49,wrist,5v5,0,1,0,0,0,2,78,-12,missed-shot,38.05,0
2025020942,2026-02-28,171,8482702,CAR,8.49,45.0,wrist,5v5,0,0,0,0,0,2,83,6,takeaway,73.39,0
2025020942,2026-02-28,173,8479942,DET,8.54,20.56,wrist,5v5,0,0,0,0,0,2,81,-3,hit,21.84,0
2025020942,2026-02-28,177,8477429,DET,8.6,54.46,wrist,5v5,0,0,0,0,0,2,84,7,giveaway,80.78,0
2025020942,2026-02-28,179,8475279,DET,36.24,62.02,snap,5v5,0,0,0,0,0,2,72,32,giveaway,42.2,0
2025020942,2026-02-28,181,8482093,CAR,9.85,23.96,bat,5v5,0,0,0,0,0,2,80,-4,blocked-shot,19.7,0
2025020942,2026-02-28,184,8482809,CAR,8.06,29.74,wrap-around,5v5,0,0,0,0,0,2,82,4,faceoff,29.73,0
2025020942,2026-02-28,190,8480336,CAR,58.94,14.74,snap,5v5,0,0,0,0,0,2,32,15,giveaway,11.4,0
2025020942,2026-02-28,193,8482093,CAR,6.08,80.54,wrist,5v5,0,0,0,0,0,2,88,-6,blocked-shot,50.29,0
2025020942,2026-02-28,194,8480817,CAR,49.09,33.37,slap,5v5,0,1,0,0,0,2,48,-27,shot-on-goal,6.08,0
2025020942,2026-02-28,197,8477456,DET,26.68,12.99,snap,5v5,0,0,0,0,0,2,63,-6,faceoff,29.73,0
2025020942,2026-02-28,198,8483464,DET,40.61,52.0,wrist,5v5,0,1,0,0,0,2,64,32,shot-on-goal,26.68,0
2025020942,2026-02-28,199,8484471,DET,9.85,66.04,wrist,5v5,0,1,0,0,0,2,85,9,shot-on-goal,40.61,0
2025020942,2026-02-28,206,8480830,CAR,8.94,26.57,snap,5v5,0,0,0,0,0,2,81,-4,hit,75.8,0
2025020942,2026-02-28,210,8477946,DET,25.08,4.57,backhand,5v5,0,0,0,0,0,2,64,-2,blocked-shot,49.09,0
2025020942,2026-02-28,211,8479992,DET,6.4,51.34,backhand,5v5,0,1,0,0,0,2,85,-5,shot-on-goal,25.08,0
2025020942,2026-02-28,216,8482762,DET,27.78,30.26,snap,4v4,0,0,0,0,-2,2,65,14,faceoff,29.73,1
2025020942,2026-02-28,220,8481542,DET,31.0,0.0,snap,4v4,0,0,0,0,0,2,58,0,giveaway,57.45,0
2025020942,2026-02-28,221,8474141,DET,24.04,45.0,snap,5v5,0,1,0,0,-1,2,72,17,shot-on-goal,31.0,1
2025020942,2026-02-28,223,8479337,DET,27.51,70.91,backhand,5v5,0,0,0,0,0,2,80,26,faceoff,89.0,0
2025020942,2026-02-28,224,8477429,DET,7.62,23.2,wrist,5v5,0,1,0,0,0,2,82,3,shot-on-goal,27.51,0
2025020942,2026-02-28,225,8479337,DET,31.4,52.77,wrist,5v5,0,1,0,0,0,2,70,-25,shot-on-goal,7.62,0
2025020942,2026-02-28,233,8477940,CAR,36.8,42.8,slap,5v5,0,0,0,0,0,3,62,25,hit,41.59,0
2025020942,2026-02-28,240,8476906,CAR,31.24,39.81,snap,5v5,0,0,0,0,2,3,65,20,takeaway,46.14,1
2025020942,2026-02-28,246,8475279,DET,42.94,62.24,wrist,5v5,0,0,0,0,0,3,69,-38,faceoff,29.73,0
2025020942,2026-02-28,247,8483464,DET,7.21,33.69,backhand,5v5,0,1,0,0,0,3,83,-4,shot-on-goal,42.94,0
2025020942,2026-02-28,250,8476921,CAR,34.54,22.11,backhand,5v5,0,0,0,0,0,3,57,13,faceoff,29.73,0
2025020942,2026-02-28,257,8480817,CAR,30.81,35.75,snap,5v5,0,0,0,0,0,3,64,18,faceoff,72.42,0
2025020942,2026-02-28,258,8477456,DET,32.65,49.97,wrist,5v5,0,1,0,0,0,3,68,25,shot-on-goal,30.81,0
2025020942,2026-02-28,262,8478891,DET,62.2,36.5,wrist,5v5,0,0,0,0,0,3,39,-37,giveaway,9.22,0
2025020942,2026-02-28,263,8482809,CAR,23.85,33.02,wrist,5v5,0,1,0,0,3,3,69,-13,shot-on-goal,62.2,1
2025020942,2026-02-28,265,8481542,DET,27.66,49.4,wrist,5v5,0,0,0,0,0,3,71,-21,faceoff,89.0,0
2025020942,2026-02-28,274,8475791,CAR,52.01,52.03,wrist,4v4,0,0,0,0,0,3,57,-41,faceoff,29.73,0
2025020942,2026-02-28,282,8479337,DET,79.62,11.59,wrist,5v5,0,0,0,0,0,3,11,-16,giveaway,57.2,0
2025020942,2026-02-28,288,8482093,CAR,30.61,38.37,wrist,5v5,0,0,0,0,0,3,65,-19,hit,27.29,0
2025020942,2026-02-28,292,8476873,CAR,10.63,41.19,snap,5v5,0,0,0,0,0,3,81,-7,faceoff,29.73,0
2025020942,2026-02-28,296,8476958,CAR,57.31,29.25,snap,5v5,0,0,0,0,0,3,39,28,faceoff,29.73,0
2025020942,2026-02-28,302,8480830,CAR,17.72,73.61,wrist,5v4,1,0,0,0,0,3,84,17,faceoff,29.73,0
2025020942,2026-02-28,303,8478427,CAR,44.01,21.32,snap,5v4,1,1,0,0,0,3,48,16,shot-on-goal,17.72,0
2025020942,2026-02-28,306,8475279,DET,18.25,89.68,wrist,4v5,0,0,0,0,0,3,92,-18,faceoff,29.73,0
2025020942,2026-02-28,312,8480762,CAR,25.0,0.0,tip-in,5v4,1,0,0,0,0,3,64,0,faceoff,29.73,0
2025020942,2026-02-28,314,8476906,CAR,58.52,19.98,slap,5v4,1,0,0,0,0,3,34,-20,hit,28.0,0
2025020942,2026-02-28,316,8477478,CAR,31.06,86.31,wrist,5v5,0,0,0,0,0,3,87,31,hit,8.54,0
2025020942,2026-02-28,317,8476873,CAR,22.2,35.84,snap,5v5,0,1,0,0,0,3,71,13,missed-shot,31.06,0
2025020944,2026-02-28,6,8480727,CGY,67.54,25.43,wrist,5v5,0,0,0,0,0,1,28,-29,giveaway,49.65,0
2025020944,2026-02-28,7,8474150,CGY,19.92,17.53,wrist,5v5,0,1,0,0,0,1,70,6,shot-on-goal,67.54,0
2025020944,2026-02-28,8,8482155,LAK,26.17,6.58,backhand,5v5,0,1,0,0,0,1,63,-3,missed-shot,19.92,0
2025020944,2026-02-28,18,8482165,CGY,52.8,37.3,wrist,5v5,0,0,0,0,0,1,47,32,hit,12.81,0
2025020944,2026-02-28,24,8482730,LAK,30.87,24.9,wrist,5v5,0,0,0,0,0,1,61,-13,takeaway,67.12,0
2025020944,2026-02-28,28,8484860,CGY,33.24,15.71,snap,5v5,0,0,0,0,0,1,57,-9,blocked-shot,41.11,0
2025020944,2026-02-28,29,8481532,LAK,41.4,37.15,wrist,5v5,0,1,0,0,0,1,56,25,shot-on-goal,33.24,0
2025020944,2026-02-28,32,8483609,CGY,41.62,35.22,wrist,5v5,0,0,0,0,0,1,55,-24,faceoff,29.73,0
2025020944,2026-02-28,41,8471685,LAK,12.0,0.0,deflected,5v5,0,0,0,0,0,1,77,0,faceoff,89.0,0
2025020944,2026-02-28,47,8484860,CGY,20.25,20.22,snap,5v5,0,0,0,0,0,1,70,7,hit,10.77,0
2025020944,2026-02-28,48,8482124,LAK,89.96,24.29,wrist,5v5,0,1,0,0,0,1,7,37,missed-shot,20.25,0
2025020944,2026-02-28,50,8475172,CGY,42.01,1.36,wrist,5v5,0,0,0,0,0,1,47,-1,hit,79.4,0
2025020944,2026-02-28,53,8482408,LAK,48.17,48.37,wrist,5v5,0,0,0,0,0,1,57,36,hit,27.66,0
2025020944,2026-02-28,54,8475208,LAK,36.24,27.98,wrist,5v5,0,1,0,0,0,1,57,-17,missed-shot,48.17,0
2025020944,2026-02-28,56,8483406,LAK,31.3,63.43,slap,5v5,0,0,0,0,0,1,75,28,blocked-shot,48.17,0
2025020944,2026-02-28,57,8482679,CGY,42.05,64.65,wrist,5v5,0,1,0,0,0,1,71,-38,shot-on-goal,31.3,0
2025020944,2026-02-28,58,8474150,CGY,32.45,33.69,wrist,5v5,0,1,0,0,0,1,62,-18,shot-on-goal,42.05,0
2025020944,2026-02-28,59,8480028,CGY,5.39,21.8,tip-in,5v5,0,1,0,0,0,1,84,2,shot-on-goal,32.45,0
2025020944,2026-02-28,61,8482155,LAK,30.89,60.95,wrist,5v5,0,0,0,0,0,1,74,-27,blocked-shot,6.71,0
2025020944,2026-02-28,68,8482730,LAK,31.11,45.0,slap,5v5,0,0,0,0,0,1,67,22,faceoff,89.0,0
2025020944,2026-02-28,70,8481556,CGY,61.59,32.4,wrist,5v5,0,0,0,0,0,1,37,33,hit,21.02,0
2025020944,2026-02-28,80,8482679,CGY,48.66,9.46,snap,5v5,0,0,0,0,0,1,41,8,hit,18.36,0
2025020944,2026-02-28,81,8482124,LAK,30.46,23.2,wrist,5v5,0,1,0,0,0,1,61,12,shot-on-goal,48.66,0
2025020944,2026-02-28,82,8482155,LAK,10.0,53.13,wrist,5v5,0,1,0,0,0,1,83,8,shot-on-goal,30.46,0
2025020944,2026-02-28,86,8478550,LAK,41.15,25.94,wrist,5v5,0,0,0,0,0,1,52,18,faceoff,29.73,0
2025020944,2026-02-28,87,8482730,LAK,39.62,79.82,wrist,5v5,0,1,0,0,0,1,82,-39,shot-on-goal,41.15,0
2025020944,2026-02-28,92,8471685,LAK,14.32,65.22,wrist,5v5,0,0,0,0,0,1,83,13,blocked-shot,22.02,0
2025020944,2026-02-28,96,8482679,CGY,30.07,3.81,snap,5v5,0,0,0,0,0,1,59,2,hit,38.21,0
2025020944,2026-02-28,97,8481556,CGY,25.55,59.42,slap,5v5,0,1,0,0,0,1,76,22,shot-on-goal,30.07,0
2025020944,2026-02-28,98,8482679,CGY,33.24,6.91,wrist,5v5,0,1,0,0,0,1,56,4,shot-on-goal,25.55,0
2025020944,2026-02-28,99,8470621,LAK,46.62,35.39,wrist,5v5,0,1,0,0,0,1,51,-27,missed-shot,33.24,0
2025020944,2026-02-28,101,8482074,CGY,49.01,1.17,snap,5v5,0,0,0,0,0,1,40,-1,blocked-shot,10.3,0
2025020944,2026-02-28,107,8478550,LAK,37.59,28.61,wrist,5v5,0,0,0,0,0,1,56,18,faceoff,29.73,0
2025020944,2026-02-28,110,8476441,LAK,33.62,59.62,wrist,5v5,0,0,0,0,0,1,72,-29,faceoff,29.73,0
2025020944,2026-02-28,112,8483609,CGY,38.9,46.04,wrist,5v5,0,0,0,0,0,1,62,-28,hit,30.41,0
2025020944,2026-02-28,121,8475172,CGY,36.22,6.34,wrist,5v5,0,0,0,0,0,1,53,-4,blocked-shot,9.85,0
2025020944,2026-02-28,128,8482074,CGY,55.36,16.8,wrist,5v5,0,0,0,0,0,2,36,16,faceoff,29.73,0
2025020944,2026-02-28,129,8471685,LAK,11.18,10.3,tip-in,5v5,0,1,0,0,0,2,78,2,missed-shot,55.36,0
2025020944,2026-02-28,131,8475172,CGY,43.42,28.93,wrist,5v5,0,0,0,0,0,2,51,-21,giveaway,51.62,0
2025020944,2026-02-28,136,8483406,LAK,21.59,76.61,wrist,5v5,0,0,0,0,0,2,84,-21,takeaway,66.22,0
2025020944,2026-02-28,137,8482408,LAK,6.32,71.57,wrist,5v5,0,1,0,0,0,2,87,6,shot-on-goal,21.59,0
2025020944,2026-02-28,138,8483406,LAK,6.32,71.57,wrap-around,5v5,0,1,0,0,0,2,87,6,missed-shot,6.32,0
2025020944,2026-02-28,139,8483406,LAK,6.08,80.54,snap,5v5,0,1,0,0,0,2,88,6,shot-on-goal,6.32,0
2025020944,2026-02-28,142,8476441,LAK,55.79,14.53,wrist,5v5,0,0,0,0,0,2,35,14,faceoff,29.73,0
2025020944,2026-02-28,143,8471685,LAK,12.17,9.46,deflected,5v5,0,1,0,0,0,2,77,2,missed-shot,55.79,0
2025020944,2026-02-28,149,8482155,LAK,96.25,23.9,wrist,5v5,0,0,0,0,0,2,1,39,blocked-shot,11.7,0
2025020944,2026-02-28,151,8477810,CGY,54.2,29.88,slap,5v5,0,0,0,0,0,2,42,27,hit,49.65,0
2025020944,2026-02-28,153,8481532,LAK,28.16,6.12,snap,5v5,0,0,0,0,0,2,61,3,blocked-shot,16.0,0
2025020944,2026-02-28,154,8481532,LAK,18.36,29.36,wrist,5v5,0,1,0,0,0,2,73,9,shot-on-goal,28.16,0
2025020944,2026-02-28,157,8484860,CGY,74.03,1.55,wrist,5v5,0,0,0,0,0,2,15,2,hit,93.47,0
2025020944,2026-02-28,159,8484860,CGY,14.0,0.0,snap,5v5,0,0,0,0,0,2,75,0,blocked-shot,23.32,0
2025020944,2026-02-28,160,8480028,CGY,64.88,28.54,wrist,5v5,0,1,0,0,0,2,32,-31,shot-on-goal,14.0,0
2025020944,2026-02-28,165,8478550,LAK,30.81,13.13,snap,5v5,0,0,0,0,0,2,59,-7,blocked-shot,26.17,0
2025020944,2026-02-28,171,8482679,CGY,32.65,40.03,wrist,5v5,0,0,0,0,0,2,64,-21,takeaway,69.2,0
2025020944,2026-02-28,172,8482155,LAK,20.22,89.71,backhand,5v5,0,1,0,0,0,2,92,20,shot-on-goal,32.65,0
2025020944,2026-02-28,174,8482155,LAK,35.17,75.17,wrist,5v5,0,0,0,0,0,2,80,-34,hit,31.4,0
2025020944,2026-02-28,178,8477998,LAK,42.15,67.69,wrist,5v5,0,0,0,0,0,2,73,39,hit,30.27,0
2025020944,2026-02-28,188,8478550,LAK,29.41,17.82,wrist,5v5,0,0,0,0,0,2,61,-9,blocked-shot,39.22,0
2025020944,2026-02-28,189,8477960,LAK,10.05,5.71,deflected,5v5,0,1,0,0,0,2,79,1,missed-shot,29.41,0
2025020944,2026-02-28,197,8481556,CGY,43.86,46.85,wrist,5v5,0,0,0,0,0,2,59,32,faceoff,29.73,0
2025020944,2026-02-28,202,8470621,LAK,24.74,75.96,wrist,5v5,0,0,0,0,0,2,83,-24,faceoff,29.73,0
2025020944,2026-02-28,203,8479421,LAK,60.42,12.43,wrist,5v5,0,1,0,0,0,2,30,13,shot-on-goal,24.74,0
2025020944,2026-02-28,204,8479421,LAK,39.82,38.88,wrist,5v5,0,1,0,0,0,2,58,25,missed-shot,60.42,0
2025020944,2026-02-28,211,8479675,LAK,36.62,34.99,snap,5v5,0,0,0,0,0,2,59,21,giveaway,67.6,0
2025020944,2026-02-28,212,8482155,LAK,14.87,19.65,wrist,5v5,0,1,0,0,0,2,75,-5,missed-shot,36.62,0
2025020944,2026-02-28,213,8482155,LAK,9.43,57.99,wrist,5v5,0,1,0,0,1,2,84,-8,shot-on-goal,14.87,1
2025020944,2026-02-28,215,8479675,LAK,16.12,60.26,wrist,5v5,0,0,0,0,0,2,81,14,faceoff,89.0,0
2025020944,2026-02-28,216,8475172,CGY,15.52,89.62,wrist,5v5,0,1,0,0,0,2,93,-15,shot-on-goal,16.12,0
2025020944,2026-02-28,223,8477346,CGY,48.83,55.01,wrist,5v5,0,0,0,0,0,2,61,-40,blocked-shot,6.71,0
2025020944,2026-02-28,224,8476399,CGY,15.52,14.93,tip-in,5v5,0,1,0,0,0,2,74,4,missed-shot,48.83,0
2025020944,2026-02-28,230,8475172,CGY,10.77,21.8,backhand,5v5,0,0,0,0,0,2,79,4,takeaway,36.77,0
2025020944,2026-02-28,231,8475172,CGY,6.32,18.43,between-legs,5v5,0,1,0,0,0,2,83,-2,shot-on-goal,10.77,0
2025020944,2026-02-28,235,8475172,CGY,23.02,34.38,wrist,5v5,0,0,0,0,0,2,70,13,giveaway,74.43,0
2025020944,2026-02-28,237,8483609,CGY,19.92,17.53,wrist,5v5,0,0,0,0,0,2,70,-6,blocked-shot,24.04,0
2025020944,2026-02-28,241,8478550,LAK,41.11,18.43,slap,5v5,0,0,0,0,0,3,50,-13,faceoff,89.0,0
2025020944,2026-02-28,242,8482730,LAK,60.96,41.01,snap,5v5,0,1,0,0,0,3,43,-40,missed-shot,41.11,0
2025020944,2026-02-28,247,8481068,CGY,90.26,9.57,wrist,5v5,0,0,0,0,0,3,0,15,faceoff,29.73,0
2025020944,2026-02-28,251,8479675,LAK,93.62,23.28,wrist,5v5,0,0,0,0,0,3,3,-37,blocked-shot,50.29,0
2025020944,2026-02-28,254,8484768,CGY,36.14,14.42,wrist,5v5,0,0,0,0,0,3,54,-9,takeaway,87.56,0
2025020944,2026-02-28,256,8480797,CGY,14.0,0.0,tip-in,5v5,0,0,0,0,0,3,75,0,takeaway,35.01,0
2025020944,2026-02-28,257,8480797,CGY,13.15,81.25,backhand,5v5,0,1,0,0,0,3,87,-13,missed-shot,14.0,0
2025020944,2026-02-28,260,8474150,CGY,21.59,89.73,wrist,5v5,0,0,0,0,0,3,94,21,faceoff,29.73,0
2025020944,2026-02-28,262,8483406,LAK,38.08,29.93,wrist,5v5,0,0,0,0,0,3,56,19,hit,53.91,0
2025020944,2026-02-28,267,8484860,CGY,67.6,7.65,tip-in,5v5,0,0,0,0,0,3,22,9,faceoff,72.42,0
2025020944,2026-02-28,268,8475208,LAK,55.87,44.27,wrist,5v5,0,1,0,0,0,3,49,-39,shot-on-goal,67.6,0
2025020944,2026-02-28,269,8477960,LAK,34.0,0.0,wrist,5v5,0,1,0,0,0,3,55,0,missed-shot,55.87,0
2025020944,2026-02-28,273,8482155,LAK,21.93,43.15,wrist,5v5,0,0,0,0,0,3,73,-15,blocked-shot,26.08,0
2025020944,2026-02-28,274,8476441,LAK,26.63,55.71,slap,5v5,0,1,0,0,0,3,74,-22,shot-on-goal,21.93,0
2025020944,2026-02-28,277,8483609,CGY,44.38,14.35,wrist,5v5,0,0,0,0,0,3,46,11,faceoff,29.73,0
2025020944,2026-02-28,278,8483609,CGY,9.22,40.6,backhand,5v5,0,1,0,0,0,3,82,-6,missed-shot,44.38,0
2025020944,2026-02-28,282,8482726,LAK,6.0,89.05,wrap-around,5v5,0,0,0,0,0,3,89,-6,hit,28.44,0
2025020944,2026-02-28,290,8480860,CGY,59.46,19.65,wrist,5v5,0,0,0,0,0,3,33,20,faceoff,29.73,0
2025020944,2026-02-28,291,8480860,CGY,54.33,6.34,wrist,5v5,0,1,0,0,0,3,35,-6,missed-shot,59.46,0
2025020944,2026-02-28,300,8479675,LAK,11.0,0.0,backhand,5v5,0,0,0,0,0,3,78,0,giveaway,76.66,0
2025020944,2026-02-28,301,8482155,LAK,10.63,48.81,bat,5v5,0,1,0,0,0,3,82,8,shot-on-goal,11.0,0
2025020944,2026-02-28,310,8477960,LAK,38.9,43.96,wrist,5v5,0,0,0,0,0,3,61,-27,faceoff,72.42,0
2025020944,2026-02-28,314,8477346,CGY,50.16,4.57,snap,5v5,0,0,0,0,0,3,39,-4,hit,32.25,0
2025020944,2026-02-28,317,8482155,LAK,37.01,1.55,wrist,5v5,0,0,0,0,0,3,52,-1,takeaway,77.49,0
2025020944,2026-02-28,320,8480797,CGY,6.0,0.0,deflected,5v5,0,0,0,0,0,3,83,0,blocked-shot,25.63,0
2025020944,2026-02-28,322,8476399,CGY,13.93,21.04,tip-in,6v5,1,0,0,0,0,3,76,-5,hit,68.6,0
2025020944,2026-02-28,325,8476441,LAK,15.52,89.62,wrist,5v6,0,0,0,1,0,3,93,-15,faceoff,29.73,0
2025020944,2026-02-28,329,8477960,LAK,90.34,26.28,backhand,5v6,0,0,0,1,2,3,8,-40,hit,33.02,1
2025020945,2026-02-28,7,8475158,NSH,25.18,6.84,backhand,5v5,0,0,0,0,0,1,64,-3,giveaway,17.46,0
2025020945,2026-02-28,14,8482740,DAL,6.32,18.43,snap,5v4,1,0,0,0,0,1,83,2,faceoff,29.73,0
2025020945,2026-02-28,18,8484829,DAL,19.31,21.25,tip-in,5v4,1,0,0,0,0,1,71,-7,hit,71.11,0
2025020945,2026-02-28,20,8480246,NSH,54.78,21.41,snap,5v5,0,0,0,0,0,1,38,-20,takeaway,42.95,0
2025020945,2026-02-28,23,8476887,NSH,34.93,76.76,snap,5v5,0,0,0,0,0,1,81,-34,faceoff,29.73,0
2025020945,2026-02-28,24,8479370,NSH,65.22,35.64,wrist,5v5,0,1,0,0,0,1,36,38,shot-on-goal,34.93,0
2025020945,2026-02-28,29,8477454,DAL,22.47,32.28,snap,5v5,0,0,0,0,0,1,70,-12,hit,17.26,0
2025020945,2026-02-28,30,8474564,NSH,35.61,51.84,snap,5v5,0,1,0,0,0,1,67,-28,shot-on-goal,22.47,0
2025020945,2026-02-28,34,8481581,DAL,50.77,32.12,snap,5v5,0,0,0,0,0,1,46,27,hit,70.46,0
2025020945,2026-02-28,37,8480036,DAL,24.6,63.43,snap,5v5,0,0,0,0,0,1,78,22,faceoff,29.73,0
2025020945,2026-02-28,48,8475287,NSH,54.59,8.43,snap,5v5,0,0,0,0,0,1,35,-8,hit,12.73,0
2025020945,2026-02-28,50,8479370,NSH,64.2,18.15,snap,5v5,0,0,0,0,0,1,28,-20,hit,17.89,0
2025020945,2026-02-28,51,8482482,NSH,62.37,12.03,slap,5v5,0,1,0,0,0,1,28,13,missed-shot,64.2,0
2025020945,2026-02-28,52,8482740,DAL,6.08,9.46,backhand,5v5,0,1,0,0,0,1,83,1,shot-on-goal,62.37,0
2025020945,2026-02-28,55,8475168,DAL,45.97,44.12,snap,5v5,0,0,0,0,0,1,56,-32,hit,36.22,0
2025020945,2026-02-28,60,8474600,NSH,36.06,33.69,slap,5v4,1,0,0,0,0,1,59,-20,faceoff,29.73,0
2025020945,2026-02-28,61,8476539,NSH,3.16,18.43,snap,5v4,1,1,0,0,0,1,86,1,shot-on-goal,36.06,0
2025020945,2026-02-28,62,8476887,NSH,4.24,45.0,poke,5v4,1,1,0,0,0,1,86,-3,shot-on-goal,3.16,0
2025020945,2026-02-28,66,8478047,NSH,23.43,50.19,snap,5v4,1,0,0,0,1,1,74,18,blocked-shot,13.6,1
2025020945,2026-02-28,68,8482145,DAL,18.03,19.44,tip-in,5v5,0,0,0,0,0,1,72,-6,faceoff,89.0,0
2025020945,2026-02-28,71,8474564,NSH,26.42,29.48,snap,5v5,0,0,0,0,2,1,66,-13,hit,44.72,1
2025020945,2026-02-28,73,8475168,DAL,29.41,54.69,snap,5v5,0,0,0,0,0,1,72,-24,faceoff,89.0,0
2025020945,2026-02-28,74,8479414,DAL,24.7,21.37,slap,5v5,0,1,0,0,0,1,66,9,shot-on-goal,29.41,0
2025020945,2026-02-28,85,8480878,DAL,58.05,10.92,snap,5v5,0,0,0,0,0,1,32,-11,hit,9.0,0
2025020945,2026-02-28,99,8481581,DAL,50.22,12.65,snap,5v5,0,0,0,0,0,2,40,11,faceoff,29.73,0
2025020945,2026-02-28,107,8480027,DAL,10.63,48.81,snap,5v4,1,0,0,0,0,2,82,-8,takeaway,9.22,0
2025020945,2026-02-28,111,8476902,DAL,20.59,60.95,wrist,5v5,0,0,0,0,0,2,79,18,hit,69.63,0
2025020945,2026-02-28,112,8481581,DAL,37.66,10.71,snap,5v5,0,1,0,0,0,2,52,7,shot-on-goal,20.59,0
2025020945,2026-02-28,119,8476539,NSH,8.6,35.54,backhand,5v4,1,0,0,0,0,2,82,-5,blocked-shot,35.23,0
2025020945,2026-02-28,126,8473994,DAL,34.83,50.83,snap,5v5,0,0,0,0,0,2,67,27,faceoff,29.73,0
2025020945,2026-02-28,127,8478047,NSH,76.06,28.25,slap,5v5,0,1,0,0,0,2,22,-36,shot-on-goal,34.83,0
2025020945,2026-02-28,128,8479370,NSH,37.44,55.89,snap,5v5,0,1,0,0,0,2,68,31,shot-on-goal,76.06,0
2025020945,2026-02-28,133,8474600,NSH,38.91,25.91,slap,5v5,0,0,0,0,0,2,54,17,giveaway,15.62,0
2025020945,2026-02-28,134,8474564,NSH,32.45,33.69,snap,5v5,0,1,0,0,0,2,62,-18,shot-on-goal,38.91,0
2025020945,2026-02-28,137,8479351,DAL,9.22,40.6,tip-in,5v5,0,0,0,0,0,2,82,6,faceoff,29.73,0
2025020945,2026-02-28,141,8480950,DAL,57.31,42.88,snap,5v5,0,0,0,0,0,2,47,-39,hit,44.28,0
2025020945,2026-02-28,142,8479370,NSH,55.17,43.53,snap,5v5,0,1,0,0,0,2,49,38,missed-shot,57.31,0
2025020945,2026-02-28,149,8481581,DAL,29.41,54.69,snap,5v5,0,0,0,0,0,2,72,24,giveaway,47.43,0
2025020945,2026-02-28,159,8479414,DAL,29.07,86.05,wrist,5v5,0,0,0,0,0,2,87,-29,delayed-penalty,89.0,0
2025020945,2026-02-28,163,8482740,DAL,9.9,45.0,snap,5v4,1,0,0,0,-1,2,82,-7,faceoff,29.73,1
2025020945,2026-02-28,165,8476869,NSH,43.42,38.45,slap,5v5,0,0,0,0,0,2,55,27,faceoff,89.0,0
2025020945,2026-02-28,174,8480027,DAL,59.54,7.72,snap,5v5,0,0,0,0,0,2,30,8,blocked-shot,29.15,0
2025020945,2026-02-28,175,8482740,DAL,19.31,21.25,snap,5v5,0,1,0,0,0,2,71,7,missed-shot,59.54,0
2025020945,2026-02-28,184,8482145,DAL,32.2,53.84,snap,5v5,0,0,0,0,0,2,70,-26,faceoff,29.73,0
2025020945,2026-02-28,191,8482740,DAL,39.4,66.04,snap,5v5,0,0,0,0,0,2,73,-36,blocked-shot,57.45,0
2025020945,2026-02-28,195,8482145,DAL,42.06,28.39,snap,5v5,0,0,0,0,0,3,52,20,faceoff,89.0,0
2025020945,2026-02-28,196,8482740,DAL,10.3,29.05,snap,5v5,0,1,0,0,0,3,80,5,shot-on-goal,42.06,0
2025020945,2026-02-28,202,8474564,NSH,25.55,59.42,snap,5v4,1,0,0,0,0,3,76,22,giveaway,12.04,0
2025020945,2026-02-28,204,8474564,NSH,12.04,48.37,snap,5v4,1,0,0,0,0,3,81,9,blocked-shot,32.65,0
2025020945,2026-02-28,205,8476539,NSH,11.05,5.19,deflected,5v4,1,1,0,0,0,3,78,1,missed-shot,12.04,0
2025020945,2026-02-28,208,8482145,DAL,6.71,26.57,tip-in,5v5,0,0,0,0,0,3,83,3,giveaway,56.61,0
2025020945,2026-02-28,213,8480036,DAL,34.66,46.17,snap,5v5,0,0,0,0,0,3,65,25,giveaway,42.38,0
2025020945,2026-02-28,217,8480036,DAL,64.07,34.19,wrist,5v5,0,0,0,0,0,3,36,36,blocked-shot,15.65,0
2025020945,2026-02-28,220,8479980,NSH,56.61,17.47,snap,5v5,0,0,0,0,0,3,35,17,faceoff,29.73,0
2025020945,2026-02-28,222,8475287,NSH,54.45,44.26,snap,5v5,0,0,0,0,0,3,50,38,hit,34.0,0
2025020945,2026-02-28,223,8481581,DAL,62.97,20.45,snap,5v5,0,1,0,0,0,3,30,22,shot-on-goal,54.45,0
2025020945,2026-02-28,224,8479414,DAL,8.25,14.04,wrist,5v5,0,1,0,0,0,3,81,-2,shot-on-goal,62.97,1
2025020945,2026-02-28,231,8480950,DAL,58.6,25.25,snap,5v5,0,0,0,0,0,3,36,-25,faceoff,29.73,0
2025020945,2026-02-28,244,8479414,DAL,25.81,54.46,wrist,5v5,0,0,0,0,0,3,74,-21,giveaway,7.07,0
2025020945,2026-02-28,246,8480950,DAL,59.41,6.77,slap,5v5,0,0,0,0,0,3,30,7,blocked-shot,18.6,0
2025020945,2026-02-28,255,8476887,NSH,33.6,53.47,snap,5v5,0,0,0,0,0,3,69,-27,takeaway,43.93,0
2025020945,2026-02-28,258,8474600,NSH,34.79,18.43,snap,5v5,0,0,0,0,0,3,56,-11,faceoff,29.73,0
2025020945,2026-02-28,263,8479980,NSH,45.54,8.84,snap,5v5,0,0,0,0,0,3,44,7,giveaway,9.0,0
2025020945,2026-02-28,264,8479980,NSH,38.59,58.78,snap,5v5,0,1,0,0,0,3,69,33,shot-on-goal,45.54,0
2025020945,2026-02-28,271,8483565,NSH,48.17,41.63,snap,5v5,0,0,0,0,0,3,53,32,blocked-shot,41.48,0
2025020945,2026-02-28,274,8481581,DAL,13.6,36.03,backhand,5v5,0,0,0,0,0,3,78,8,faceoff,29.73,0
2025020945,2026-02-28,275,8480246,NSH,36.0,0.0,snap,5v5,0,1,0,0,0,3,53,0,missed-shot,13.6,0
2025020945,2026-02-28,279,8476869,NSH,27.8,37.69,snap,5v5,0,0,0,0,0,3,67,17,blocked-shot,25.06,0
2025020945,2026-02-28,284,8484938,DAL,47.04,2.44,snap,5v5,0,0,0,0,0,3,42,2,blocked-shot,38.47,0
2025020945,2026-02-28,288,8473994,DAL,47.17,57.99,snap,5v5,0,0,0,0,0,3,64,40,blocked-shot,32.02,0
2025020945,2026-02-28,294,8476887,NSH,24.7,58.24,poke,5v5,0,0,0,0,0,3,76,21,takeaway,40.02,0
2025020945,2026-02-28,300,8475158,NSH,33.62,22.75,snap,3v3,0,0,0,0,0,4,58,13,blocked-shot,27.89,0
2025020945,2026-02-28,301,8476869,NSH,30.02,29.98,snap,3v3,0,1,0,0,0,4,63,15,shot-on-goal,33.62,0
2025020945,2026-02-28,302,8482740,DAL,26.08,4.4,snap,3v3,0,1,0,0,0,4,63,-2,missed-shot,30.02,0
2025020945,2026-02-28,303,8480027,DAL,7.28,15.95,snap,3v3,0,1,0,0,1,4,82,-2,missed-shot,26.08,1
2025020946,2026-02-28,2,8476927,VAN,45.8,36.12,wrist,5v5,0,0,0,0,0,1,52,27,faceoff,89.0,0
2025020946,2026-02-28,5,8477969,VAN,31.3,63.43,wrist,5v5,0,0,0,0,0,1,75,28,blocked-shot,39.4,0
2025020946,2026-02-28,9,8482874,SEA,17.8,38.16,wrist,5v5,0,0,0,0,0,1,75,-11,faceoff,72.42,0
2025020946,2026-02-28,10,8482874,SEA,12.37,14.04,tip-in,5v5,0,1,0,0,0,1,77,-3,missed-shot,17.8,0
2025020946,2026-02-28,11,8475169,VAN,8.06,7.13,tip-in,5v5,0,1,0,0,0,1,81,1,shot-on-goal,12.37,0
2025020946,2026-02-28,14,8475768,SEA,48.76,28.14,wrist,5v5,0,0,0,0,0,1,46,-23,faceoff,29.73,0
2025020946,2026-02-28,16,8484240,VAN,60.44,38.96,wrist,5v5,0,0,0,0,0,1,42,-38,hit,26.08,0
2025020946,2026-02-28,17,8474586,SEA,28.84,33.69,wrist,5v5,0,1,0,0,0,1,65,16,shot-on-goal,60.44,0
2025020946,2026-02-28,19,8484800,SEA,18.44,40.6,wrist,5v5,0,0,0,0,0,1,75,12,giveaway,45.45,0
2025020946,2026-02-28,20,8481535,VAN,37.05,3.09,wrist,5v5,0,1,0,0,0,1,52,-2,shot-on-goal,18.44,0
2025020946,2026-02-28,24,8476927,VAN,27.31,23.75,snap,5v5,0,0,0,0,0,1,64,-11,hit,46.14,0
2025020946,2026-02-28,25,8476927,VAN,46.04,2.49,wrist,5v5,0,1,0,0,0,1,43,2,missed-shot,27.31,0
2025020946,2026-02-28,32,8478407,SEA,40.25,26.57,wrist,5v5,0,0,0,0,1,1,53,18,hit,31.4,1
2025020946,2026-02-28,40,8476457,SEA,48.75,25.51,wrist,5v5,0,0,0,0,0,1,45,21,hit,60.61,0
2025020946,2026-02-28,41,8476905,SEA,14.42,56.31,wrist,5v5,0,1,0,0,2,1,81,12,missed-shot,48.75,1
2025020946,2026-02-28,45,8483678,VAN,29.07,40.82,wrist,5v5,0,0,0,0,0,1,67,19,faceoff,72.42,0
2025020946,2026-02-28,52,8482055,VAN,36.67,25.87,snap,5v5,0,0,0,0,0,1,56,-16,blocked-shot,8.6,0
2025020946,2026-02-28,53,8480058,VAN,53.23,25.6,wrist,5v5,0,1,0,0,0,1,41,-23,shot-on-goal,36.67,0
2025020946,2026-02-28,57,8481024,VAN,12.04,4.76,wrist,5v5,0,0,0,0,0,1,77,1,blocked-shot,11.18,0
2025020946,2026-02-28,61,8483499,VAN,14.87,47.73,backhand,5v5,0,0,0,0,0,1,79,-11,faceoff,72.42,0
2025020946,2026-02-28,62,8479985,SEA,19.21,38.66,snap,5v5,0,1,0,0,0,1,74,12,missed-shot,14.87,0
2025020946,2026-02-28,64,8475169,VAN,9.43,57.99,tip-in,5v5,0,0,0,0,0,1,84,-8,giveaway,19.65,0
2025020946,2026-02-28,66,8476905,SEA,15.13,7.59,wrist,5v5,0,0,0,0,0,1,74,2,blocked-shot,35.0,0
2025020946,2026-02-28,67,8480009,SEA,12.17,80.54,wrist,5v5,0,1,0,0,0,1,87,-12,shot-on-goal,15.13,0
2025020946,2026-02-28,72,8482055,VAN,8.25,14.04,tip-in,5v5,0,0,0,0,0,1,81,2,giveaway,12.81,0
2025020946,2026-02-28,73,8482055,VAN,7.28,15.95,bat,5v5,0,1,0,0,0,1,82,2,shot-on-goal,8.25,0
2025020946,2026-02-28,76,8481535,VAN,12.17,9.46,deflected,5v5,0,0,0,0,0,1,77,-2,faceoff,29.73,0
2025020946,2026-02-28,77,8480058,VAN,28.28,45.0,wrist,5v5,0,1,0,0,0,1,69,-20,missed-shot,12.17,0
2025020946,2026-02-28,78,8481554,SEA,30.61,38.37,wrist,5v5,0,1,0,0,0,1,65,19,missed-shot,28.28,0
2025020946,2026-02-28,80,8478407,SEA,55.08,3.12,slap,5v5,0,0,0,0,0,1,34,-3,takeaway,44.41,0
2025020946,2026-02-28,85,8477986,SEA,55.9,10.3,slap,5v5,0,0,0,0,0,1,34,10,hit,93.11,0
2025020946,2026-02-28,86,8478407,SEA,58.22,4.93,wrist,5v5,0,1,0,0,0,1,31,5,shot-on-goal,55.9,0
2025020946,2026-02-28,87,8482874,SEA,26.4,65.38,wrist,5v5,0,1,0,0,0,1,78,24,shot-on-goal,58.22,0
2025020946,2026-02-28,94,8482874,SEA,27.59,46.47,tip-in,5v5,0,0,0,0,0,2,70,20,hit,34.53,0
2025020946,2026-02-28,99,8484240,VAN,67.12,33.45,wrist,5v5,0,0,0,0,0,2,33,-37,hit,62.2,0
2025020946,2026-02-28,100,8475169,VAN,11.05,84.81,wrist,5v5,0,1,0,0,0,2,88,11,missed-shot,67.12,0
2025020946,2026-02-28,101,8478498,VAN,7.62,23.2,wrist,5v5,0,1,0,0,0,2,82,3,missed-shot,11.05,0
2025020946,2026-02-28,102,8475169,VAN,33.24,74.29,wrist,5v5,0,1,0,0,0,2,80,32,shot-on-goal,7.62,0
2025020946,2026-02-28,105,8484798,VAN,36.8,42.8,snap,5v5,0,0,0,0,0,2,62,25,faceoff,29.73,0
2025020946,2026-02-28,106,8482079,VAN,30.07,3.81,tip-in,5v5,0,1,0,0,0,2,59,-2,missed-shot,36.8,0
2025020946,2026-02-28,112,8483524,SEA,28.18,27.47,snap,5v5,0,0,0,0,0,2,64,-13,faceoff,29.73,0
2025020946,2026-02-28,113,8483524,SEA,22.47,32.28,wrist,5v5,0,1,0,0,0,2,70,-12,missed-shot,28.18,0
2025020946,2026-02-28,117,8484240,VAN,65.31,25.39,wrist,5v5,0,0,0,0,0,2,30,-28,hit,28.07,0
2025020946,2026-02-28,120,8482665,SEA,34.71,41.5,wrist,5v5,0,0,0,0,0,2,63,23,giveaway,61.22,0
2025020946,2026-02-28,121,8482055,VAN,30.61,38.37,wrist,5v5,0,1,0,0,0,2,65,19,missed-shot,34.71,0
2025020946,2026-02-28,122,8476467,SEA,8.06,29.74,wrist,5v5,0,1,0,0,0,2,82,-4,missed-shot,30.61,0
2025020946,2026-02-28,130,8483499,VAN,43.01,35.54,slap,5v5,0,0,0,0,-1,2,54,25,faceoff,89.0,1
2025020946,2026-02-28,137,8478856,VAN,30.81,35.75,wrist,5v4,1,0,0,0,0,2,64,-18,giveaway,10.63,0
2025020946,2026-02-28,138,8475169,VAN,34.18,20.56,wrist,5v4,1,1,0,0,0,2,57,12,shot-on-goal,30.81,0
2025020946,2026-02-28,142,8476927,VAN,37.01,38.42,wrist,5v5,0,0,0,0,0,2,60,-23,giveaway,56.65,0
2025020946,2026-02-28,145,8480009,SEA,31.38,30.65,snap,5v5,0,0,0,0,0,2,62,16,faceoff,29.73,0
2025020946,2026-02-28,149,8477969,VAN,10.05,5.71,deflected,5v5,0,0,0,0,0,2,79,-1,blocked-shot,31.83,0
2025020946,2026-02-28,153,8474586,SEA,12.21,34.99,backhand,5v5,0,0,0,0,2,2,79,7,blocked-shot,42.95,1
2025020946,2026-02-28,157,8483524,SEA,31.76,28.18,wrist,5v5,0,0,0,0,0,2,61,15,giveaway,89.82,0
2025020946,2026-02-28,168,8480009,SEA,35.34,25.11,wrist,5v5,0,0,0,0,0,2,57,-15,giveaway,84.08,0
2025020946,2026-02-28,173,8484800,SEA,54.0,0.0,wrist,5v5,0,0,0,0,0,2,35,0,blocked-shot,16.03,0
2025020946,2026-02-28,178,8474586,SEA,8.25,75.96,backhand,4v4,0,0,0,0,0,2,87,8,faceoff,72.42,0
2025020946,2026-02-28,179,8482665,SEA,7.28,74.05,wrist,4v4,0,1,0,0,0,2,87,7,shot-on-goal,8.25,0
2025020946,2026-02-28,183,8483524,SEA,52.33,26.08,wrist,5v5,0,0,0,0,0,2,42,23,blocked-shot,20.0,0
2025020946,2026-02-28,184,8480144,VAN,6.08,9.46,wrist,5v5,0,1,0,0,0,2,83,-1,shot-on-goal,52.33,0
2025020946,2026-02-28,190,8481024,VAN,7.0,0.0,wrist,5v4,1,0,0,0,0,3,82,0,giveaway,19.85,0
2025020946,2026-02-28,194,8482055,VAN,15.03,3.81,tip-in,5v4,1,0,0,0,0,3,74,1,blocked-shot,9.22,0
2025020946,2026-02-28,195,8478498,VAN,12.04,48.37,bat,5v4,1,1,0,0,0,3,81,-9,missed-shot,15.03,0
2025020946,2026-02-28,197,8482665,SEA,25.06,28.61,wrist,5v5,0,0,0,0,0,3,67,-12,giveaway,78.03,0
2025020946,2026-02-28,203,8478498,VAN,87.32,23.63,backhand,5v5,0,0,0,0,0,3,9,35,giveaway,74.79,0
2025020946,2026-02-28,205,8483524,SEA,27.66,40.6,wrist,5v5,0,0,0,0,0,3,68,-18,giveaway,40.85,0
2025020946,2026-02-28,207,8478856,VAN,35.81,35.91,slap,5v5,0,0,0,0,0,3,60,-21,hit,91.71,0
2025020946,2026-02-28,210,8478856,VAN,34.71,48.5,wrist,5v5,0,0,0,0,0,3,66,-26,faceoff,29.73,0
2025020946,2026-02-28,215,8481024,VAN,14.76,28.3,wrist,5v5,0,0,0,0,0,3,76,-7,hit,53.76,0
2025020946,2026-02-28,218,8482079,VAN,28.86,75.96,wrist,5v5,0,0,0,0,0,3,82,28,giveaway,55.97,0
2025020946,2026-02-28,224,8477986,SEA,47.54,14.62,wrist,5v5,0,0,0,0,0,3,43,12,giveaway,12.81,0
2025020946,2026-02-28,227,8478444,VAN,29.83,50.44,wrist,5v5,0,0,0,0,0,3,70,23,faceoff,29.73,0
2025020946,2026-02-28,233,8482665,SEA,3.16,71.57,deflected,5v4,1,0,0,0,3,3,88,-3,faceoff,29.73,1
2025020946,2026-02-28,235,8483570,SEA,19.42,11.89,wrist,5v5,0,0,0,0,0,3,70,-4,faceoff,89.0,0
2025020946,2026-02-28,237,8483570,SEA,27.2,53.97,wrist,5v5,0,0,0,0,0,3,73,-22,delayed-penalty,89.0,0
2025020946,2026-02-28,240,8482665,SEA,9.43,32.01,wrist,5v4,1,0,0,0,0,3,81,-5,faceoff,29.73,0
2025020946,2026-02-28,241,8477955,SEA,38.08,29.93,slap,5v4,1,1,0,0,0,3,56,-19,shot-on-goal,9.43,0
2025020946,2026-02-28,246,8477986,SEA,33.24,21.16,wrist,5v4,1,0,0,0,0,3,58,12,hit,43.91,0
2025020946,2026-02-28,248,8484240,VAN,10.77,68.2,backhand,5v5,0,0,0,0,0,3,85,10,takeaway,51.66,0
2025020946,2026-02-28,249,8484798,VAN,42.19,5.44,wrist,5v5,0,1,0,0,0,3,47,4,shot-on-goal,10.77,0
2025020946,2026-02-28,252,8479425,VAN,59.23,11.69,slap,6v5,1,0,0,0,0,3,31,12,faceoff,29.73,0
2025020946,2026-02-28,253,8478856,VAN,35.36,45.0,wrist,6v5,1,1,0,0,0,3,64,25,shot-on-goal,59.23,0
2025020946,2026-02-28,255,8478916,SEA,9.43,88.85,wrist,5v6,0,0,0,1,0,3,97,-5,blocked-shot,39.2,0
2025020946,2026-02-28,260,8474586,SEA,41.11,18.43,wrist,5v6,0,0,0,1,4,3,50,-13,giveaway,95.27,1
2025020946,2026-02-28,263,8480058,VAN,41.18,29.05,slap,5v5,0,0,0,0,0,3,53,-20,faceoff,89.0,0
2025020946,2026-02-28,266,8482874,SEA,12.17,9.46,snap,5v5,0,0,0,0,0,3,77,2,faceoff,29.73,0
2025020946,2026-02-28,269,8476457,SEA,69.84,29.13,wrist,5v5,0,0,0,0,0,3,28,-34,giveaway,14.56,0
2025020946,2026-02-28,272,8481024,VAN,28.65,60.75,snap,5v5,0,0,0,0,0,3,75,25,faceoff,29.73,0
2025020930,2026-02-27,2,8482113,FLA,62.77,30.65,snap,5v5,0,0,0,0,0,1,35,-32,faceoff,89.0,0
2025020930,2026-02-27,4,8479420,BUF,11.18,89.48,snap,5v5,0,0,0,0,0,1,91,11,blocked-shot,25.81,0
2025020930,2026-02-27,7,8480064,BUF,20.62,67.17,backhand,5v5,0,0,0,0,0,1,81,-19,faceoff,29.73,0
2025020930,2026-02-27,15,8473419,FLA,14.21,39.29,backhand,5v4,1,0,0,0,0,1,78,-9,blocked-shot,29.41,0
2025020930,2026-02-27,16,8479314,FLA,9.22,12.53,tip-in,5v4,1,1,0,0,0,1,80,-2,shot-on-goal,14.21,0
2025020930,2026-02-27,17,8484304,FLA,38.01,1.51,snap,5v4,1,1,0,0,0,1,51,1,missed-shot,9.22,0
2025020930,2026-02-27,19,8479314,FLA,3.61,56.31,snap,5v4,1,0,0,0,0,1,87,-3,blocked-shot,7.07,0
2025020930,2026-02-27,25,8478055,FLA,42.3,6.79,slap,5v4,1,0,0,0,0,1,47,-5,faceoff,29.73,0
2025020930,2026-02-27,28,8480802,BUF,23.35,43.26,backhand,5v5,0,0,0,0,0,1,72,-16,blocked-shot,20.81,0
2025020930,2026-02-27,29,8483771,FLA,33.6,36.53,snap,5v5,0,1,0,0,0,1,62,20,shot-on-goal,23.35,0
2025020930,2026-02-27,30,8478421,FLA,12.0,0.0,snap,5v5,0,1,0,0,0,1,77,0,missed-shot,33.6,0
2025020930,2026-02-27,31,8482659,BUF,25.24,33.69,snap,5v5,0,1,0,0,0,1,68,-14,shot-on-goal,12.0,0
2025020930,2026-02-27,36,8481524,BUF,61.13,3.75,wrist,5v5,0,0,0,0,0,1,28,-4,faceoff,29.73,0
2025020930,2026-02-27,37,8481524,BUF,44.1,57.03,snap,5v5,0,1,0,0,0,1,65,37,shot-on-goal,61.13,0
2025020930,2026-02-27,38,8482713,FLA,34.66,46.17,snap,5v5,0,1,0,0,0,1,65,25,missed-shot,44.1,0
2025020930,2026-02-27,39,8477935,FLA,8.06,29.74,bat,5v5,0,1,0,0,0,1,82,-4,shot-on-goal,34.66,0
2025020930,2026-02-27,46,8479359,BUF,34.93,66.37,backhand,5v5,0,0,0,0,0,1,75,-32,blocked-shot,44.29,0
2025020930,2026-02-27,48,8482131,FLA,55.17,46.47,snap,5v5,0,0,0,0,0,1,51,40,hit,68.88,0
2025020930,2026-02-27,51,8480807,BUF,28.64,77.91,snap,5v5,0,0,0,0,0,1,83,-28,faceoff,29.73,0
2025020930,2026-02-27,54,8481524,BUF,96.38,22.57,snap,5v5,0,0,0,0,0,1,0,-37,hit,64.5,0
2025020930,2026-02-27,55,8480185,FLA,8.49,45.0,deflected,5v5,0,1,0,0,0,1,83,6,shot-on-goal,96.38,0
2025020930,2026-02-27,56,8477932,FLA,50.04,2.29,wrist,5v5,0,1,0,0,0,1,39,2,shot-on-goal,8.49,0
2025020930,2026-02-27,62,8482896,BUF,9.22,49.4,snap,5v5,0,0,0,0,0,1,83,-7,giveaway,11.4,0
2025020930,2026-02-27,63,8480839,BUF,26.4,37.3,wrist,5v5,0,1,0,0,0,1,68,16,shot-on-goal,9.22,0
2025020930,2026-02-27,78,8477932,FLA,64.4,25.77,slap,5v5,0,0,0,0,0,1,31,-28,giveaway,11.4,0
2025020930,2026-02-27,79,8477949,BUF,26.25,40.36,snap,5v5,0,1,0,0,0,1,69,17,missed-shot,64.4,0
2025020930,2026-02-27,82,8480891,BUF,61.35,19.03,snap,5v5,0,0,0,0,0,1,31,20,faceoff,29.73,0
2025020930,2026-02-27,83,8484304,FLA,43.86,24.23,snap,5v5,0,1,0,0,0,1,49,-18,shot-on-goal,61.35,0
2025020930,2026-02-27,90,8477935,FLA,38.29,49.24,snap,5v5,0,0,0,0,0,1,64,29,hit,66.85,0
2025020930,2026-02-27,91,8477949,BUF,60.73,17.24,snap,5v5,0,1,0,0,0,1,31,-18,shot-on-goal,38.29,0
2025020930,2026-02-27,92,8481522,BUF,49.5,45.0,slap,5v5,0,1,0,0,0,1,54,35,shot-on-goal,60.73,0
2025020930,2026-02-27,94,8477949,BUF,30.48,48.99,snap,5v5,0,0,0,0,0,1,69,-23,blocked-shot,10.77,0
2025020930,2026-02-27,105,8480839,BUF,44.01,21.32,slap,5v4,1,0,0,0,0,1,48,-16,blocked-shot,22.2,0
2025020930,2026-02-27,106,8477949,BUF,29.15,5.91,snap,5v4,1,1,0,0,1,1,60,-3,shot-on-goal,44.01,1
2025020930,2026-02-27,109,8482623,BUF,26.0,89.78,snap,5v5,0,0,0,0,0,1,89,26,hit,81.49,0
2025020930,2026-02-27,121,8480807,BUF,53.76,43.49,snap,5v5,0,0,0,0,0,2,50,37,blocked-shot,46.75,0
2025020930,2026-02-27,122,8482713,FLA,60.42,12.43,snap,5v5,0,1,0,0,0,2,30,13,missed-shot,53.76,0
2025020930,2026-02-27,125,8477932,FLA,45.01,1.27,snap,5v5,0,0,0,0,0,2,44,1,faceoff,29.73,0
2025020930,2026-02-27,128,8480891,BUF,40.71,27.82,wrist,5v5,0,0,0,0,0,2,53,-19,faceoff,29.73,0
2025020930,2026-02-27,130,8480891,BUF,19.92,72.47,backhand,5v5,0,0,0,0,0,2,83,19,giveaway,62.37,0
2025020930,2026-02-27,135,8484305,BUF,41.77,42.09,snap,5v5,0,0,0,0,0,2,58,-28,faceoff,29.73,0
2025020930,2026-02-27,141,8483771,FLA,31.78,77.28,snap,5v5,0,0,0,0,0,2,82,-31,blocked-shot,30.59,0
2025020930,2026-02-27,146,8475722,BUF,8.0,0.0,snap,5v5,0,0,0,0,0,2,81,0,giveaway,22.02,0
2025020930,2026-02-27,151,8482671,BUF,56.08,3.07,wrist,5v5,0,0,0,0,0,2,33,3,giveaway,42.8,0
2025020930,2026-02-27,154,8477932,FLA,26.0,67.38,snap,5v5,0,0,0,0,0,2,79,-24,faceoff,29.73,0
2025020930,2026-02-27,159,8480807,BUF,51.4,37.09,snap,5v5,0,0,0,0,0,2,48,-31,blocked-shot,22.2,0
2025020930,2026-02-27,164,8479314,FLA,33.84,34.16,snap,5v5,0,0,0,0,0,2,61,-19,hit,57.25,0
2025020930,2026-02-27,167,8483771,FLA,13.93,21.04,tip-in,5v5,0,0,0,0,0,2,76,5,faceoff,29.73,0
2025020930,2026-02-27,171,8479316,FLA,8.49,45.0,snap,5v5,0,0,0,0,0,2,83,-6,hit,57.43,0
2025020930,2026-02-27,172,8479316,FLA,11.4,15.26,tip-in,5v5,0,1,0,0,0,2,78,-3,shot-on-goal,8.49,0
2025020930,2026-02-27,174,8478055,FLA,49.82,51.52,snap,5v5,0,0,0,0,0,2,58,39,hit,34.93,0
2025020930,2026-02-27,178,8477935,FLA,29.07,40.82,snap,5v4,1,0,0,0,0,2,67,19,faceoff,29.73,0
2025020930,2026-02-27,181,8473419,FLA,32.14,5.36,snap,5v4,1,0,0,0,0,2,57,-3,faceoff,29.73,0
2025020930,2026-02-27,182,8478055,FLA,58.42,6.88,snap,5v4,1,1,0,0,0,2,31,7,missed-shot,32.14,0
2025020930,2026-02-27,183,8479314,FLA,6.32,18.43,between-legs,5v4,1,1,0,0,0,2,83,2,shot-on-goal,58.42,0
2025020930,2026-02-27,185,8478542,FLA,37.8,37.48,snap,5v4,1,0,0,0,0,2,59,23,blocked-shot,38.01,0
2025020930,2026-02-27,188,8479420,BUF,31.78,12.72,snap,5v5,0,0,0,0,0,2,58,7,faceoff,29.73,0
2025020930,2026-02-27,189,8482097,BUF,24.52,11.77,snap,5v5,0,1,0,0,0,2,65,5,missed-shot,31.78,0
2025020930,2026-02-27,200,8480064,BUF,32.8,37.57,snap,5v5,0,0,0,0,0,2,63,20,takeaway,22.47,0
2025020930,2026-02-27,201,8477949,BUF,40.46,50.01,snap,5v5,0,1,0,0,0,2,63,-31,shot-on-goal,32.8,0
2025020930,2026-02-27,210,8479314,FLA,7.07,45.0,snap,5v4,1,0,0,0,0,2,84,5,blocked-shot,32.2,1
2025020930,2026-02-27,213,8475722,BUF,29.07,63.43,snap,5v5,0,0,0,0,0,2,76,26,giveaway,89.47,0
2025020930,2026-02-27,216,8482097,BUF,36.07,46.12,slap,5v5,0,0,0,0,0,2,64,26,giveaway,10.3,0
2025020930,2026-02-27,218,8478055,FLA,45.45,39.64,slap,5v5,0,0,0,0,0,2,54,29,giveaway,18.79,0
2025020930,2026-02-27,220,8483771,FLA,40.31,29.74,snap,5v5,0,0,0,0,0,2,54,20,hit,47.38,0
2025020930,2026-02-27,222,8484305,BUF,48.09,3.58,snap,5v5,0,0,0,0,0,2,41,3,blocked-shot,47.17,0
2025020930,2026-02-27,231,8482671,BUF,65.46,18.71,snap,5v5,0,0,0,0,0,2,27,21,faceoff,72.42,0
2025020930,2026-02-27,235,8482659,BUF,7.07,8.13,backhand,5v5,0,0,0,0,0,2,82,-1,giveaway,46.96,0
2025020930,2026-02-27,236,8482659,BUF,12.04,4.76,backhand,5v5,0,1,0,0,0,2,77,-1,shot-on-goal,7.07,0
2025020930,2026-02-27,238,8480807,BUF,12.17,9.46,snap,5v5,0,0,0,0,0,2,77,2,delayed-penalty,89.0,0
2025020930,2026-02-27,243,8480064,BUF,13.45,48.01,snap,5v4,1,0,0,0,0,2,80,-10,blocked-shot,38.9,0
2025020930,2026-02-27,248,8479420,BUF,37.01,38.42,snap,5v4,1,0,0,0,0,2,60,23,takeaway,47.2,0
2025020930,2026-02-27,250,8483500,BUF,28.18,27.47,snap,5v4,1,0,0,0,0,2,64,-13,hit,87.66,0
2025020930,2026-02-27,251,8480802,BUF,13.45,41.99,snap,5v5,0,1,0,0,0,2,79,9,shot-on-goal,28.18,0
2025020930,2026-02-27,259,8473507,FLA,55.22,35.42,snap,5v5,0,0,0,0,0,3,44,-32,faceoff,29.73,0
2025020930,2026-02-27,264,8483500,BUF,44.6,19.65,wrist,5v5,0,0,0,0,0,3,47,-15,giveaway,69.4,0
2025020930,2026-02-27,265,8482671,BUF,48.08,16.93,slap,5v5,0,1,0,0,0,3,43,-14,shot-on-goal,44.6,0
2025020930,2026-02-27,270,8478421,FLA,39.56,20.73,snap,5v5,0,0,0,0,0,3,52,-14,faceoff,29.73,0
2025020930,2026-02-27,273,8478859,FLA,57.31,29.25,snap,5v5,0,0,0,0,0,3,39,-28,blocked-shot,43.42,0
2025020930,2026-02-27,276,8477932,FLA,47.85,10.84,snap,5v5,0,0,0,0,0,3,42,-9,hit,68.24,0
2025020930,2026-02-27,279,8477409,FLA,32.57,17.88,snap,5v5,0,0,0,0,0,3,58,10,blocked-shot,41.73,0
2025020930,2026-02-27,287,8473419,FLA,24.52,11.77,backhand,5v4,1,0,0,0,0,3,65,-5,faceoff,29.73,0
2025020930,2026-02-27,289,8477933,FLA,9.43,32.01,backhand,5v4,1,0,0,0,0,3,81,-5,giveaway,62.01,0
2025020930,2026-02-27,291,8479314,FLA,28.46,18.43,slap,5v4,1,0,0,0,0,3,62,-9,blocked-shot,30.41,0
2025020930,2026-02-27,294,8482113,FLA,31.95,69.86,snap,5v5,0,0,0,0,0,3,78,30,takeaway,47.51,0
2025020930,2026-02-27,295,8478421,FLA,14.21,39.29,snap,5v5,0,1,0,0,0,3,78,-9,missed-shot,31.95,0
2025020930,2026-02-27,298,8478055,FLA,45.69,23.2,slap,5v5,0,0,0,0,0,3,47,18,faceoff,29.73,0
2025020930,2026-02-27,301,8473419,FLA,25.71,13.5,snap,5v5,0,0,0,0,0,3,64,-6,faceoff,72.42,0
2025020930,2026-02-27,302,8481522,BUF,48.37,7.13,snap,5v5,0,1,0,0,0,3,41,-6,shot-on-goal,25.71,0
2025020930,2026-02-27,303,8477949,BUF,13.34,77.01,backhand,5v5,0,1,0,0,0,3,86,13,shot-on-goal,48.37,0
2025020930,2026-02-27,312,8479359,BUF,55.66,17.78,slap,5v5,0,0,0,0,1,3,36,17,hit,86.47,1
2025020930,2026-02-27,318,8477933,FLA,26.4,24.62,snap,4v5,0,0,0,0,0,3,65,11,takeaway,58.52,0
2025020930,2026-02-27,323,8483500,BUF,45.69,23.2,snap,5v5,0,0,0,0,0,3,47,-18,giveaway,41.48,0
2025020930,2026-02-27,327,8475722,BUF,14.32,12.09,snap,5v5,0,0,0,0,0,3,75,-3,faceoff,29.73,0
2025020930,2026-02-27,329,8479359,BUF,16.28,42.51,backhand,5v5,0,0,0,0,0,3,77,11,hit,69.07,0
2025020930,2026-02-27,330,8482623,BUF,8.25,14.04,backhand,5v5,0,1,0,0,0,3,81,2,shot-on-goal,16.28,0
2025020930,2026-02-27,333,8477949,BUF,26.17,6.58,snap,5v5,0,0,0,0,0,3,63,-3,faceoff,72.42,0
2025020930,2026-02-27,339,8477949,BUF,45.22,54.9,snap,5v6,0,0,0,1,0,3,63,37,blocked-shot,25.3,0
2025020930,2026-02-27,342,8481522,BUF,83.68,14.53,wrist,5v6,0,0,0,1,2,3,8,-21,faceoff,29.73,1
2025020930,2026-02-27,345,8473419,FLA,6.32,18.43,tip-in,6v5,1,0,0,0,0,3,83,2,giveaway,37.12,0
2025020930,2026-02-27,346,8477935,FLA,36.72,29.36,wrist,6v5,1,1,0,0,-1,3,57,18,shot-on-goal,6.32,1
2025020931,2026-02-27,2,8480873,WSH,57.8,30.11,slap,5v5,0,0,0,0,0,1,39,-29,faceoff,89.0,0
2025020931,2026-02-27,8,8483573,WSH,17.72,16.39,tip-in,5v5,0,0,0,0,0,1,72,5,giveaway,13.6,0
2025020931,2026-02-27,9,8479345,WSH,72.07,29.05,slap,5v5,0,1,0,0,0,1,26,35,shot-on-goal,17.72,0
2025020931,2026-02-27,15,8475913,VGK,27.86,21.04,snap,5v5,0,0,0,0,0,1,63,10,giveaway,37.34,0
2025020931,2026-02-27,17,8481656,WSH,35.34,64.89,snap,5v5,0,0,0,0,0,1,74,32,takeaway,68.36,0
2025020931,2026-02-27,19,8471214,WSH,27.59,46.47,snap,5v5,0,0,0,0,0,1,70,20,hit,97.17,0
2025020931,2026-02-27,20,8476881,VGK,33.62,30.38,snap,5v5,0,1,0,0,0,1,60,17,missed-shot,27.59,0
2025020931,2026-02-27,21,8478468,VGK,57.31,6.01,slap,5v5,0,1,0,0,0,1,32,6,missed-shot,33.62,0
2025020931,2026-02-27,22,8475188,VGK,52.48,30.96,snap,5v5,0,1,0,0,0,1,44,27,shot-on-goal,57.31,0
2025020931,2026-02-27,27,8478911,WSH,19.1,83.99,snap,5v5,0,0,0,0,0,1,87,-19,faceoff,29.73,0
2025020931,2026-02-27,28,8479345,WSH,42.72,32.57,snap,5v5,0,1,0,0,0,1,53,23,shot-on-goal,19.1,0
2025020931,2026-02-27,32,8483890,VGK,36.06,70.56,snap,5v5,0,0,0,0,0,1,77,-34,hit,85.0,0
2025020931,2026-02-27,34,8478463,WSH,18.6,36.25,backhand,5v5,0,0,0,0,0,1,74,11,giveaway,56.89,0
2025020931,2026-02-27,39,8480990,WSH,60.83,27.41,slap,5v5,0,0,0,0,0,1,35,28,hit,98.41,0
2025020931,2026-02-27,40,8476925,VGK,8.06,7.13,backhand,5v5,0,1,0,0,0,1,81,-1,missed-shot,60.83,0
2025020931,2026-02-27,43,8479345,WSH,95.75,24.69,wrist,5v5,0,0,0,0,0,1,2,-40,faceoff,29.73,0
2025020931,2026-02-27,45,8478468,VGK,60.21,4.76,slap,5v5,0,0,0,0,0,1,29,5,blocked-shot,30.02,0
2025020931,2026-02-27,55,8481580,WSH,8.94,26.57,tip-in,5v5,0,0,0,0,0,1,81,-4,giveaway,11.66,0
2025020931,2026-02-27,56,8478396,VGK,18.38,89.66,snap,5v5,0,1,0,0,0,1,96,-17,missed-shot,8.94,0
2025020931,2026-02-27,57,8479345,WSH,30.07,86.19,wrist,5v5,0,1,0,0,0,1,87,-30,shot-on-goal,18.38,0
2025020931,2026-02-27,60,8478468,VGK,53.01,35.79,snap,5v5,0,0,0,0,0,1,46,31,faceoff,29.73,0
2025020931,2026-02-27,61,8478483,VGK,7.07,89.18,backhand,5v5,0,1,0,0,0,1,90,-7,shot-on-goal,53.01,0
2025020931,2026-02-27,67,8478440,WSH,50.7,14.86,snap,5v4,1,0,0,0,0,1,40,-13,giveaway,71.01,0
2025020931,2026-02-27,72,8476881,VGK,28.23,22.93,snap,5v5,0,0,0,0,0,1,63,-11,faceoff,29.73,0
2025020931,2026-02-27,89,8471214,WSH,23.02,34.38,snap,5v5,0,0,0,0,0,1,70,13,giveaway,30.41,0
2025020931,2026-02-27,90,8478434,VGK,11.4,15.26,snap,5v5,0,1,0,0,0,1,78,3,missed-shot,23.02,0
2025020931,2026-02-27,91,8476881,VGK,10.77,21.8,tip-in,5v5,0,1,0,0,0,1,79,4,missed-shot,11.4,0
2025020931,2026-02-27,94,8478397,VGK,39.45,59.53,snap,5v5,0,0,0,0,0,1,69,-34,giveaway,53.46,0
2025020931,2026-02-27,95,8483573,WSH,79.18,27.86,snap,5v5,0,1,0,0,0,1,19,-37,shot-on-goal,39.45,0
2025020931,2026-02-27,99,8479400,WSH,36.24,27.98,snap,5v5,0,0,0,0,1,2,57,-17,faceoff,89.0,1
2025020931,2026-02-27,103,8475191,VGK,15.26,31.61,snap,5v5,0,0,0,0,0,2,76,8,giveaway,50.01,0
2025020931,2026-02-27,106,8478434,VGK,47.07,12.26,snap,5v5,0,0,0,0,0,2,43,-10,hit,51.86,0
2025020931,2026-02-27,107,8476925,VGK,4.47,26.57,wrist,5v5,0,1,0,0,0,2,85,-2,shot-on-goal,47.07,0
2025020931,2026-02-27,111,8479400,WSH,17.2,35.54,snap,5v5,0,0,0,0,2,2,75,10,giveaway,34.06,1
2025020931,2026-02-27,120,8478396,VGK,65.39,23.43,slap,5v5,0,0,0,0,0,2,29,-26,faceoff,29.73,0
2025020931,2026-02-27,128,8484186,WSH,27.46,10.49,snap,5v4,1,0,0,0,0,2,62,5,giveaway,86.01,0
2025020931,2026-02-27,132,8484186,WSH,33.24,15.71,snap,6v4,1,0,0,0,0,2,57,-9,blocked-shot,31.91,0
2025020931,2026-02-27,133,8471214,WSH,8.94,26.57,wrist,6v4,1,1,0,0,0,2,81,4,shot-on-goal,33.24,0
2025020931,2026-02-27,134,8471214,WSH,6.4,38.66,wrist,6v4,1,1,0,0,0,2,84,4,shot-on-goal,8.94,0
2025020931,2026-02-27,139,8479345,WSH,44.72,10.3,snap,5v3,1,0,0,0,0,2,45,-8,faceoff,29.73,0
2025020931,2026-02-27,140,8478440,WSH,35.78,26.57,snap,5v4,1,1,0,0,0,2,57,16,shot-on-goal,44.72,0
2025020931,2026-02-27,142,8480873,WSH,58.31,22.17,snap,5v4,1,0,0,0,0,2,35,-22,blocked-shot,9.85,0
2025020931,2026-02-27,153,8481656,WSH,39.0,67.38,snap,5v5,0,0,0,0,0,2,74,36,blocked-shot,25.5,0
2025020931,2026-02-27,160,8477447,VGK,38.28,33.27,slap,5v5,0,0,0,0,0,2,57,21,blocked-shot,35.69,0
2025020931,2026-02-27,161,8477964,VGK,14.21,39.29,tip-in,5v5,0,1,0,0,0,2,78,9,missed-shot,38.28,0
2025020931,2026-02-27,165,8476925,VGK,10.82,56.31,tip-in,5v5,0,0,0,0,0,2,83,-9,faceoff,29.73,0
2025020931,2026-02-27,170,8482088,WSH,53.34,30.41,snap,5v5,0,0,0,0,0,2,43,-27,takeaway,11.4,0
2025020931,2026-02-27,173,8483573,WSH,33.24,43.78,snap,5v5,0,0,0,0,0,2,65,23,hit,22.14,0
2025020931,2026-02-27,174,8483573,WSH,30.53,31.61,snap,5v5,0,1,0,0,0,2,63,16,shot-on-goal,33.24,0
2025020931,2026-02-27,175,8475343,WSH,21.26,48.81,snap,5v5,0,1,0,0,0,2,75,16,missed-shot,30.53,0
2025020931,2026-02-27,178,8479345,WSH,29.41,54.69,snap,5v5,0,0,0,0,3,2,72,-24,blocked-shot,11.4,1
2025020931,2026-02-27,194,8476881,VGK,18.03,3.18,tip-in,5v4,1,0,0,0,0,2,71,1,faceoff,29.73,0
2025020931,2026-02-27,195,8481604,VGK,22.2,7.77,snap,5v4,1,1,0,0,0,2,67,3,shot-on-goal,18.03,0
2025020931,2026-02-27,196,8478397,VGK,40.46,50.01,wrist,5v4,1,1,0,0,0,2,63,-31,shot-on-goal,22.2,0
2025020931,2026-02-27,200,8482125,VGK,44.55,45.91,snap,5v5,0,0,0,0,0,2,58,32,blocked-shot,12.37,0
2025020931,2026-02-27,201,8476438,VGK,15.3,11.31,snap,5v5,0,1,0,0,0,2,74,-3,missed-shot,44.55,0
2025020931,2026-02-27,202,8482125,VGK,8.94,89.28,snap,5v5,0,1,0,0,0,2,93,8,missed-shot,15.3,0
2025020931,2026-02-27,207,8479400,WSH,26.0,89.78,snap,5v5,0,0,0,0,0,3,89,26,giveaway,14.32,0
2025020931,2026-02-27,208,8476880,WSH,55.01,1.04,slap,5v5,0,1,0,0,0,3,34,1,shot-on-goal,26.0,0
2025020931,2026-02-27,209,8479400,WSH,23.02,55.62,snap,5v5,0,1,0,0,0,3,76,19,missed-shot,55.01,0
2025020931,2026-02-27,210,8478397,VGK,61.22,38.37,wrist,5v5,0,1,0,0,0,3,41,-38,shot-on-goal,23.02,0
2025020931,2026-02-27,212,8475191,VGK,12.81,38.66,snap,5v5,0,0,0,0,0,3,79,-8,giveaway,13.0,0
2025020931,2026-02-27,216,8483890,VGK,10.05,5.71,wrist,5v5,0,0,0,0,-2,3,79,-1,hit,55.15,1
2025020931,2026-02-27,219,8484186,WSH,8.6,35.54,tip-in,5v5,0,0,0,0,0,3,82,-5,blocked-shot,32.65,0
2025020931,2026-02-27,221,8484186,WSH,11.4,15.26,tip-in,5v5,0,0,0,0,0,3,78,-3,hit,45.28,0
2025020931,2026-02-27,227,8471214,WSH,34.13,31.83,snap,5v5,0,0,0,0,0,3,60,18,faceoff,29.73,0
2025020931,2026-02-27,230,8479400,WSH,22.47,32.28,snap,5v5,0,0,0,0,0,3,70,12,faceoff,29.73,0
2025020931,2026-02-27,234,8481656,WSH,39.6,45.0,snap,5v5,0,0,0,0,0,3,61,-28,giveaway,25.18,0
2025020931,2026-02-27,239,8484186,WSH,29.15,30.96,snap,5v4,1,0,0,0,0,3,64,-15,faceoff,29.73,0
2025020931,2026-02-27,240,8471214,WSH,29.21,38.05,snap,5v4,1,1,0,0,0,3,66,18,missed-shot,29.15,0
2025020931,2026-02-27,244,8478397,VGK,28.79,20.32,snap,5v5,0,0,0,0,0,3,62,-10,hit,7.21,0
2025020931,2026-02-27,247,8478397,VGK,35.36,45.0,slap,5v5,0,0,0,0,0,3,64,-25,blocked-shot,33.84,0
2025020931,2026-02-27,249,8475191,VGK,41.48,15.38,snap,5v5,0,0,0,0,0,3,49,11,blocked-shot,20.4,0
2025020931,2026-02-27,254,8476881,VGK,21.59,13.39,tip-in,5v4,1,0,0,0,-1,3,68,-5,faceoff,29.73,1
2025020931,2026-02-27,258,8477964,VGK,8.94,89.28,wrist,5v5,0,0,0,0,0,3,93,-8,hit,13.45,0
2025020931,2026-02-27,259,8476925,VGK,8.06,29.74,backhand,5v5,0,1,0,0,0,3,82,4,shot-on-goal,8.94,0
2025020931,2026-02-27,266,8479520,WSH,44.05,50.53,snap,5v5,0,0,0,0,0,3,61,34,giveaway,40.02,0
2025020931,2026-02-27,269,8477964,VGK,10.63,48.81,tip-in,5v5,0,0,0,0,0,3,82,-8,giveaway,59.62,0
2025020931,2026-02-27,272,8476438,VGK,16.64,57.26,snap,5v5,0,0,0,0,0,3,80,-14,blocked-shot,14.87,0
2025020931,2026-02-27,276,8478397,VGK,48.83,55.01,snap,5v5,0,0,0,0,0,3,61,-40,faceoff,29.73,0
2025020931,2026-02-27,279,8476880,WSH,76.54,28.91,snap,5v5,0,0,0,0,0,3,22,-37,giveaway,24.33,0
2025020931,2026-02-27,284,8475913,VGK,31.26,7.35,snap,5v5,0,0,0,0,0,3,58,-4,faceoff,89.0,0
2025020931,2026-02-27,288,8479345,WSH,32.02,1.79,deflected,5v4,1,0,0,0,0,3,57,1,blocked-shot,25.71,0
2025020931,2026-02-27,291,8478483,VGK,7.81,39.81,wrist,4v5,0,0,0,0,0,3,83,-5,hit,22.2,0
2025020931,2026-02-27,292,8475191,VGK,12.65,18.43,wrist,4v5,0,1,0,0,0,3,77,-4,shot-on-goal,7.81,0
2025020931,2026-02-27,293,8478396,VGK,9.06,6.34,backhand,4v5,0,1,0,0,0,3,80,-1,shot-on-goal,12.65,0
2025020931,2026-02-27,298,8479400,WSH,38.33,7.5,snap,5v4,1,0,0,0,0,3,51,5,giveaway,35.47,0
2025020931,2026-02-27,305,8475913,VGK,7.62,23.2,deflected,6v5,1,0,0,0,0,3,82,3,faceoff,29.73,0
2025020931,2026-02-27,310,8476881,VGK,22.36,10.3,tip-in,6v5,1,0,0,0,0,3,67,-4,blocked-shot,2.83,0
2025020931,2026-02-27,311,8478403,VGK,53.04,45.76,snap,6v5,1,1,0,0,0,3,52,-38,missed-shot,22.36,0
2025020931,2026-02-27,314,8476881,VGK,25.94,27.55,wrist,6v5,1,0,0,0,0,3,66,12,blocked-shot,12.65,0
2025020932,2026-02-27,4,8478136,MIN,43.05,30.74,backhand,5v5,0,0,0,0,0,1,52,-22,faceoff,89.0,0
2025020932,2026-02-27,7,8477451,MIN,37.22,30.7,wrist,5v5,0,0,0,0,0,1,57,19,faceoff,29.73,0
2025020932,2026-02-27,8,8483525,MIN,70.94,21.5,slap,5v5,0,1,0,0,0,1,23,26,missed-shot,37.22,0
2025020932,2026-02-27,11,8477451,MIN,22.8,37.87,tip-in,5v5,0,0,0,0,0,1,71,-14,faceoff,29.73,0
2025020932,2026-02-27,13,8475692,MIN,40.25,26.57,snap,5v5,0,0,0,0,0,1,53,18,hit,57.49,0
2025020932,2026-02-27,15,8482175,UTA,84.15,3.41,tip-in,5v5,0,0,0,0,0,1,5,5,giveaway,73.5,0
2025020932,2026-02-27,27,8477220,UTA,64.9,33.69,slap,5v5,0,0,0,0,0,1,35,36,faceoff,29.73,0
2025020932,2026-02-27,28,8482699,UTA,53.34,6.46,slap,5v5,0,1,0,0,0,1,36,-6,shot-on-goal,64.9,0
2025020932,2026-02-27,31,8477451,MIN,10.77,21.8,wrist,5v5,0,0,0,0,0,1,79,4,faceoff,29.73,0
2025020932,2026-02-27,32,8477451,MIN,19.24,8.97,wrist,5v5,0,1,0,0,0,1,70,3,shot-on-goal,10.77,0
2025020932,2026-02-27,35,8477951,UTA,44.1,3.9,snap,5v5,0,0,0,0,0,1,45,-3,giveaway,64.2,0
2025020932,2026-02-27,38,8474013,UTA,55.66,17.78,slap,5v5,0,0,0,0,0,1,36,17,faceoff,29.73,0
2025020932,2026-02-27,39,8475765,MIN,18.0,89.68,snap,5v5,0,1,0,0,0,1,89,18,shot-on-goal,55.66,0
2025020932,2026-02-27,40,8480849,UTA,46.14,29.9,snap,5v5,0,1,0,0,0,1,49,-23,shot-on-goal,18.0,0
2025020932,2026-02-27,46,8482699,UTA,12.81,38.66,snap,5v4,1,0,0,0,0,1,79,8,blocked-shot,9.49,0
2025020932,2026-02-27,47,8477951,UTA,10.2,11.31,wrist,5v4,1,1,0,0,0,1,79,2,shot-on-goal,12.81,0
2025020932,2026-02-27,50,8480434,UTA,34.53,10.01,snap,5v4,1,0,0,0,0,1,55,-6,faceoff,29.73,0
2025020932,2026-02-27,55,8479343,UTA,18.03,3.18,tip-in,5v5,0,0,0,0,0,1,71,-1,hit,82.3,0
2025020932,2026-02-27,56,8479343,UTA,48.05,12.01,snap,5v5,0,1,0,0,0,1,42,10,missed-shot,18.03,0
2025020932,2026-02-27,57,8474013,UTA,64.2,4.47,slap,5v5,0,1,0,0,0,1,25,-5,missed-shot,48.05,0
2025020932,2026-02-27,61,8482094,MIN,45.0,53.13,snap,5v5,0,0,0,0,0,1,62,36,giveaway,29.15,0
2025020932,2026-02-27,72,8480855,UTA,18.0,0.0,tip-in,4v5,0,0,0,0,0,1,71,0,giveaway,44.82,0
2025020932,2026-02-27,73,8483431,UTA,17.0,61.93,snap,4v5,0,1,0,0,1,1,81,-15,missed-shot,18.0,1
2025020932,2026-02-27,77,8478474,UTA,43.42,14.68,slap,5v5,0,0,0,0,0,1,47,11,hit,43.01,0
2025020932,2026-02-27,78,8481477,MIN,25.71,13.5,snap,5v5,0,1,0,0,0,1,64,-6,shot-on-goal,43.42,0
2025020932,2026-02-27,82,8479619,UTA,41.87,40.16,snap,5v5,0,0,0,0,0,1,57,-27,blocked-shot,10.2,0
2025020932,2026-02-27,84,8480855,UTA,10.3,60.95,wrist,5v5,0,0,0,0,0,1,84,9,takeaway,5.39,0
2025020932,2026-02-27,86,8474013,UTA,64.4,25.77,slap,5v5,0,0,0,0,0,1,31,28,blocked-shot,33.54,0
2025020932,2026-02-27,87,8482699,UTA,15.65,63.43,backhand,5v5,0,1,0,0,0,1,82,14,shot-on-goal,64.4,0
2025020932,2026-02-27,89,8482699,UTA,26.17,43.45,slap,5v5,0,0,0,0,0,1,70,-18,hit,42.05,0
2025020932,2026-02-27,90,8481557,MIN,23.19,7.43,snap,5v5,0,1,0,0,0,1,66,3,shot-on-goal,26.17,0
2025020932,2026-02-27,91,8478493,MIN,11.18,10.3,tip-in,5v5,0,1,0,0,0,1,78,-2,missed-shot,23.19,0
2025020932,2026-02-27,100,8480800,MIN,21.47,62.24,snap,5v5,0,0,0,0,0,1,79,19,giveaway,85.38,0
2025020932,2026-02-27,101,8477021,UTA,45.88,20.41,snap,5v5,0,1,0,0,0,1,46,-16,shot-on-goal,21.47,0
2025020932,2026-02-27,102,8482699,UTA,17.09,20.56,wrist,5v5,0,1,0,0,0,1,73,6,missed-shot,45.88,0
2025020932,2026-02-27,114,8481557,MIN,8.49,45.0,backhand,5v5,0,0,0,0,0,2,83,6,takeaway,19.72,0
2025020932,2026-02-27,117,8478864,MIN,36.4,37.18,snap,5v5,0,0,0,0,0,2,60,22,faceoff,29.73,0
2025020932,2026-02-27,121,8477951,UTA,44.41,54.16,snap,5v5,0,0,0,0,0,2,63,-36,giveaway,66.57,0
2025020932,2026-02-27,123,8477220,UTA,51.08,23.05,slap,5v5,0,0,0,0,0,2,42,20,hit,66.03,0
2025020932,2026-02-27,124,8478507,UTA,34.67,33.23,slap,5v5,0,1,0,0,0,2,60,-19,missed-shot,51.08,0
2025020932,2026-02-27,127,8483431,UTA,6.4,51.34,wrist,5v5,0,0,0,0,0,2,85,-5,faceoff,29.73,0
2025020932,2026-02-27,128,8483431,UTA,8.6,54.46,wrist,5v5,0,1,0,0,0,2,84,7,shot-on-goal,6.4,0
2025020932,2026-02-27,134,8479343,UTA,16.55,25.02,wrist,5v5,0,0,0,0,2,2,74,7,takeaway,39.56,1
2025020932,2026-02-27,142,8482175,UTA,46.1,3.73,snap,5v5,0,0,0,0,0,2,43,-3,blocked-shot,54.92,0
2025020932,2026-02-27,145,8483431,UTA,54.33,6.34,snap,5v5,0,0,0,0,0,2,35,-6,giveaway,41.44,0
2025020932,2026-02-27,149,8478474,UTA,12.53,28.61,backhand,5v5,0,0,0,0,3,2,78,-6,takeaway,32.2,1
2025020932,2026-02-27,156,8475692,MIN,49.73,15.15,snap,5v5,0,0,0,0,0,2,41,13,takeaway,42.06,0
2025020932,2026-02-27,159,8478474,UTA,20.88,16.7,slap,5v5,0,0,0,0,0,2,69,-6,blocked-shot,33.3,0
2025020932,2026-02-27,163,8478474,UTA,37.05,3.09,snap,5v5,0,0,0,0,0,2,52,2,giveaway,65.37,0
2025020932,2026-02-27,166,8475692,MIN,71.03,35.26,backhand,5v5,0,0,0,0,0,2,31,-41,faceoff,72.42,0
2025020932,2026-02-27,171,8479410,UTA,49.68,40.1,snap,5v5,0,0,0,0,0,2,51,32,hit,33.06,0
2025020932,2026-02-27,181,8481557,MIN,22.2,54.16,snap,5v4,1,0,0,0,0,2,76,18,faceoff,29.73,0
2025020932,2026-02-27,184,8475692,MIN,38.6,73.44,snap,5v4,1,0,0,0,0,2,78,37,faceoff,29.73,0
2025020932,2026-02-27,185,8481557,MIN,17.69,42.71,tip-in,5v4,1,1,0,0,0,2,76,12,shot-on-goal,38.6,0
2025020932,2026-02-27,186,8478864,MIN,7.07,45.0,wrist,5v4,1,1,0,0,-2,2,84,-5,shot-on-goal,17.69,1
2025020932,2026-02-27,190,8479343,UTA,30.0,36.87,snap,5v5,0,0,0,0,0,2,65,18,giveaway,91.22,0
2025020932,2026-02-27,194,8478864,MIN,38.28,19.86,slap,5v5,0,0,0,0,0,2,53,-13,hit,28.02,0
2025020932,2026-02-27,195,8478864,MIN,24.04,16.93,snap,5v5,0,1,0,0,0,2,66,7,missed-shot,38.28,0
2025020932,2026-02-27,207,8481557,MIN,45.61,15.26,slap,5v4,1,0,0,0,0,2,45,-12,giveaway,89.05,0
2025020932,2026-02-27,209,8477451,MIN,13.15,8.75,backhand,5v4,1,0,0,0,0,2,76,-2,blocked-shot,8.54,0
2025020932,2026-02-27,212,8478474,UTA,17.26,10.01,snap,4v5,0,0,0,0,0,2,72,3,faceoff,29.73,0
2025020932,2026-02-27,213,8479410,UTA,15.3,89.62,snap,4v5,0,1,0,0,0,2,92,-15,shot-on-goal,17.26,0
2025020932,2026-02-27,222,8480849,UTA,11.4,37.87,slap,5v4,1,0,0,0,3,3,80,7,blocked-shot,10.2,1
2025020932,2026-02-27,231,8477451,MIN,21.93,43.15,backhand,5v5,0,0,0,0,0,3,73,-15,giveaway,83.67,0
2025020932,2026-02-27,236,8479410,UTA,49.01,1.17,slap,5v4,1,0,0,0,0,3,40,-1,giveaway,13.04,0
2025020932,2026-02-27,237,8479343,UTA,39.2,37.75,slap,5v4,1,1,0,0,0,3,58,-24,shot-on-goal,49.01,0
2025020932,2026-02-27,238,8479410,UTA,33.73,11.98,snap,5v4,1,1,0,0,0,3,56,7,missed-shot,39.2,0
2025020932,2026-02-27,241,8481557,MIN,7.21,33.69,backhand,4v5,0,0,0,0,0,3,83,-4,takeaway,67.12,0
2025020932,2026-02-27,242,8475220,MIN,34.18,20.56,snap,5v5,0,1,0,0,0,3,57,12,shot-on-goal,7.21,0
2025020932,2026-02-27,244,8478474,UTA,10.63,41.19,backhand,5v5,0,0,0,0,0,3,81,-7,giveaway,34.21,0
2025020932,2026-02-27,246,8479410,UTA,49.48,14.04,snap,5v5,0,0,0,0,0,3,41,12,giveaway,42.72,0
2025020932,2026-02-27,252,8480849,UTA,8.06,29.74,tip-in,5v5,0,0,0,0,0,3,82,4,hit,63.01,0
2025020932,2026-02-27,255,8482699,UTA,35.23,34.59,snap,5v5,0,0,0,0,0,3,60,20,faceoff,29.73,0
2025020932,2026-02-27,263,8479619,UTA,5.83,30.96,backhand,5v5,0,0,0,0,0,3,84,3,hit,40.5,0
2025020932,2026-02-27,264,8481557,MIN,16.16,68.2,snap,5v5,0,1,0,0,0,3,83,15,shot-on-goal,5.83,0
2025020932,2026-02-27,269,8477021,UTA,65.76,28.12,deflected,5v5,0,0,0,0,0,3,31,31,faceoff,29.73,0
2025020932,2026-02-27,273,8474567,MIN,42.52,48.81,slap,5v5,0,0,0,0,0,3,61,-32,blocked-shot,35.47,0
2025020932,2026-02-27,274,8478474,UTA,13.15,8.75,tip-in,5v5,0,1,0,0,4,3,76,2,missed-shot,42.52,1
2025020932,2026-02-27,276,8474716,MIN,25.0,53.13,snap,5v5,0,0,0,0,0,3,74,-20,faceoff,89.0,0
2025020932,2026-02-27,277,8476994,MIN,18.68,74.48,backhand,5v5,0,1,0,0,0,3,84,18,shot-on-goal,25.0,0
2025020932,2026-02-27,280,8481557,MIN,26.4,52.7,snap,5v5,0,0,0,0,0,3,73,21,blocked-shot,31.38,0
2025020932,2026-02-27,281,8481557,MIN,11.66,30.96,wrist,5v5,0,1,0,0,-3,3,79,6,shot-on-goal,26.4,1
2025020932,2026-02-27,284,8478831,UTA,24.7,58.24,snap,5v5,0,0,0,0,0,3,76,-21,hit,40.5,0
2025020932,2026-02-27,287,8482699,UTA,30.48,48.99,slap,5v5,0,0,0,0,0,3,69,-23,faceoff,29.73,0
2025020932,2026-02-27,296,8478508,MIN,6.4,51.34,bat,5v5,0,0,0,0,0,3,85,-5,blocked-shot,19.42,0
2025020932,2026-02-27,299,8480800,MIN,41.01,45.0,snap,5v5,0,0,0,0,0,3,60,29,giveaway,56.08,0
2025020932,2026-02-27,300,8482175,UTA,12.17,9.46,backhand,5v5,0,1,0,0,0,3,77,-2,shot-on-goal,41.01,0
2025020932,2026-02-27,301,8476994,MIN,44.82,38.66,snap,5v5,0,1,0,0,0,3,54,-28,shot-on-goal,12.17,0
2025020933,2026-02-27,4,8480068,ANA,37.22,30.7,wrist,5v5,0,0,0,0,0,1,57,19,takeaway,39.96,0
2025020933,2026-02-27,5,8480113,WPG,40.36,41.99,snap,5v5,0,1,0,0,1,1,59,-27,missed-shot,37.22,1
2025020933,2026-02-27,9,8481572,WPG,64.14,30.96,wrist,5v5,0,0,0,0,0,1,34,-33,blocked-shot,33.3,0
2025020933,2026-02-27,12,8476885,ANA,62.68,33.94,snap,5v5,0,0,0,0,0,1,37,-35,takeaway,22.56,0
2025020933,2026-02-27,17,8483510,WPG,20.4,11.31,snap,5v5,0,0,0,0,0,1,69,4,faceoff,29.73,0
2025020933,2026-02-27,22,8479705,ANA,5.83,59.04,wrist,5v5,0,0,0,0,0,1,86,-5,hit,40.52,0
2025020933,2026-02-27,26,8481563,ANA,61.29,28.24,snap,5v5,0,0,0,0,0,1,35,-29,delayed-penalty,89.0,0
2025020933,2026-02-27,30,8484762,ANA,6.32,71.57,backhand,5v4,1,0,0,0,0,1,87,6,faceoff,29.73,0
2025020933,2026-02-27,31,8475184,ANA,11.7,70.02,snap,5v4,1,1,0,0,0,1,85,-11,missed-shot,6.32,0
2025020933,2026-02-27,32,8481605,ANA,57.27,12.09,snap,5v4,1,1,0,0,0,1,33,-12,shot-on-goal,11.7,0
2025020933,2026-02-27,42,8476460,WPG,8.6,89.18,wrist,5v5,0,0,0,0,0,1,94,-7,faceoff,29.73,0
2025020933,2026-02-27,44,8478424,ANA,9.0,0.0,snap,5v5,0,0,0,0,0,1,80,0,giveaway,38.12,0
2025020933,2026-02-27,45,8480068,ANA,50.22,35.27,slap,5v5,0,1,0,0,0,1,48,29,missed-shot,9.0,0
2025020933,2026-02-27,49,8478424,ANA,20.81,35.22,snap,5v5,0,0,0,0,0,1,72,-12,hit,27.29,0
2025020933,2026-02-27,54,8482745,ANA,20.0,53.13,tip-in,5v5,0,0,0,0,0,1,77,16,faceoff,29.73,0
2025020933,2026-02-27,56,8479705,ANA,29.12,15.95,snap,5v5,0,0,0,0,0,1,61,-8,takeaway,27.07,0
2025020933,2026-02-27,57,8484153,ANA,75.71,12.2,tip-in,5v5,0,1,0,0,0,1,15,-16,missed-shot,29.12,0
2025020933,2026-02-27,59,8478398,WPG,22.02,50.53,slap,5v5,0,0,0,0,0,1,75,17,giveaway,77.37,0
2025020933,2026-02-27,60,8480014,WPG,9.06,83.66,wrist,5v5,0,1,0,0,0,1,88,9,shot-on-goal,22.02,0
2025020933,2026-02-27,65,8478398,WPG,22.2,54.16,snap,5v4,1,0,0,0,0,1,76,-18,faceoff,29.73,0
2025020933,2026-02-27,67,8482149,WPG,21.95,30.07,snap,5v4,1,0,0,0,0,1,70,11,giveaway,21.59,0
2025020933,2026-02-27,68,8480014,WPG,4.24,45.0,tip-in,5v4,1,1,0,0,0,1,86,-3,shot-on-goal,21.95,0
2025020933,2026-02-27,74,8480289,WPG,11.0,0.0,snap,5v5,0,0,0,0,0,1,78,0,hit,66.03,0
2025020933,2026-02-27,75,8476392,WPG,10.63,41.19,wrist,5v5,0,1,0,0,0,1,81,-7,shot-on-goal,11.0,0
2025020933,2026-02-27,77,8480289,WPG,25.63,20.56,tip-in,5v5,0,0,0,0,0,1,65,9,blocked-shot,20.62,0
2025020933,2026-02-27,79,8481572,WPG,38.64,10.44,slap,5v5,0,0,0,0,0,1,51,7,giveaway,14.14,0
2025020933,2026-02-27,82,8479378,WPG,58.52,16.89,snap,5v5,0,0,0,0,0,1,33,17,faceoff,29.73,0
2025020933,2026-02-27,84,8483490,ANA,62.2,36.5,snap,5v5,0,0,0,0,0,1,39,37,giveaway,34.01,0
2025020933,2026-02-27,85,8481563,ANA,45.79,58.39,snap,5v5,0,1,0,0,0,1,65,-39,missed-shot,62.2,0
2025020933,2026-02-27,96,8481605,ANA,39.0,0.0,slap,5v5,0,0,0,0,0,2,50,0,takeaway,46.01,0
2025020933,2026-02-27,99,8480049,WPG,36.67,79.0,wrist,5v5,0,0,0,0,0,2,82,-36,faceoff,29.73,0
2025020933,2026-02-27,102,8476392,WPG,10.77,21.8,wrist,5v5,0,0,0,0,0,2,79,4,giveaway,12.17,0
2025020933,2026-02-27,108,8480014,WPG,20.22,8.53,snap,5v4,1,0,0,0,2,2,69,-3,blocked-shot,33.02,1
2025020933,2026-02-27,112,8482803,ANA,48.27,39.96,wrist,5v5,0,0,0,0,0,2,52,31,hit,31.0,0
2025020933,2026-02-27,113,8478424,ANA,6.08,9.46,backhand,5v5,0,1,0,0,0,2,83,1,shot-on-goal,48.27,0
2025020933,2026-02-27,114,8478424,ANA,5.39,21.8,backhand,5v5,0,1,0,0,0,2,84,2,shot-on-goal,6.08,0
2025020933,2026-02-27,120,8485512,ANA,17.0,28.07,wrist,4v5,0,0,0,0,0,2,74,8,giveaway,66.4,0
2025020933,2026-02-27,121,8481605,ANA,13.15,8.75,backhand,4v5,0,1,0,0,0,2,76,-2,shot-on-goal,17.0,0
2025020933,2026-02-27,122,8482149,WPG,30.68,19.03,snap,5v4,1,1,0,0,0,2,60,-10,shot-on-goal,13.15,0
2025020933,2026-02-27,127,8476871,WPG,10.82,33.69,tip-in,5v5,0,0,0,0,0,2,80,-6,faceoff,29.73,0
2025020933,2026-02-27,128,8476392,WPG,15.0,0.0,tip-in,5v5,0,1,0,0,0,2,74,0,missed-shot,10.82,0
2025020933,2026-02-27,129,8484153,ANA,10.0,36.87,snap,5v5,0,1,0,0,0,2,81,-6,missed-shot,15.0,0
2025020933,2026-02-27,130,8482745,ANA,17.03,49.76,wrist,5v5,0,1,0,0,0,2,78,-13,shot-on-goal,10.0,0
2025020933,2026-02-27,131,8479705,ANA,31.3,26.57,snap,5v5,0,1,0,0,0,2,61,-14,missed-shot,17.03,0
2025020933,2026-02-27,136,8482803,ANA,57.08,3.01,snap,5v5,0,0,0,0,0,2,32,3,hit,60.96,0
2025020933,2026-02-27,137,8476871,WPG,33.3,48.65,wrist,5v5,0,1,0,0,0,2,67,25,missed-shot,57.08,0
2025020933,2026-02-27,139,8473604,WPG,6.08,89.05,snap,5v5,0,0,0,0,0,2,90,6,blocked-shot,13.6,0
2025020933,2026-02-27,141,8483510,WPG,29.83,39.56,wrist,5v5,0,0,0,0,0,2,66,19,blocked-shot,18.6,0
2025020933,2026-02-27,142,8473604,WPG,11.7,70.02,snap,5v5,0,1,0,0,0,2,85,11,shot-on-goal,29.83,0
2025020933,2026-02-27,143,8480049,WPG,52.55,21.19,slap,5v5,0,1,0,0,0,2,40,-19,shot-on-goal,11.7,0
2025020933,2026-02-27,144,8483510,WPG,58.05,10.92,wrist,5v5,0,1,0,0,0,2,32,11,missed-shot,52.55,0
2025020933,2026-02-27,149,8485512,ANA,50.33,40.97,snap,5v5,0,0,0,0,0,2,51,33,giveaway,31.4,0
2025020933,2026-02-27,153,8483445,ANA,35.85,30.14,snap,5v5,0,0,0,0,0,2,58,-18,hit,88.55,0
2025020933,2026-02-27,159,8482803,ANA,27.59,46.47,snap,5v5,0,0,0,0,0,2,70,20,takeaway,36.88,0
2025020933,2026-02-27,160,8482803,ANA,11.05,89.48,snap,5v5,0,1,0,0,0,2,90,11,shot-on-goal,27.59,0
2025020933,2026-02-27,161,8483445,ANA,11.18,79.7,wrist,5v5,0,1,0,0,0,2,87,-11,missed-shot,11.05,0
2025020933,2026-02-27,166,8476871,WPG,46.69,46.74,snap,5v5,0,0,0,0,0,2,57,-34,hit,31.38,0
2025020933,2026-02-27,167,8481572,WPG,35.13,85.1,snap,5v5,0,1,0,0,0,2,86,35,shot-on-goal,46.69,0
2025020933,2026-02-27,174,8476460,WPG,26.17,6.58,tip-in,5v5,0,0,0,0,0,2,63,-3,hit,27.46,0
2025020933,2026-02-27,175,8481563,ANA,46.87,33.69,slap,5v5,0,1,0,0,0,2,50,-26,missed-shot,26.17,0
2025020933,2026-02-27,179,8479705,ANA,13.42,26.57,deflected,5v5,0,0,0,0,0,2,77,-6,hit,17.49,0
2025020933,2026-02-27,183,8482745,ANA,6.4,51.34,wrist,5v5,0,0,0,0,0,2,85,5,giveaway,43.66,0
2025020933,2026-02-27,184,8479705,ANA,8.94,26.57,backhand,5v5,0,1,0,0,0,2,81,4,shot-on-goal,6.4,0
2025020933,2026-02-27,187,8476460,WPG,10.0,53.13,snap,5v5,0,0,0,0,0,2,83,-8,takeaway,50.93,0
2025020933,2026-02-27,189,8482178,ANA,12.08,24.44,snap,5v5,0,0,0,0,0,2,78,5,hit,41.11,0
2025020933,2026-02-27,190,8481605,ANA,47.01,38.09,slap,5v5,0,1,0,0,0,2,52,29,shot-on-goal,12.08,0
2025020933,2026-02-27,191,8485512,ANA,4.47,88.57,wrap-around,5v5,0,1,0,0,0,2,91,4,shot-on-goal,47.01,0
2025020933,2026-02-27,192,8482178,ANA,9.06,6.34,wrist,5v5,0,1,0,0,0,2,80,-1,shot-on-goal,4.47,0
2025020933,2026-02-27,193,8476885,ANA,64.35,32.95,slap,5v5,0,1,0,0,-1,2,35,-35,missed-shot,9.06,1
2025020933,2026-02-27,196,8482149,WPG,46.14,29.9,snap,5v5,0,0,0,0,0,2,49,23,giveaway,36.12,0
2025020933,2026-02-27,197,8476392,WPG,7.21,56.31,wrist,5v5,0,1,0,0,0,2,85,6,shot-on-goal,46.14,0
2025020933,2026-02-27,201,8475184,ANA,12.17,9.46,tip-in,5v5,0,0,0,0,0,3,77,-2,faceoff,89.0,0
2025020933,2026-02-27,205,8482149,WPG,58.9,40.18,snap,5v5,0,0,0,0,0,3,44,38,faceoff,29.73,0
2025020933,2026-02-27,209,8483510,WPG,40.31,29.74,snap,5v5,0,0,0,0,2,3,54,-20,blocked-shot,20.25,1
2025020933,2026-02-27,211,8479705,ANA,35.23,6.52,snap,5v5,0,0,0,0,0,3,54,-4,faceoff,89.0,0
2025020933,2026-02-27,216,8476885,ANA,70.83,30.55,slap,5v5,0,0,0,0,0,3,28,-36,faceoff,29.73,0
2025020933,2026-02-27,220,8476460,WPG,30.81,35.75,slap,5v5,0,0,0,0,0,3,64,18,giveaway,90.96,0
2025020933,2026-02-27,223,8480014,WPG,34.71,48.5,snap,5v5,0,0,0,0,0,3,66,-26,takeaway,86.38,0
2025020933,2026-02-27,224,8476460,WPG,14.21,50.71,deflected,5v5,0,1,0,0,0,3,80,-11,shot-on-goal,34.71,0
2025020933,2026-02-27,227,8482149,WPG,42.3,6.79,wrist,5v5,0,0,0,0,0,3,47,5,faceoff,29.73,0
2025020933,2026-02-27,230,8477527,ANA,14.76,61.7,tip-in,5v5,0,0,0,0,0,3,82,13,faceoff,29.73,0
2025020933,2026-02-27,232,8475462,ANA,69.32,26.57,slap,5v5,0,0,0,0,0,3,27,-31,hit,40.5,0
2025020933,2026-02-27,233,8483445,ANA,70.46,34.59,snap,5v5,0,1,0,0,0,3,31,40,missed-shot,69.32,0
2025020933,2026-02-27,236,8484762,ANA,46.1,40.6,slap,5v4,1,0,0,0,0,3,54,30,faceoff,29.73,0
2025020933,2026-02-27,238,8484153,ANA,10.3,29.05,tip-in,5v4,1,0,0,0,0,3,80,-5,takeaway,67.42,0
2025020933,2026-02-27,239,8481605,ANA,5.1,78.69,backhand,5v4,1,1,0,0,0,3,88,-5,missed-shot,10.3,0
2025020933,2026-02-27,240,8481605,ANA,4.12,75.96,bat,5v4,1,1,0,0,0,3,88,-4,shot-on-goal,5.1,0
2025020933,2026-02-27,241,8484153,ANA,8.54,20.56,snap,5v4,1,1,0,0,-1,3,81,3,missed-shot,4.12,1
2025020933,2026-02-27,245,8473604,WPG,25.06,61.39,wrist,5v5,0,0,0,0,0,3,77,22,blocked-shot,27.73,0
2025020933,2026-02-27,247,8475462,ANA,56.65,20.67,slap,5v5,0,0,0,0,0,3,36,-20,blocked-shot,22.02,0
2025020933,2026-02-27,250,8475462,ANA,6.08,80.54,backhand,5v5,0,0,0,0,0,3,88,-6,blocked-shot,24.08,0
2025020933,2026-02-27,254,8479705,ANA,50.25,31.16,slap,5v5,0,0,0,0,0,3,46,-26,hit,17.09,0
2025020933,2026-02-27,257,8484762,ANA,47.51,40.73,snap,5v5,0,0,0,0,0,3,53,-31,faceoff,29.73,0
2025020933,2026-02-27,258,8483490,ANA,16.4,37.57,snap,5v5,0,1,0,0,0,3,76,10,shot-on-goal,47.51,1
2025020933,2026-02-27,260,8473986,ANA,59.2,37.45,wrist,5v5,0,0,0,0,0,3,42,-36,faceoff,89.0,0
2025020933,2026-02-27,262,8481043,WPG,4.0,88.57,wrap-around,5v5,0,0,0,0,0,3,89,-4,hit,22.8,0
2025020933,2026-02-27,263,8474568,WPG,52.5,40.36,slap,5v5,0,1,0,0,0,3,49,-34,missed-shot,4.0,0
2025020933,2026-02-27,267,8480113,WPG,19.42,34.51,snap,5v5,0,0,0,0,0,3,73,11,blocked-shot,53.0,0
2025020933,2026-02-27,271,8474679,WPG,8.94,26.57,tip-in,5v5,0,0,0,0,0,3,81,-4,takeaway,20.12,0
2025020933,2026-02-27,274,8476331,WPG,46.32,13.74,snap,5v5,0,0,0,0,0,3,44,-11,hit,63.13,0
2025020933,2026-02-27,275,8478398,WPG,21.84,15.95,snap,5v5,0,1,0,0,0,3,68,6,missed-shot,46.32,0
2025020933,2026-02-27,276,8479378,WPG,41.23,39.09,wrist,5v5,0,1,0,0,0,3,57,26,missed-shot,21.84,0
2025020933,2026-02-27,284,8478398,WPG,31.24,50.19,slap,5v4,1,0,0,0,0,3,69,-24,blocked-shot,37.22,0
2025020933,2026-02-27,290,8480068,ANA,16.97,45.0,snap,5v5,0,0,0,0,1,3,77,12,hit,51.4,1
2025020933,2026-02-27,296,8478398,WPG,19.72,30.47,wrist,6v5,1,0,0,0,0,3,72,-10,blocked-shot,43.1,1
2025020933,2026-02-27,298,8480289,WPG,6.0,0.0,tip-in,5v5,0,0,0,0,0,3,83,0,faceoff,89.0,0
2025020933,2026-02-27,299,8480289,WPG,7.07,8.13,bat,5v5,0,1,0,0,0,3,82,1,shot-on-goal,6.0,0
2025020933,2026-02-27,312,8481605,ANA,36.4,37.18,snap,3v3,0,0,0,0,0,4,60,22,takeaway,41.05,0
2025020933,2026-02-27,313,8479378,WPG,32.65,40.03,snap,3v3,0,1,0,0,0,4,64,21,shot-on-goal,36.4,0
2025020933,2026-02-27,314,8484762,ANA,28.16,16.5,snap,3v3,0,1,0,0,0,4,62,8,shot-on-goal,32.65,0
2025020933,2026-02-27,315,8476885,ANA,9.43,32.01,backhand,3v3,0,1,0,0,0,4,81,5,shot-on-goal,28.16,0
2025020933,2026-02-27,316,8483445,ANA,18.6,53.75,backhand,3v3,0,1,0,0,0,4,78,-15,shot-on-goal,9.43,0
2025020933,2026-02-27,317,8482803,ANA,40.45,8.53,snap,3v3,0,1,0,0,0,4,49,-6,missed-shot,18.6,0
2025020933,2026-02-27,318,8478398,WPG,17.2,35.54,wrist,3v3,0,1,0,0,0,4,75,-10,shot-on-goal,40.45,0
2025020933,2026-02-27,319,8480049,WPG,35.61,38.16,snap,3v3,0,1,0,0,0,4,61,22,missed-shot,17.2,0
2025020933,2026-02-27,321,8474679,WPG,31.24,39.81,poke,3v3,0,0,0,0,0,4,65,-20,takeaway,86.4,0
2025020933,2026-02-27,322,8475184,ANA,1.41,45.0,backhand,3v3,0,1,0,0,1,4,88,1,shot-on-goal,31.24,1
2025020918,2026-02-26,2,8482705,CBJ,42.45,15.02,wrist,5v5,0,0,0,0,0,1,48,-11,faceoff,89.0,0
2025020918,2026-02-26,4,8479671,CBJ,7.28,15.95,backhand,5v5,0,0,0,0,0,1,82,2,blocked-shot,7.07,0
2025020918,2026-02-26,6,8479999,BOS,25.46,45.0,wrist,5v5,0,0,0,0,0,1,71,-18,blocked-shot,29.68,0
2025020918,2026-02-26,7,8482511,BOS,62.59,12.93,wrist,5v5,0,1,0,0,0,1,28,14,shot-on-goal,25.46,0
2025020918,2026-02-26,10,8477956,BOS,42.43,8.13,snap,5v5,0,0,0,0,0,1,47,6,faceoff,29.73,0
2025020918,2026-02-26,13,8478500,CBJ,44.64,15.59,wrist,5v5,0,0,0,0,0,1,46,12,blocked-shot,29.02,0
2025020918,2026-02-26,15,8479671,CBJ,6.32,18.43,backhand,5v5,0,0,0,0,0,1,83,-2,hit,46.14,0
2025020918,2026-02-26,19,8480893,CBJ,17.0,0.0,wrist,5v5,0,0,0,0,0,1,72,0,blocked-shot,11.05,0
2025020918,2026-02-26,20,8478460,CBJ,71.56,33.02,wrist,5v5,0,1,0,0,0,1,29,39,missed-shot,17.0,0
2025020918,2026-02-26,21,8480893,CBJ,24.52,11.77,snap,5v5,0,1,0,0,1,1,65,-5,missed-shot,71.56,1
2025020918,2026-02-26,23,8479591,BOS,34.13,58.17,snap,5v5,0,0,0,0,0,1,71,29,faceoff,89.0,0
2025020918,2026-02-26,30,8478401,BOS,18.44,12.53,tip-in,5v5,0,0,0,0,0,1,71,4,giveaway,21.02,0
2025020918,2026-02-26,31,8477956,BOS,18.44,77.47,wrist,5v5,0,1,0,0,0,1,85,18,missed-shot,18.44,0
2025020918,2026-02-26,33,8477496,BOS,5.83,59.04,wrist,5v5,0,0,0,0,0,1,86,5,blocked-shot,8.06,0
2025020918,2026-02-26,34,8477496,BOS,5.83,59.04,wrist,5v5,0,1,0,0,0,1,86,5,shot-on-goal,5.83,0
2025020918,2026-02-26,35,8477496,BOS,4.12,75.96,wrist,5v5,0,1,0,0,0,1,88,4,shot-on-goal,5.83,0
2025020918,2026-02-26,40,8479671,CBJ,17.12,6.71,wrist,5v5,0,0,0,0,0,1,72,2,blocked-shot,21.19,0
2025020918,2026-02-26,43,8484166,CBJ,45.25,45.0,wrist,5v5,0,0,0,0,0,1,57,32,giveaway,81.86,0
2025020918,2026-02-26,44,8484166,CBJ,26.93,21.8,wrist,5v5,0,1,0,0,0,1,64,-10,shot-on-goal,45.25,0
2025020918,2026-02-26,47,8480035,BOS,49.2,52.43,wrist,5v5,0,0,0,0,0,1,59,-39,giveaway,61.33,0
2025020918,2026-02-26,48,8478042,BOS,16.12,7.13,wrist,5v5,0,1,0,0,0,1,73,2,shot-on-goal,49.2,0
2025020918,2026-02-26,49,8477425,CBJ,31.83,43.73,snap,5v5,0,1,0,0,0,1,66,-22,missed-shot,16.12,0
2025020918,2026-02-26,50,8478500,CBJ,30.0,0.0,wrist,5v5,0,1,0,0,0,1,59,0,shot-on-goal,31.83,0
2025020918,2026-02-26,51,8477425,CBJ,43.83,62.85,wrist,5v5,0,1,0,0,0,1,69,39,shot-on-goal,30.0,0
2025020918,2026-02-26,59,8479671,CBJ,60.61,37.63,wrist,5v5,0,0,0,0,0,1,41,-37,blocked-shot,26.57,0
2025020918,2026-02-26,67,8483489,BOS,27.0,0.0,snap,5v4,1,0,0,0,0,1,62,0,hit,45.19,0
2025020918,2026-02-26,74,8484166,CBJ,17.49,30.96,wrist,5v5,0,0,0,0,0,1,74,-9,takeaway,90.62,0
2025020918,2026-02-26,75,8476374,BOS,12.21,34.99,snap,5v5,0,1,0,0,0,1,79,7,shot-on-goal,17.49,0
2025020918,2026-02-26,76,8480355,BOS,9.85,23.96,wrist,5v5,0,1,0,0,0,1,80,4,missed-shot,12.21,0
2025020918,2026-02-26,77,8484166,CBJ,6.71,26.57,tip-in,5v5,0,1,0,0,0,1,83,-3,missed-shot,9.85,0
2025020918,2026-02-26,79,8478460,CBJ,39.62,42.95,slap,5v5,0,0,0,0,0,1,60,27,hit,39.62,0
2025020918,2026-02-26,82,8478500,CBJ,59.46,42.27,wrist,5v5,0,0,0,0,0,1,45,40,faceoff,29.73,0
2025020918,2026-02-26,83,8482511,BOS,34.83,50.83,wrist,5v5,0,1,0,0,0,1,67,27,missed-shot,59.46,0
2025020918,2026-02-26,87,8475745,CBJ,17.03,3.37,wrist,5v5,0,0,0,0,0,1,72,-1,hit,61.72,0
2025020918,2026-02-26,89,8479671,CBJ,11.0,89.48,wrist,5v5,0,0,0,0,0,1,89,11,hit,28.16,0
2025020918,2026-02-26,93,8478042,BOS,58.0,43.6,snap,5v5,0,0,0,0,0,1,47,-40,faceoff,29.73,1
2025020918,2026-02-26,95,8483485,CBJ,57.58,20.32,snap,5v5,0,0,0,0,0,1,35,-20,faceoff,89.0,0
2025020918,2026-02-26,97,8482660,CBJ,13.0,22.62,wrist,5v5,0,0,0,0,0,1,77,-5,blocked-shot,31.78,0
2025020918,2026-02-26,98,8482660,CBJ,63.56,24.15,wrist,5v5,0,1,0,0,0,1,31,26,shot-on-goal,13.0,0
2025020918,2026-02-26,99,8479371,CBJ,62.94,17.57,wrist,5v5,0,1,0,0,0,1,29,19,missed-shot,63.56,0
2025020918,2026-02-26,104,8481716,CBJ,6.0,0.0,tip-in,5v4,1,0,0,0,0,1,83,0,faceoff,29.73,0
2025020918,2026-02-26,107,8478500,CBJ,50.0,0.0,wrist,5v4,1,0,0,0,0,1,39,0,faceoff,29.73,0
2025020918,2026-02-26,110,8481716,CBJ,18.03,70.56,snap,5v4,1,0,0,0,0,1,83,17,faceoff,29.73,0
2025020918,2026-02-26,111,8481716,CBJ,11.66,59.04,tip-in,5v5,0,1,0,0,0,1,83,10,shot-on-goal,18.03,0
2025020918,2026-02-26,116,8478460,CBJ,30.41,27.41,wrist,5v5,0,0,0,0,0,2,62,14,giveaway,89.05,0
2025020918,2026-02-26,129,8483485,CBJ,59.48,27.0,wrist,5v5,0,0,0,0,0,2,36,-27,faceoff,29.73,0
2025020918,2026-02-26,130,8476432,CBJ,6.08,89.05,wrap-around,5v5,0,1,0,0,0,2,90,6,shot-on-goal,59.48,0
2025020918,2026-02-26,133,8479999,BOS,9.49,71.57,wrist,5v5,0,0,0,0,0,2,86,9,giveaway,42.45,0
2025020918,2026-02-26,136,8480035,BOS,26.08,85.6,wrist,5v5,0,0,0,0,0,2,87,-26,blocked-shot,13.93,0
2025020918,2026-02-26,138,8477507,BOS,41.34,32.15,snap,5v5,0,0,0,0,0,2,54,22,hit,51.04,0
2025020918,2026-02-26,150,8482511,BOS,31.95,20.14,wrist,5v5,0,0,0,0,0,2,59,-11,hit,34.23,0
2025020918,2026-02-26,152,8480806,CBJ,36.77,45.0,snap,5v5,0,0,0,0,0,2,63,-26,hit,63.78,0
2025020918,2026-02-26,158,8475745,CBJ,35.23,34.59,backhand,4v5,0,0,0,0,0,2,60,20,faceoff,29.73,0
2025020918,2026-02-26,159,8479987,BOS,34.66,43.83,slap,5v4,1,1,0,0,1,2,64,24,shot-on-goal,35.23,1
2025020918,2026-02-26,163,8484166,CBJ,28.3,32.01,snap,5v5,0,0,0,0,0,2,65,15,giveaway,40.8,0
2025020918,2026-02-26,170,8480355,BOS,24.19,7.13,wrist,5v5,0,0,0,0,0,2,65,3,giveaway,47.51,0
2025020918,2026-02-26,172,8477956,BOS,19.1,47.12,wrist,5v5,0,0,0,0,0,2,76,-14,takeaway,8.6,0
2025020918,2026-02-26,173,8477425,CBJ,17.49,59.04,backhand,5v5,0,1,0,0,0,2,80,-15,missed-shot,19.1,0
2025020918,2026-02-26,177,8479591,BOS,19.24,27.9,tip-in,5v5,0,0,0,0,0,2,72,9,hit,24.74,0
2025020918,2026-02-26,180,8476374,BOS,19.72,59.53,wrist,5v5,0,0,0,0,0,2,79,-17,takeaway,45.88,0
2025020918,2026-02-26,196,8483485,CBJ,65.37,29.31,wrist,5v5,0,0,0,0,0,2,32,-32,hit,35.23,0
2025020918,2026-02-26,197,8476432,CBJ,17.72,16.39,wrist,5v5,0,1,0,0,0,2,72,5,shot-on-goal,65.37,0
2025020918,2026-02-26,200,8479591,BOS,26.25,40.36,wrist,5v5,0,0,0,0,0,2,69,17,giveaway,66.89,0
2025020918,2026-02-26,203,8479999,BOS,8.49,45.0,backhand,5v5,0,0,0,0,0,2,83,-6,faceoff,29.73,0
2025020918,2026-02-26,209,8480893,CBJ,22.67,48.58,wrist,5v5,0,0,0,0,0,2,74,-17,blocked-shot,36.24,0
2025020918,2026-02-26,212,8475745,CBJ,7.81,50.19,wrist,5v5,0,0,0,0,0,2,84,6,hit,24.33,0
2025020918,2026-02-26,214,8479671,CBJ,48.08,16.93,wrist,5v5,0,0,0,0,0,2,43,14,giveaway,36.14,0
2025020918,2026-02-26,227,8478975,CBJ,66.41,18.43,wrist,5v5,0,0,0,0,0,3,26,-21,hit,60.11,0
2025020918,2026-02-26,228,8484166,CBJ,19.8,45.0,wrist,5v5,0,1,0,0,0,3,75,14,missed-shot,66.41,0
2025020918,2026-02-26,229,8478460,CBJ,65.22,35.64,wrist,5v5,0,1,0,0,0,3,36,38,missed-shot,19.8,0
2025020918,2026-02-26,234,8476432,CBJ,21.1,31.43,tip-in,5v5,0,0,0,0,0,3,71,-11,hit,47.51,0
2025020918,2026-02-26,238,8476923,CBJ,42.72,32.57,wrist,5v5,0,0,0,0,0,3,53,-23,giveaway,8.06,0
2025020918,2026-02-26,244,8479591,BOS,13.93,68.96,wrist,5v5,0,0,0,0,0,3,84,-13,blocked-shot,13.6,0
2025020918,2026-02-26,247,8479591,BOS,8.06,82.87,wrist,5v5,0,0,0,0,0,3,88,8,blocked-shot,7.21,0
2025020918,2026-02-26,250,8483485,CBJ,6.0,0.0,backhand,5v5,0,0,0,0,0,3,83,0,takeaway,30.59,0
2025020918,2026-02-26,251,8478042,BOS,47.01,38.09,slap,5v5,0,1,0,0,0,3,52,29,missed-shot,6.0,0
2025020918,2026-02-26,256,8477496,BOS,25.3,71.57,wrist,5v5,0,0,0,0,0,3,81,-24,blocked-shot,10.63,0
2025020918,2026-02-26,259,8482511,BOS,62.39,21.63,slap,5v5,0,0,0,0,0,3,31,-23,faceoff,29.73,0
2025020918,2026-02-26,264,8477956,BOS,22.47,69.15,snap,5v5,0,0,0,0,0,3,81,21,giveaway,18.03,0
2025020918,2026-02-26,272,8477956,BOS,38.91,25.91,wrist,5v4,1,0,0,0,0,3,54,-17,giveaway,60.44,0
2025020918,2026-02-26,273,8478975,CBJ,17.09,20.56,deflected,5v5,0,1,0,0,0,3,73,6,shot-on-goal,38.91,0
2025020918,2026-02-26,274,8476374,BOS,35.0,36.87,slap,5v5,0,1,0,0,2,3,61,21,missed-shot,17.09,1
2025020918,2026-02-26,276,8476854,BOS,65.19,20.66,slap,5v5,0,0,0,0,0,3,28,23,faceoff,89.0,0
2025020918,2026-02-26,278,8477956,BOS,50.96,15.95,slap,5v5,0,0,0,0,0,3,40,14,blocked-shot,34.44,0
2025020918,2026-02-26,280,8478401,BOS,45.0,0.0,wrist,5v5,0,0,0,0,0,3,44,0,giveaway,42.05,0
2025020918,2026-02-26,286,8484166,CBJ,40.31,7.13,snap,5v5,0,0,0,0,-1,3,49,-5,faceoff,29.73,1
2025020918,2026-02-26,290,8482660,CBJ,5.0,0.0,wrist,5v5,0,0,0,0,0,3,84,0,faceoff,72.42,0
2025020918,2026-02-26,291,8478460,CBJ,18.03,56.31,wrist,5v5,0,1,0,0,0,3,79,15,shot-on-goal,5.0,0
2025020918,2026-02-26,292,8478460,CBJ,19.31,89.68,wrist,5v5,0,1,0,0,0,3,96,18,shot-on-goal,18.03,0
2025020918,2026-02-26,295,8477956,BOS,55.97,41.38,wrist,5v5,0,0,0,0,0,3,47,-37,giveaway,66.07,0
2025020918,2026-02-26,301,8475745,CBJ,18.03,33.69,wrist,5v5,0,0,0,0,0,3,74,10,blocked-shot,35.17,0
2025020918,2026-02-26,302,8482705,CBJ,8.25,14.04,backhand,5v5,0,1,0,0,0,3,81,2,shot-on-goal,18.03,0
2025020918,2026-02-26,311,8477956,BOS,50.48,33.69,wrist,5v6,0,0,0,1,0,3,47,28,blocked-shot,25.55,0
2025020918,2026-02-26,316,8478460,CBJ,49.01,1.17,wrist,6v5,1,0,0,0,0,3,40,1,blocked-shot,7.0,0
2025020918,2026-02-26,320,8477956,BOS,66.89,31.55,backhand,5v6,0,0,0,1,0,3,32,-35,giveaway,49.01,0
2025020918,2026-02-26,324,8478460,CBJ,47.04,2.44,slap,6v5,1,0,0,0,0,3,42,2,blocked-shot,14.32,0
2025020918,2026-02-26,327,8478042,BOS,80.28,13.69,snap,5v6,0,0,0,1,2,3,11,19,faceoff,29.73,1
2025020919,2026-02-26,8,8483457,MTL,54.82,14.8,snap,5v5,0,0,0,0,0,1,36,14,faceoff,29.73,0
2025020919,2026-02-26,13,8475314,NYI,8.25,14.04,snap,5v5,0,0,0,0,0,1,81,-2,hit,24.35,0
2025020919,2026-02-26,14,8476419,NYI,16.16,21.8,backhand,5v5,0,1,0,0,0,1,74,6,shot-on-goal,8.25,0
2025020919,2026-02-26,18,8478133,MTL,6.32,71.57,backhand,5v5,0,0,0,0,0,1,87,6,hit,42.54,0
2025020919,2026-02-26,25,8475314,NYI,10.0,53.13,tip-in,5v5,0,0,0,0,0,1,83,-8,blocked-shot,10.2,0
2025020919,2026-02-26,26,8477950,NYI,20.52,43.03,snap,5v5,0,1,0,0,0,1,74,14,missed-shot,10.0,0
2025020919,2026-02-26,35,8477494,NYI,43.1,3.99,snap,5v5,0,0,0,0,0,1,46,3,faceoff,29.73,0
2025020919,2026-02-26,43,8476419,NYI,49.41,54.06,snap,5v5,0,0,0,0,0,1,60,-40,takeaway,9.85,0
2025020919,2026-02-26,47,8483457,MTL,33.02,54.87,snap,5v5,0,0,0,0,0,1,70,27,faceoff,29.73,0
2025020919,2026-02-26,48,8480074,MTL,6.4,38.66,backhand,5v5,0,1,0,0,0,1,84,4,missed-shot,33.02,0
2025020919,2026-02-26,55,8481618,MTL,15.81,55.3,snap,5v5,0,0,0,0,0,1,80,13,blocked-shot,57.87,0
2025020919,2026-02-26,62,8482087,MTL,54.38,32.23,slap,5v5,0,0,0,0,0,1,43,-29,hit,68.01,0
2025020919,2026-02-26,64,8480018,MTL,58.86,9.78,snap,5v5,0,0,0,0,0,1,31,10,giveaway,46.53,0
2025020919,2026-02-26,67,8477950,NYI,23.02,55.62,snap,5v5,0,0,0,0,0,1,76,19,faceoff,29.73,0
2025020919,2026-02-26,71,8480865,MTL,32.45,33.69,snap,5v5,0,0,0,0,1,1,62,18,faceoff,29.73,1
2025020919,2026-02-26,75,8478133,MTL,13.15,81.25,wrist,5v5,0,0,0,0,0,1,87,-13,faceoff,72.42,0
2025020919,2026-02-26,83,8481523,MTL,25.46,45.0,backhand,5v5,0,0,0,0,0,1,71,18,giveaway,76.94,0
2025020919,2026-02-26,89,8476981,MTL,26.02,2.2,tip-in,5v5,0,0,0,0,0,1,63,-1,faceoff,29.73,0
2025020919,2026-02-26,90,8475848,MTL,17.26,89.66,backhand,5v5,0,1,0,0,0,1,92,17,missed-shot,26.02,0
2025020919,2026-02-26,93,8481601,NYI,8.25,14.04,snap,5v5,0,0,0,0,0,1,81,-2,faceoff,29.73,0
2025020919,2026-02-26,96,8483553,NYI,30.08,74.58,snap,5v5,0,0,0,0,0,1,81,-29,hit,44.78,0
2025020919,2026-02-26,104,8480018,MTL,24.04,45.0,snap,5v5,0,0,0,0,0,1,72,17,giveaway,44.01,0
2025020919,2026-02-26,108,8475314,NYI,6.71,26.57,backhand,5v5,0,0,0,0,0,1,83,-3,giveaway,41.48,0
2025020919,2026-02-26,116,8485366,NYI,64.5,29.74,snap,5v5,0,0,0,0,0,1,33,32,hit,29.27,0
2025020919,2026-02-26,118,8482775,MTL,12.65,18.43,snap,5v5,0,0,0,0,0,1,77,-4,blocked-shot,20.0,0
2025020919,2026-02-26,124,8477506,NYI,52.89,15.35,slap,5v5,0,0,0,0,0,2,38,14,blocked-shot,10.0,0
2025020919,2026-02-26,127,8477950,NYI,64.85,26.57,snap,5v5,0,0,0,0,0,2,31,29,faceoff,29.73,0
2025020919,2026-02-26,128,8482476,NYI,21.54,68.2,snap,5v5,0,1,0,0,0,2,81,20,shot-on-goal,64.85,0
2025020919,2026-02-26,136,8481618,MTL,26.93,15.07,snap,5v5,0,0,0,0,0,2,63,7,faceoff,29.73,0
2025020919,2026-02-26,142,8477500,NYI,32.56,10.62,snap,5v5,0,0,0,0,0,2,57,-6,giveaway,62.65,0
2025020919,2026-02-26,144,8480018,MTL,46.82,19.98,tip-in,5v5,0,0,0,0,0,2,45,-16,hit,62.01,0
2025020919,2026-02-26,147,8480018,MTL,36.88,12.53,snap,5v5,0,0,0,0,0,2,53,8,faceoff,29.73,0
2025020919,2026-02-26,152,8477494,NYI,8.06,29.74,backhand,5v5,0,0,0,0,0,2,82,-4,hit,64.82,0
2025020919,2026-02-26,155,8475231,NYI,16.12,29.74,backhand,5v5,0,0,0,0,0,2,75,-8,hit,78.39,0
2025020919,2026-02-26,170,8481540,MTL,13.0,67.38,snap,5v4,1,0,0,0,0,2,84,12,faceoff,29.73,0
2025020919,2026-02-26,171,8480018,MTL,31.11,45.0,snap,5v4,1,1,0,0,0,2,67,22,shot-on-goal,13.0,0
2025020919,2026-02-26,174,8476419,NYI,88.57,25.41,snap,4v5,0,0,0,0,0,2,9,38,faceoff,29.73,0
2025020919,2026-02-26,179,8480865,MTL,58.14,3.95,slap,5v4,1,0,0,0,2,2,31,4,hit,41.79,1
2025020919,2026-02-26,183,8477500,NYI,12.04,85.24,snap,5v5,0,0,0,0,0,2,88,12,blocked-shot,16.28,0
2025020919,2026-02-26,187,8476292,NYI,16.76,17.35,backhand,5v5,0,0,0,0,0,2,73,5,blocked-shot,23.19,0
2025020919,2026-02-26,191,8484221,NYI,18.38,45.0,tip-in,5v5,0,0,0,0,0,2,76,-13,hit,50.61,0
2025020919,2026-02-26,193,8477369,NYI,10.2,89.43,wrist,5v5,0,0,0,0,0,2,91,10,blocked-shot,19.24,0
2025020919,2026-02-26,196,8483457,MTL,42.76,10.78,snap,5v5,0,0,0,0,0,2,47,8,faceoff,29.73,0
2025020919,2026-02-26,198,8482087,MTL,36.62,34.99,snap,5v5,0,0,0,0,0,2,59,21,giveaway,29.02,0
2025020919,2026-02-26,200,8480018,MTL,16.4,37.57,backhand,5v5,0,0,0,0,0,2,76,10,hit,97.58,0
2025020919,2026-02-26,201,8482087,MTL,23.32,59.04,snap,5v5,0,1,0,0,0,2,77,20,shot-on-goal,16.4,0
2025020919,2026-02-26,205,8477500,NYI,45.28,46.79,snap,5v5,0,0,0,0,0,2,58,33,blocked-shot,35.11,0
2025020919,2026-02-26,209,8480018,MTL,20.62,39.09,snap,5v5,0,0,0,0,0,2,73,-13,takeaway,69.07,0
2025020919,2026-02-26,211,8482964,MTL,60.13,3.81,snap,5v5,0,0,0,0,0,2,29,-4,hit,25.0,0
2025020919,2026-02-26,213,8476917,NYI,61.03,1.88,snap,5v5,0,0,0,0,0,2,28,-2,giveaway,86.49,0
2025020919,2026-02-26,219,8477500,NYI,13.04,4.4,snap,5v3,1,0,0,0,0,2,76,1,faceoff,29.73,0
2025020919,2026-02-26,220,8477500,NYI,34.44,25.82,slap,5v3,1,1,0,0,0,2,58,-15,missed-shot,13.04,0
2025020919,2026-02-26,221,8477500,NYI,34.83,39.17,snap,5v3,1,1,0,0,0,2,62,-22,shot-on-goal,34.44,0
2025020919,2026-02-26,222,8485366,NYI,32.57,17.88,snap,5v3,1,1,0,0,-1,2,58,10,shot-on-goal,34.83,1
2025020919,2026-02-26,225,8485366,NYI,42.94,27.76,snap,5v5,0,0,0,0,0,2,51,-20,giveaway,11.66,1
2025020919,2026-02-26,227,8477500,NYI,17.49,59.04,wrist,5v5,0,0,0,0,0,2,80,-15,faceoff,89.0,0
2025020919,2026-02-26,238,8477500,NYI,36.62,34.99,snap,4v5,0,0,0,0,0,3,59,-21,blocked-shot,20.59,0
2025020919,2026-02-26,242,8482476,NYI,29.83,13.57,snap,5v5,0,0,0,0,0,3,60,-7,faceoff,29.73,0
2025020919,2026-02-26,246,8477950,NYI,43.42,28.93,snap,5v5,0,0,0,0,0,3,51,-21,faceoff,89.0,0
2025020919,2026-02-26,249,8481540,MTL,25.08,89.77,snap,5v5,0,0,0,0,0,3,91,25,hit,29.27,0
2025020919,2026-02-26,256,8482775,MTL,23.02,2.49,wrist,5v5,0,0,0,0,0,3,66,-1,blocked-shot,46.87,0
2025020919,2026-02-26,257,8482775,MTL,15.81,18.43,backhand,5v5,0,1,0,0,0,3,74,5,missed-shot,23.02,0
2025020919,2026-02-26,267,8481540,MTL,16.28,79.38,snap,5v4,1,0,0,0,0,3,86,16,faceoff,29.73,0
2025020919,2026-02-26,270,8484984,MTL,31.76,61.82,slap,5v4,1,0,0,0,0,3,74,-28,faceoff,29.73,0
2025020919,2026-02-26,271,8483515,MTL,33.12,28.89,slap,5v4,1,1,0,0,0,3,60,-16,shot-on-goal,31.76,0
2025020919,2026-02-26,272,8481540,MTL,3.16,18.43,snap,5v4,1,1,0,0,1,3,86,1,missed-shot,33.12,1
2025020919,2026-02-26,274,8482476,NYI,37.16,23.81,snap,5v5,0,0,0,0,0,3,55,-15,faceoff,89.0,0
2025020919,2026-02-26,283,8476419,NYI,28.65,29.25,snap,5v5,0,0,0,0,0,3,64,-14,faceoff,29.73,0
2025020919,2026-02-26,291,8476875,MTL,47.04,2.44,snap,5v5,0,0,0,0,0,3,42,-2,faceoff,29.73,0
2025020919,2026-02-26,292,8480865,MTL,54.2,37.5,slap,5v5,0,1,0,0,0,3,46,-33,shot-on-goal,47.04,0
2025020919,2026-02-26,302,8475314,NYI,43.19,42.18,wrist,5v5,0,0,0,0,0,3,57,29,blocked-shot,39.29,0
2025020919,2026-02-26,306,8476419,NYI,30.46,66.8,snap,5v5,0,0,0,0,0,3,77,-28,hit,60.21,0
2025020919,2026-02-26,309,8477506,NYI,55.58,8.28,slap,5v5,0,0,0,0,0,3,34,8,faceoff,29.73,0
2025020919,2026-02-26,310,8477506,NYI,57.04,2.01,slap,5v5,0,1,0,0,0,3,32,2,missed-shot,55.58,0
2025020919,2026-02-26,317,8485366,NYI,60.21,4.76,snap,6v5,1,0,0,0,0,3,29,5,blocked-shot,9.22,0
2025020919,2026-02-26,318,8475314,NYI,7.07,8.13,deflected,6v5,1,1,0,0,0,3,82,-1,shot-on-goal,60.21,1
2025020919,2026-02-26,323,8477500,NYI,20.81,54.78,snap,5v5,0,0,0,0,0,3,77,17,faceoff,89.0,0
2025020919,2026-02-26,329,8480018,MTL,27.46,56.89,snap,3v3,0,0,0,0,0,4,74,-23,faceoff,89.0,0
2025020919,2026-02-26,335,8476419,NYI,10.0,0.0,backhand,3v3,0,0,0,0,1,4,79,0,faceoff,29.73,1
2025020920,2026-02-26,5,8474141,DET,36.06,19.44,wrist,5v5,0,0,0,0,0,1,55,12,hit,20.4,0
2025020920,2026-02-26,6,8479337,DET,33.12,61.11,wrist,5v5,0,1,0,0,0,1,73,29,shot-on-goal,36.06,0
2025020920,2026-02-26,15,8474189,OTT,6.71,26.57,tip-in,5v5,0,0,0,0,0,1,83,-3,hit,30.15,0
2025020920,2026-02-26,16,8482105,OTT,61.0,0.0,slap,5v5,0,1,0,0,0,1,28,0,shot-on-goal,6.71,0
2025020920,2026-02-26,19,8482105,OTT,49.68,49.9,slap,5v5,0,0,0,0,0,1,57,38,faceoff,29.73,0
2025020920,2026-02-26,21,8474141,DET,32.56,47.49,wrist,5v5,0,0,0,0,0,1,67,-24,takeaway,90.34,0
2025020920,2026-02-26,25,8481528,OTT,19.1,42.88,wrist,5v5,0,0,0,0,0,1,75,13,blocked-shot,26.42,0
2025020920,2026-02-26,27,8480801,OTT,35.01,1.64,slap,5v5,0,0,0,0,0,1,54,-1,hit,36.14,0
2025020920,2026-02-26,28,8480208,OTT,27.02,38.99,wrist,5v5,0,1,0,0,0,1,68,17,shot-on-goal,35.01,0
2025020920,2026-02-26,29,8482095,OTT,53.94,10.68,slap,5v5,0,1,0,0,0,1,36,10,shot-on-goal,27.02,0
2025020920,2026-02-26,31,8481542,DET,72.2,30.83,snap,5v5,0,0,0,0,0,1,27,-37,giveaway,67.6,0
2025020920,2026-02-26,38,8482245,OTT,61.98,10.22,slap,5v5,0,0,0,0,0,1,28,11,faceoff,29.73,0
2025020920,2026-02-26,40,8482105,OTT,68.48,28.81,slap,5v5,0,0,0,0,0,1,29,33,hit,19.92,0
2025020920,2026-02-26,42,8482245,OTT,36.4,52.82,wrist,5v5,0,0,0,0,0,1,67,-29,giveaway,23.77,0
2025020920,2026-02-26,50,8473512,OTT,27.17,6.34,backhand,5v5,0,0,0,0,0,1,62,3,faceoff,29.73,0
2025020920,2026-02-26,62,8478469,OTT,46.87,11.07,slap,5v5,0,0,0,0,0,1,43,9,hit,29.02,0
2025020920,2026-02-26,71,8480801,OTT,38.9,46.04,slap,5v4,1,0,0,0,0,1,62,-28,faceoff,29.73,0
2025020920,2026-02-26,72,8480208,OTT,13.6,53.97,wrist,5v4,1,1,0,0,0,1,81,-11,missed-shot,38.9,0
2025020920,2026-02-26,73,8482105,OTT,42.15,22.31,slap,5v4,1,1,0,0,0,1,50,16,shot-on-goal,13.6,0
2025020920,2026-02-26,75,8478469,OTT,46.04,2.49,wrist,5v4,1,0,0,0,0,1,43,2,blocked-shot,39.46,0
2025020920,2026-02-26,82,8481528,OTT,18.79,25.2,wrist,5v5,0,0,0,0,0,1,72,-8,giveaway,39.29,0
2025020920,2026-02-26,83,8482078,DET,40.05,2.86,wrist,5v5,0,1,0,0,0,1,49,2,shot-on-goal,18.79,0
2025020920,2026-02-26,86,8484223,DET,49.74,30.17,slap,5v5,0,0,0,0,0,1,46,-25,faceoff,29.73,0
2025020920,2026-02-26,96,8480801,OTT,40.8,53.97,slap,5v5,0,0,0,0,0,1,65,33,faceoff,72.42,0
2025020920,2026-02-26,97,8482092,OTT,9.43,57.99,wrist,5v5,0,1,0,0,0,1,84,8,shot-on-goal,40.8,0
2025020920,2026-02-26,101,8481528,OTT,33.11,25.02,wrist,5v4,1,0,0,0,0,1,59,-14,giveaway,41.23,0
2025020920,2026-02-26,102,8480801,OTT,34.13,31.83,snap,5v4,1,1,0,0,0,1,60,-18,missed-shot,33.11,0
2025020920,2026-02-26,104,8480801,OTT,32.0,0.0,wrist,5v4,1,0,0,0,1,1,57,0,blocked-shot,21.84,1
2025020920,2026-02-26,118,8476393,OTT,18.6,36.25,wrist,5v5,0,0,0,0,0,2,74,11,takeaway,43.38,0
2025020920,2026-02-26,121,8476393,OTT,9.43,57.99,wrist,5v5,0,0,0,0,0,2,84,8,blocked-shot,10.3,0
2025020920,2026-02-26,122,8476393,OTT,5.0,36.87,wrist,5v5,0,1,0,0,0,2,85,3,shot-on-goal,9.43,0
2025020920,2026-02-26,123,8482078,DET,41.01,45.0,wrist,5v5,0,1,0,0,0,2,60,29,missed-shot,5.0,0
2025020920,2026-02-26,129,8481528,OTT,19.8,45.0,wrist,5v5,0,0,0,0,0,2,75,14,giveaway,7.28,0
2025020920,2026-02-26,149,8482078,DET,42.38,19.29,wrist,5v4,1,0,0,0,0,2,49,14,faceoff,29.73,0
2025020920,2026-02-26,152,8477946,DET,22.02,39.47,snap,5v4,1,0,0,0,0,2,72,14,faceoff,29.73,1
2025020920,2026-02-26,154,8473512,OTT,16.12,7.13,backhand,5v5,0,0,0,0,0,2,73,2,faceoff,89.0,0
2025020920,2026-02-26,160,8477429,DET,7.81,50.19,wrist,5v5,0,0,0,0,0,2,84,6,giveaway,90.8,0
2025020920,2026-02-26,181,8483464,DET,17.03,40.24,bat,5v5,0,0,0,0,0,2,76,11,blocked-shot,55.0,0
2025020920,2026-02-26,185,8482105,OTT,67.12,24.66,slap,5v5,0,0,0,0,0,2,28,28,hit,94.02,0
2025020920,2026-02-26,186,8483464,DET,10.3,29.05,tip-in,5v5,0,1,0,0,0,2,80,-5,shot-on-goal,67.12,0
2025020920,2026-02-26,188,8478891,DET,60.53,7.59,wrist,5v5,0,0,0,0,0,2,29,8,hit,20.88,0
2025020920,2026-02-26,190,8477456,DET,16.55,25.02,backhand,5v5,0,0,0,0,0,2,74,-7,blocked-shot,15.0,0
2025020920,2026-02-26,192,8481542,DET,44.78,23.7,wrist,5v5,0,0,0,0,0,2,48,-18,blocked-shot,25.81,0
2025020920,2026-02-26,193,8474141,DET,7.81,50.19,wrist,5v5,0,1,0,0,0,2,84,6,shot-on-goal,44.78,0
2025020920,2026-02-26,200,8477429,DET,21.1,5.44,tip-in,5v4,1,0,0,0,0,2,68,-2,takeaway,53.94,0
2025020920,2026-02-26,204,8478020,OTT,51.66,14.57,wrist,5v5,0,0,0,0,0,2,39,13,hit,49.5,0
2025020920,2026-02-26,206,8480188,OTT,35.78,26.57,slap,5v5,0,0,0,0,0,2,57,-16,hit,17.72,0
2025020920,2026-02-26,213,8474141,DET,41.23,67.17,backhand,5v5,0,0,0,0,0,2,73,-38,hit,43.42,0
2025020920,2026-02-26,216,8481542,DET,56.64,42.14,wrist,5v5,0,0,0,0,0,2,47,-38,faceoff,29.73,0
2025020920,2026-02-26,217,8481596,OTT,5.0,0.0,backhand,5v5,0,1,0,0,0,2,84,0,missed-shot,56.64,0
2025020920,2026-02-26,224,8480208,OTT,28.18,62.53,wrist,5v5,0,0,0,0,0,2,76,-25,hit,49.58,0
2025020920,2026-02-26,228,8482105,OTT,34.67,33.23,slap,5v5,0,0,0,0,0,2,60,19,giveaway,28.64,0
2025020920,2026-02-26,232,8480188,OTT,43.05,30.74,wrist,5v5,0,0,0,0,0,2,52,-22,faceoff,72.42,0
2025020920,2026-02-26,234,8480801,OTT,66.57,32.74,wrist,5v5,0,0,0,0,0,2,33,36,hit,33.94,0
2025020920,2026-02-26,244,8481596,OTT,3.61,56.31,wrist,4v4,0,0,0,0,0,3,87,3,faceoff,29.73,0
2025020920,2026-02-26,245,8480208,OTT,36.01,1.59,snap,4v4,0,1,0,0,0,3,53,-1,shot-on-goal,3.61,0
2025020920,2026-02-26,246,8479337,DET,34.41,35.54,snap,4v4,0,1,0,0,0,3,61,-20,shot-on-goal,36.01,0
2025020920,2026-02-26,247,8477456,DET,43.01,1.33,wrist,4v4,0,1,0,0,0,3,46,-1,missed-shot,34.41,0
2025020920,2026-02-26,250,8477946,DET,21.93,46.85,wrist,5v5,0,0,0,0,0,3,74,16,takeaway,86.02,0
2025020920,2026-02-26,251,8482078,DET,6.4,38.66,backhand,5v5,0,1,0,0,0,3,84,4,shot-on-goal,21.93,0
2025020920,2026-02-26,259,8474189,OTT,22.47,32.28,wrist,5v5,0,0,0,0,0,3,70,12,giveaway,17.2,0
2025020920,2026-02-26,261,8482245,OTT,67.23,30.38,snap,5v5,0,0,0,0,0,3,31,-34,blocked-shot,14.42,0
2025020920,2026-02-26,267,8478469,OTT,60.21,11.5,wrist,5v5,0,0,0,0,0,3,30,-12,faceoff,29.73,0
2025020920,2026-02-26,275,8482762,DET,44.72,63.43,wrist,5v5,0,0,0,0,0,3,69,40,hit,12.04,0
2025020920,2026-02-26,277,8482762,DET,67.74,31.11,wrist,5v5,0,0,0,0,0,3,31,35,hit,37.7,0
2025020920,2026-02-26,280,8480208,OTT,60.03,1.91,slap,5v5,0,0,0,0,0,3,29,2,faceoff,29.73,0
2025020920,2026-02-26,281,8480879,DET,41.23,14.04,wrist,5v5,0,1,0,0,0,3,49,-10,missed-shot,60.03,0
2025020920,2026-02-26,286,8482092,OTT,32.76,12.34,wrist,5v5,0,0,0,0,0,3,57,-7,hit,24.02,0
2025020920,2026-02-26,288,8479337,DET,36.89,32.83,wrist,5v5,0,0,0,0,0,3,58,-20,blocked-shot,26.0,0
2025020920,2026-02-26,296,8480879,DET,58.05,42.21,wrist,5v5,0,0,0,0,0,3,46,-39,hit,37.85,0
2025020920,2026-02-26,302,8481607,DET,63.06,14.7,slap,5v5,0,0,0,0,0,3,28,16,blocked-shot,33.96,0
2025020920,2026-02-26,312,8482078,DET,13.15,8.75,tip-in,5v5,0,0,0,0,0,3,76,-2,faceoff,72.42,0
2025020920,2026-02-26,324,8483464,DET,13.6,53.97,tip-in,5v5,0,0,0,0,0,3,81,11,hit,8.0,0
2025020920,2026-02-26,325,8482092,OTT,25.24,33.69,backhand,5v5,0,1,0,0,0,3,68,-14,shot-on-goal,13.6,0
2025020920,2026-02-26,328,8479337,DET,15.03,86.19,backhand,5v5,0,0,0,0,0,3,88,15,blocked-shot,35.06,0
2025020920,2026-02-26,333,8481596,OTT,33.62,22.75,snap,5v5,0,0,0,0,0,3,58,-13,hit,60.46,0
2025020920,2026-02-26,346,8477946,DET,13.6,17.1,backhand,3v3,0,0,0,0,1,4,76,-4,faceoff,29.73,1
2025020921,2026-02-26,8,8482713,FLA,12.65,71.57,wrist,5v5,0,0,0,0,0,1,85,-12,hit,20.59,0
2025020921,2026-02-26,10,8473507,FLA,67.12,28.47,snap,5v5,0,0,0,0,0,1,30,-32,hit,37.12,0
2025020921,2026-02-26,16,8478542,FLA,49.52,46.64,wrist,5v5,0,0,0,0,0,1,55,-36,faceoff,29.73,0
2025020921,2026-02-26,18,8478542,FLA,14.32,24.78,tip-in,5v5,0,0,0,0,0,1,76,6,giveaway,52.63,0
2025020921,2026-02-26,19,8478542,FLA,6.4,38.66,wrist,5v5,0,1,0,0,0,1,84,4,shot-on-goal,14.32,0
2025020921,2026-02-26,25,8473419,FLA,9.9,45.0,wrist,5v5,0,0,0,0,1,1,82,7,blocked-shot,17.89,1
2025020921,2026-02-26,32,8479314,FLA,20.88,73.3,tip-in,5v4,1,0,0,0,0,1,83,-20,faceoff,29.73,0
2025020921,2026-02-26,34,8476872,TOR,57.14,4.01,wrist,4v5,0,0,0,0,0,1,32,4,giveaway,58.87,0
2025020921,2026-02-26,35,8477409,FLA,20.81,35.22,wrist,5v4,1,1,0,0,2,1,72,-12,shot-on-goal,57.14,1
2025020921,2026-02-26,49,8477409,FLA,51.16,4.48,wrist,5v5,0,0,0,0,0,1,38,4,faceoff,72.42,0
2025020921,2026-02-26,52,8479314,FLA,21.4,37.41,deflected,5v5,0,0,0,0,0,1,72,-13,faceoff,29.73,0
2025020921,2026-02-26,55,8482131,FLA,44.42,31.18,wrist,5v5,0,0,0,0,0,1,51,23,blocked-shot,11.7,0
2025020921,2026-02-26,59,8473419,FLA,39.62,10.18,wrist,5v5,0,0,0,0,0,1,50,-7,hit,46.32,0
2025020921,2026-02-26,60,8484304,FLA,55.44,7.25,wrist,5v5,0,1,0,0,0,1,34,-7,shot-on-goal,39.62,0
2025020921,2026-02-26,63,8477932,FLA,57.14,32.86,wrist,5v5,0,0,0,0,0,1,41,-31,giveaway,45.61,0
2025020921,2026-02-26,65,8481711,TOR,28.18,27.47,snap,5v5,0,0,0,0,0,1,64,13,blocked-shot,59.14,0
2025020921,2026-02-26,66,8478542,FLA,54.04,2.12,slap,5v5,0,1,0,0,0,1,35,2,shot-on-goal,28.18,0
2025020921,2026-02-26,67,8478542,FLA,7.21,33.69,tip-in,5v5,0,1,0,0,0,1,83,4,shot-on-goal,54.04,0
2025020921,2026-02-26,68,8478542,FLA,7.21,33.69,wrist,5v5,0,1,0,0,0,1,83,4,shot-on-goal,7.21,0
2025020921,2026-02-26,71,8482713,FLA,33.42,38.93,snap,5v5,0,0,0,0,0,1,63,-21,faceoff,29.73,0
2025020921,2026-02-26,73,8479314,FLA,12.53,28.61,tip-in,5v5,0,0,0,0,0,1,78,-6,takeaway,25.0,0
2025020921,2026-02-26,74,8480185,FLA,26.02,2.2,tip-in,5v5,0,1,0,0,0,1,63,1,missed-shot,12.53,0
2025020921,2026-02-26,81,8479442,TOR,43.84,45.0,snap,5v5,0,0,0,0,0,1,58,-31,blocked-shot,7.07,0
2025020921,2026-02-26,84,8477933,FLA,27.2,36.03,snap,5v5,0,0,0,0,0,1,67,-16,faceoff,29.73,0
2025020921,2026-02-26,88,8476853,TOR,59.08,2.91,wrist,5v4,1,0,0,0,0,1,30,3,faceoff,29.73,0
2025020921,2026-02-26,90,8478542,FLA,10.2,11.31,wrist,4v5,0,0,0,0,3,1,79,-2,takeaway,87.13,1
2025020921,2026-02-26,94,8479318,TOR,31.14,42.4,snap,5v4,1,0,0,0,0,1,66,-21,faceoff,29.73,0
2025020921,2026-02-26,95,8477939,TOR,29.21,38.05,snap,5v5,0,1,0,0,0,1,66,-18,shot-on-goal,31.14,0
2025020921,2026-02-26,101,8481582,TOR,8.06,29.74,wrap-around,5v5,0,0,0,0,0,1,82,-4,takeaway,15.23,0
2025020921,2026-02-26,102,8482259,TOR,38.48,65.43,wrist,5v5,0,1,0,0,0,1,73,35,shot-on-goal,8.06,0
2025020921,2026-02-26,103,8482713,FLA,35.81,54.09,wrist,5v5,0,1,0,0,0,1,68,-29,shot-on-goal,38.48,0
2025020921,2026-02-26,110,8477503,TOR,49.04,39.21,snap,5v5,0,0,0,0,0,2,51,-31,hit,29.61,0
2025020921,2026-02-26,111,8476853,TOR,10.2,78.69,wrist,5v5,0,1,0,0,0,2,87,-10,shot-on-goal,49.04,0
2025020921,2026-02-26,121,8477409,FLA,7.07,8.13,tip-in,5v5,0,0,0,0,0,2,82,1,giveaway,87.66,0
2025020921,2026-02-26,123,8475171,TOR,53.94,10.68,snap,5v5,0,0,0,0,0,2,36,-10,blocked-shot,57.63,0
2025020921,2026-02-26,133,8477935,FLA,11.4,15.26,wrist,5v4,1,0,0,0,0,2,78,-3,giveaway,38.29,0
2025020921,2026-02-26,136,8477935,FLA,31.38,30.65,snap,5v4,1,0,0,0,0,2,62,16,faceoff,29.73,0
2025020921,2026-02-26,142,8476931,TOR,48.02,31.37,slap,5v5,0,0,0,0,0,2,48,25,hit,33.14,0
2025020921,2026-02-26,145,8479318,TOR,38.83,78.11,wrist,5v5,0,0,0,0,0,2,81,38,hit,33.14,0
2025020921,2026-02-26,146,8480185,FLA,8.0,0.0,deflected,5v5,0,1,0,0,0,2,81,0,missed-shot,38.83,0
2025020921,2026-02-26,154,8479442,TOR,38.9,43.96,snap,5v5,0,0,0,0,0,2,61,-27,giveaway,34.06,0
2025020921,2026-02-26,155,8476931,TOR,64.35,32.95,slap,5v5,0,1,0,0,0,2,35,35,missed-shot,38.9,0
2025020921,2026-02-26,156,8478057,TOR,15.13,89.62,snap,5v5,0,1,0,0,0,2,91,15,shot-on-goal,64.35,0
2025020921,2026-02-26,157,8477935,FLA,33.38,81.38,backhand,5v5,0,1,0,0,0,2,84,33,missed-shot,15.13,0
2025020921,2026-02-26,159,8476872,TOR,37.48,43.92,snap,5v5,0,0,0,0,0,2,62,-26,delayed-penalty,89.0,0
2025020921,2026-02-26,163,8475166,TOR,6.0,0.0,bat,5v4,1,0,0,0,0,2,83,0,faceoff,29.73,0
2025020921,2026-02-26,167,8482720,TOR,14.14,8.13,tip-in,5v4,1,0,0,0,0,2,75,-2,giveaway,28.07,0
2025020921,2026-02-26,169,8478055,FLA,50.0,36.87,wrist,4v5,0,0,0,0,0,2,49,30,blocked-shot,31.0,0
2025020921,2026-02-26,170,8481711,TOR,16.0,0.0,tip-in,5v4,1,1,0,0,0,2,73,0,shot-on-goal,50.0,0
2025020921,2026-02-26,174,8478462,TOR,10.82,33.69,tip-in,5v5,0,0,0,0,0,2,80,-6,hit,49.65,0
2025020921,2026-02-26,176,8477935,FLA,51.2,12.41,snap,5v5,0,0,0,0,0,2,39,11,hit,41.23,0
2025020921,2026-02-26,177,8479314,FLA,28.02,55.18,snap,5v5,0,1,0,0,0,2,73,23,shot-on-goal,51.2,0
2025020921,2026-02-26,180,8478421,FLA,9.22,49.4,tip-in,5v5,0,0,0,0,0,2,83,-7,faceoff,29.73,0
2025020921,2026-02-26,184,8477933,FLA,23.19,7.43,wrist,5v5,0,0,0,0,0,2,66,3,giveaway,38.33,0
2025020921,2026-02-26,185,8482720,TOR,9.0,0.0,wrist,5v5,0,1,0,0,0,2,80,0,shot-on-goal,23.19,0
2025020921,2026-02-26,186,8482113,FLA,23.54,77.74,wrist,5v5,0,1,0,0,0,2,84,-23,missed-shot,9.0,0
2025020921,2026-02-26,191,8482713,FLA,31.14,42.4,wrist,5v5,0,0,0,0,0,2,66,-21,faceoff,72.42,0
2025020921,2026-02-26,196,8477939,TOR,7.21,56.31,wrist,5v5,0,0,0,0,0,2,85,-6,hit,53.26,0
2025020921,2026-02-26,197,8481122,TOR,30.61,38.37,slap,5v5,0,1,0,0,0,2,65,19,shot-on-goal,7.21,0
2025020921,2026-02-26,208,8475166,TOR,12.17,9.46,wrist,5v4,1,0,0,0,-2,3,77,-2,faceoff,89.0,1
2025020921,2026-02-26,215,8478542,FLA,29.07,26.57,wrist,5v5,0,0,0,0,0,3,63,13,hit,70.21,0
2025020921,2026-02-26,216,8481582,TOR,48.1,46.68,wrist,5v5,0,1,0,0,0,3,56,35,shot-on-goal,29.07,0
2025020921,2026-02-26,217,8481582,TOR,24.76,43.36,backhand,5v5,0,1,0,0,0,3,71,-17,shot-on-goal,48.1,0
2025020921,2026-02-26,222,8479314,FLA,42.43,45.0,wrist,5v5,0,0,0,0,0,3,59,-30,faceoff,72.42,0
2025020921,2026-02-26,223,8473507,FLA,9.43,32.01,wrist,5v5,0,1,0,0,0,3,81,-5,shot-on-goal,42.43,0
2025020921,2026-02-26,224,8473507,FLA,21.0,0.0,wrist,5v5,0,1,0,0,0,3,68,0,shot-on-goal,9.43,0
2025020921,2026-02-26,225,8478462,TOR,14.56,74.05,backhand,5v5,0,1,0,0,0,3,85,14,missed-shot,21.0,0
2025020921,2026-02-26,227,8479318,TOR,39.32,7.31,wrist,5v5,0,0,0,0,0,3,50,5,hit,33.06,0
2025020921,2026-02-26,230,8481711,TOR,32.65,40.03,snap,5v5,0,0,0,0,0,3,64,21,faceoff,29.73,0
2025020921,2026-02-26,232,8477503,TOR,45.49,33.34,snap,5v5,0,0,0,0,0,3,51,25,blocked-shot,44.38,0
2025020921,2026-02-26,233,8478542,FLA,23.19,7.43,snap,5v5,0,1,0,0,0,3,66,3,missed-shot,45.49,0
2025020921,2026-02-26,239,8476853,TOR,63.6,36.69,snap,5v5,0,0,0,0,0,3,38,38,hit,96.18,0
2025020921,2026-02-26,242,8477933,FLA,38.21,6.01,wrist,5v5,0,0,0,0,0,3,51,4,faceoff,29.73,0
2025020921,2026-02-26,243,8478542,FLA,4.12,75.96,wrap-around,5v5,0,1,0,0,0,3,88,-4,shot-on-goal,38.21,0
2025020921,2026-02-26,250,8478462,TOR,49.4,21.37,snap,5v5,0,0,0,0,0,3,43,-18,faceoff,72.42,0
2025020921,2026-02-26,251,8481711,TOR,13.93,68.96,snap,5v5,0,1,0,0,0,3,84,-13,shot-on-goal,49.4,0
2025020921,2026-02-26,252,8475166,TOR,42.19,5.44,snap,5v5,0,1,0,0,0,3,47,4,shot-on-goal,13.93,0
2025020921,2026-02-26,259,8473419,FLA,27.2,36.03,backhand,5v4,1,0,0,0,0,3,67,-16,faceoff,29.73,0
2025020921,2026-02-26,261,8479314,FLA,10.05,5.71,wrist,5v4,1,0,0,0,0,3,79,-1,hit,37.01,0
2025020921,2026-02-26,262,8478055,FLA,55.36,20.07,slap,5v4,1,1,0,0,0,3,37,-19,shot-on-goal,10.05,0
2025020921,2026-02-26,264,8476931,TOR,53.26,39.67,slap,5v5,0,0,0,0,0,3,48,34,blocked-shot,28.86,0
2025020921,2026-02-26,271,8482720,TOR,8.06,29.74,tip-in,5v5,0,0,0,0,0,3,82,-4,blocked-shot,7.21,0
2025020921,2026-02-26,272,8482720,TOR,5.66,45.0,backhand,5v5,0,1,0,0,0,3,85,-4,shot-on-goal,8.06,0
2025020921,2026-02-26,280,8480185,FLA,44.41,54.16,wrist,5v5,0,0,0,0,0,3,63,36,blocked-shot,17.89,0
2025020921,2026-02-26,282,8482113,FLA,55.15,45.0,wrist,5v5,0,0,0,0,0,3,50,39,blocked-shot,24.74,0
2025020921,2026-02-26,287,8482720,TOR,48.92,40.86,snap,6v5,1,0,0,0,0,3,52,32,faceoff,72.42,0
2025020921,2026-02-26,288,8473419,FLA,47.27,6.07,wrist,5v6,0,1,0,1,0,3,42,-5,shot-on-goal,48.92,0
2025020921,2026-02-26,291,8473419,FLA,40.52,15.75,snap,5v6,0,0,0,1,3,3,50,-11,giveaway,7.28,1
2025020921,2026-02-26,294,8482259,TOR,57.45,31.48,snap,5v5,0,0,0,0,0,3,40,-30,giveaway,41.63,0
2025020921,2026-02-26,297,8479314,FLA,76.06,28.25,wrist,5v6,0,0,0,1,4,3,22,-36,faceoff,29.73,1
2025020921,2026-02-26,299,8478904,TOR,16.76,17.35,snap,5v5,0,0,0,0,0,3,73,5,faceoff,89.0,0
2025020921,2026-02-26,300,8478421,FLA,18.11,6.34,backhand,5v5,0,1,0,0,0,3,71,2,missed-shot,16.76,0
2025020921,2026-02-26,301,8480185,FLA,43.86,43.15,wrist,5v5,0,1,0,0,0,3,57,30,shot-on-goal,18.11,0
2025020921,2026-02-26,302,8482131,FLA,52.4,48.09,snap,5v5,0,1,0,0,0,3,54,39,missed-shot,43.86,0
2025020922,2026-02-26,6,8471215,PIT,6.32,18.43,wrist,5v5,0,0,0,0,0,1,83,-2,faceoff,29.73,0
2025020922,2026-02-26,10,8478414,NJD,33.42,51.07,wrist,5v5,0,0,0,0,0,1,68,-26,hit,82.73,0
2025020922,2026-02-26,21,8478854,PIT,71.87,31.92,wrist,5v5,0,0,0,0,0,1,28,38,hit,44.78,0
2025020922,2026-02-26,24,8478438,PIT,15.0,0.0,snap,5v5,0,0,0,0,0,1,74,0,faceoff,29.73,0
2025020922,2026-02-26,25,8482475,PIT,10.3,60.95,backhand,5v5,0,1,0,0,0,1,84,-9,missed-shot,15.0,0
2025020922,2026-02-26,26,8478854,PIT,28.64,12.09,wrist,5v5,0,1,0,0,0,1,61,-6,missed-shot,10.3,0
2025020922,2026-02-26,27,8477365,PIT,7.81,50.19,wrist,5v5,0,1,0,0,0,1,84,6,missed-shot,28.64,0
2025020922,2026-02-26,38,8480002,NJD,39.92,67.93,wrist,5v5,0,0,0,0,0,1,74,37,hit,42.72,0
2025020922,2026-02-26,45,8481721,NJD,20.62,39.09,wrist,5v5,0,0,0,0,0,1,73,13,blocked-shot,11.7,0
2025020922,2026-02-26,48,8483495,NJD,33.62,22.75,wrist,5v5,0,0,0,0,0,1,58,13,blocked-shot,10.3,0
2025020922,2026-02-26,51,8476462,NJD,65.51,31.26,wrist,5v5,0,0,0,0,0,1,33,-34,faceoff,29.73,0
2025020922,2026-02-26,59,8479638,PIT,20.0,53.13,wrist,5v5,0,0,0,0,0,1,77,16,giveaway,9.22,0
2025020922,2026-02-26,62,8478414,NJD,20.25,32.91,wrist,5v5,0,0,0,0,0,1,72,-11,faceoff,29.73,0
2025020922,2026-02-26,66,8478399,NJD,12.17,9.46,tip-in,5v5,0,0,0,0,0,1,77,2,takeaway,67.74,0
2025020922,2026-02-26,67,8481721,NJD,31.06,33.18,wrist,5v5,0,1,0,0,0,1,63,17,missed-shot,12.17,0
2025020922,2026-02-26,68,8479407,NJD,31.38,30.65,wrist,5v5,0,1,0,0,0,1,62,16,shot-on-goal,31.06,0
2025020922,2026-02-26,72,8475455,NJD,56.08,3.07,wrist,5v5,0,0,0,0,0,1,33,-3,takeaway,68.6,0
2025020922,2026-02-26,75,8480002,NJD,11.18,10.3,wrist,5v5,0,0,0,0,0,1,78,2,giveaway,58.41,0
2025020922,2026-02-26,76,8484177,NJD,27.46,10.49,wrist,5v5,0,1,0,0,0,1,62,5,shot-on-goal,11.18,0
2025020922,2026-02-26,86,8483495,NJD,43.42,28.93,wrist,5v5,0,0,0,0,0,1,51,-21,giveaway,51.16,0
2025020922,2026-02-26,87,8482475,PIT,52.48,30.96,wrist,5v5,0,1,0,0,0,1,44,27,missed-shot,43.42,0
2025020922,2026-02-26,93,8475810,PIT,25.94,62.45,wrist,5v5,0,0,0,0,0,1,77,-23,hit,16.64,0
2025020922,2026-02-26,96,8482993,PIT,89.69,22.28,wrist,5v5,0,0,0,0,0,1,6,34,blocked-shot,55.76,0
2025020922,2026-02-26,98,8480980,PIT,8.0,0.0,tip-in,5v5,0,0,0,0,0,1,81,0,giveaway,77.9,0
2025020922,2026-02-26,99,8480980,PIT,9.22,12.53,wrist,5v5,0,1,0,0,0,1,80,-2,shot-on-goal,8.0,0
2025020922,2026-02-26,104,8476483,PIT,8.54,20.56,wrist,5v4,1,0,0,0,0,1,81,-3,faceoff,29.73,0
2025020922,2026-02-26,105,8478438,PIT,22.2,7.77,tip-in,5v4,1,1,0,0,1,1,67,3,shot-on-goal,8.54,1
2025020922,2026-02-26,107,8483495,NJD,20.25,57.09,wrist,5v5,0,0,0,0,0,1,78,-17,faceoff,89.0,0
2025020922,2026-02-26,113,8474578,PIT,55.08,15.8,wrist,5v5,0,0,0,0,0,2,36,-15,faceoff,89.0,0
2025020922,2026-02-26,117,8480192,NJD,47.63,39.04,wrist,5v5,0,0,0,0,0,2,52,-30,faceoff,29.73,0
2025020922,2026-02-26,126,8480980,PIT,21.19,19.29,wrist,4v5,0,0,0,0,0,2,69,7,hit,66.85,0
2025020922,2026-02-26,129,8478414,NJD,49.5,8.13,wrist,5v4,1,0,0,0,0,2,40,-7,blocked-shot,12.81,0
2025020922,2026-02-26,130,8478414,NJD,25.0,0.0,snap,5v5,0,1,0,0,0,2,64,0,shot-on-goal,49.5,0
2025020922,2026-02-26,135,8481559,NJD,47.01,29.29,wrist,5v5,0,0,0,0,0,2,48,-23,hit,46.14,0
2025020922,2026-02-26,138,8481032,NJD,5.83,30.96,deflected,6v5,1,0,0,0,0,2,84,-3,delayed-penalty,89.0,1
2025020922,2026-02-26,142,8480002,NJD,23.6,53.62,wrist,5v4,1,0,0,0,0,2,75,19,faceoff,89.0,0
2025020922,2026-02-26,146,8480002,NJD,23.6,36.38,wrist,5v4,1,0,0,0,0,2,70,14,giveaway,42.45,0
2025020922,2026-02-26,153,8482475,PIT,25.61,38.66,wrist,5v5,0,0,0,0,0,2,69,-16,giveaway,70.66,0
2025020922,2026-02-26,156,8478854,PIT,15.03,86.19,wrist,5v5,0,0,0,0,0,2,88,-15,hit,74.09,0
2025020922,2026-02-26,157,8479407,NJD,15.26,31.61,wrist,5v5,0,1,0,0,0,2,76,-8,shot-on-goal,15.03,0
2025020922,2026-02-26,158,8479996,NJD,8.25,14.04,wrist,5v5,0,1,0,0,0,2,81,2,shot-on-goal,15.26,0
2025020922,2026-02-26,164,8484177,NJD,35.47,40.43,wrist,5v4,1,0,0,0,0,2,62,23,faceoff,29.73,0
2025020922,2026-02-26,165,8482110,NJD,7.28,15.95,wrist,5v4,1,1,0,0,0,2,82,-2,shot-on-goal,35.47,0
2025020922,2026-02-26,169,8481481,PIT,6.08,9.46,tip-in,4v5,0,0,0,0,0,2,83,1,blocked-shot,11.66,0
2025020922,2026-02-26,170,8475810,PIT,9.22,49.4,backhand,4v5,0,1,0,0,0,2,83,7,shot-on-goal,6.08,0
2025020922,2026-02-26,171,8476462,NJD,38.91,25.91,slap,5v4,1,1,0,0,0,2,54,17,missed-shot,9.22,0
2025020922,2026-02-26,172,8480002,NJD,32.25,7.13,wrist,5v5,0,1,0,0,0,2,57,-4,shot-on-goal,38.91,0
2025020922,2026-02-26,173,8481559,NJD,13.04,89.56,wrist,5v5,0,1,0,0,0,2,90,13,shot-on-goal,32.25,0
2025020922,2026-02-26,174,8481032,NJD,31.14,5.53,wrist,5v5,0,1,0,0,0,2,58,3,shot-on-goal,13.04,0
2025020922,2026-02-26,175,8478399,NJD,69.46,30.26,wrist,5v5,0,1,0,0,0,2,29,35,shot-on-goal,31.14,0
2025020922,2026-02-26,181,8482993,PIT,8.06,29.74,backhand,5v5,0,0,0,0,0,2,82,-4,delayed-penalty,89.0,0
2025020922,2026-02-26,184,8476483,PIT,5.66,45.0,wrist,5v4,1,0,0,0,0,2,85,-4,faceoff,29.73,0
2025020922,2026-02-26,185,8480002,NJD,13.45,48.01,wrist,4v5,0,1,0,0,0,2,80,-10,shot-on-goal,5.66,0
2025020922,2026-02-26,186,8471215,PIT,34.21,37.87,snap,5v4,1,1,0,0,0,2,62,21,shot-on-goal,13.45,0
2025020922,2026-02-26,193,8485414,PIT,13.04,85.6,wrist,5v4,1,0,0,0,0,2,88,-13,faceoff,72.42,0
2025020922,2026-02-26,194,8478438,PIT,7.0,89.18,wrist,5v5,0,1,0,0,0,2,89,-7,shot-on-goal,13.04,0
2025020922,2026-02-26,195,8479638,PIT,6.08,9.46,backhand,5v5,0,1,0,0,0,2,83,1,shot-on-goal,7.0,0
2025020922,2026-02-26,200,8480980,PIT,28.28,8.13,wrist,4v5,0,0,0,0,0,2,61,4,faceoff,29.73,0
2025020922,2026-02-26,201,8480980,PIT,33.24,15.71,wrist,4v5,0,1,0,0,0,2,57,9,shot-on-goal,28.28,0
2025020922,2026-02-26,203,8477015,NJD,38.48,24.57,slap,5v4,1,0,0,0,0,2,54,-16,hit,6.71,0
2025020922,2026-02-26,208,8471215,PIT,33.11,25.02,wrist,6v5,1,0,0,0,0,2,59,14,delayed-penalty,89.0,0
2025020922,2026-02-26,212,8476483,PIT,31.62,55.3,slap,5v4,1,0,0,0,0,2,71,26,giveaway,62.97,0
2025020922,2026-02-26,214,8474578,PIT,56.04,2.05,tip-in,5v4,1,0,0,0,0,2,33,-2,giveaway,37.95,0
2025020922,2026-02-26,216,8475760,NJD,6.08,80.54,wrap-around,4v5,0,0,0,0,0,2,88,-6,hit,39.46,0
2025020922,2026-02-26,217,8471215,PIT,38.95,29.2,wrist,5v4,1,1,0,0,0,2,55,-19,missed-shot,6.08,0
2025020922,2026-02-26,230,8478414,NJD,61.4,16.07,wrist,5v5,0,0,0,0,0,3,30,17,giveaway,8.0,0
2025020922,2026-02-26,236,8482475,PIT,57.49,13.07,wrist,5v5,0,0,0,0,0,3,33,13,faceoff,29.73,0
2025020922,2026-02-26,238,8480192,NJD,54.34,12.76,wrist,5v5,0,0,0,0,0,3,36,-12,hit,88.1,0
2025020922,2026-02-26,242,8482993,PIT,11.05,5.19,backhand,5v5,0,0,0,0,0,3,78,-1,hit,41.63,0
2025020922,2026-02-26,243,8479398,PIT,57.07,11.11,slap,5v5,0,1,0,0,0,3,33,-11,missed-shot,11.05,0
2025020922,2026-02-26,244,8471724,PIT,48.08,45.0,wrist,5v5,0,1,0,0,0,3,55,-34,shot-on-goal,57.07,0
2025020922,2026-02-26,245,8475810,PIT,15.26,58.39,wrist,5v5,0,1,0,0,0,3,81,13,shot-on-goal,48.08,0
2025020922,2026-02-26,247,8475810,PIT,25.96,15.64,wrist,5v5,0,0,0,0,0,3,64,7,blocked-shot,19.42,0
2025020922,2026-02-26,256,8478854,PIT,44.78,29.43,snap,5v5,0,0,0,0,0,3,50,22,giveaway,25.0,0
2025020922,2026-02-26,257,8477365,PIT,43.86,46.85,slap,5v5,0,1,0,0,1,3,59,-32,missed-shot,44.78,1
2025020922,2026-02-26,260,8482475,PIT,13.34,12.99,wrist,5v5,0,0,0,0,2,3,76,-3,giveaway,69.63,1
2025020922,2026-02-26,264,8478414,NJD,18.87,32.01,wrist,5v5,0,0,0,0,0,3,73,10,faceoff,89.0,0
2025020922,2026-02-26,267,8478414,NJD,47.0,0.0,wrist,5v5,0,0,0,0,0,3,42,0,faceoff,29.73,0
2025020922,2026-02-26,272,8485414,PIT,34.23,6.71,wrist,5v5,0,0,0,0,0,3,55,4,hit,31.11,0
2025020922,2026-02-26,274,8476462,NJD,59.67,39.56,snap,5v5,0,0,0,0,0,3,43,-38,blocked-shot,39.66,0
2025020922,2026-02-26,276,8477511,PIT,38.21,6.01,wrist,5v5,0,0,0,0,0,3,51,4,hit,25.5,0
2025020922,2026-02-26,280,8484177,NJD,39.2,37.75,wrist,5v5,0,0,0,0,0,3,58,-24,hit,57.08,0
2025020922,2026-02-26,281,8479996,NJD,8.49,45.0,wrist,5v5,0,1,0,0,0,3,83,-6,shot-on-goal,39.2,0
2025020922,2026-02-26,282,8484177,NJD,43.27,56.31,wrist,5v5,0,1,0,0,0,3,65,36,missed-shot,8.49,0
2025020922,2026-02-26,290,8477488,NJD,47.51,30.34,wrist,5v5,0,0,0,0,0,3,48,24,faceoff,29.73,0
2025020922,2026-02-26,291,8479638,PIT,7.62,23.2,wrap-around,5v5,0,1,0,0,0,3,82,3,missed-shot,47.51,0
2025020922,2026-02-26,292,8471724,PIT,51.79,10.01,wrist,5v5,0,1,0,0,0,3,38,9,shot-on-goal,7.62,0
2025020922,2026-02-26,295,8471215,PIT,9.06,6.34,wrist,5v5,0,0,0,0,0,3,80,1,faceoff,29.73,0
2025020922,2026-02-26,299,8476483,PIT,32.76,77.66,wrist,5v5,0,0,0,0,0,3,82,-32,hit,18.36,0
2025020922,2026-02-26,300,8480002,NJD,19.24,8.97,snap,5v5,0,1,0,0,0,3,70,-3,shot-on-goal,32.76,0
2025020922,2026-02-26,303,8477365,PIT,60.54,30.8,wrist,5v5,0,0,0,0,0,3,37,-31,faceoff,29.73,0
2025020922,2026-02-26,307,8484177,NJD,27.89,14.53,tip-in,5v5,0,0,0,0,0,3,62,-7,blocked-shot,13.0,0
2025020922,2026-02-26,318,8478414,NJD,16.76,72.65,wrist,5v4,1,0,0,0,0,3,84,16,faceoff,29.73,0
2025020922,2026-02-26,321,8483495,NJD,59.21,4.84,snap,6v4,1,0,0,0,0,3,30,-5,faceoff,29.73,0
2025020922,2026-02-26,325,8476462,NJD,58.22,4.93,wrist,6v4,1,0,0,0,0,3,31,-5,faceoff,72.42,0
2025020922,2026-02-26,327,8479996,NJD,8.06,7.13,deflected,6v4,1,0,0,0,0,3,81,-1,blocked-shot,20.62,0
2025020922,2026-02-26,328,8479996,NJD,8.06,7.13,wrist,6v4,1,1,0,0,0,3,81,1,shot-on-goal,8.06,0
2025020922,2026-02-26,330,8481481,PIT,58.6,25.25,wrist,4v6,0,0,0,1,3,3,36,25,giveaway,36.06,1
2025020922,2026-02-26,333,8475455,NJD,68.96,29.54,wrist,5v5,0,0,0,0,0,3,29,34,giveaway,16.12,0
2025020922,2026-02-26,334,8481721,NJD,87.48,10.54,wrist,5v5,0,1,0,0,0,3,3,-16,shot-on-goal,68.96,0
2025020923,2026-02-26,5,8480830,CAR,36.69,72.55,wrist,5v5,0,0,0,0,0,1,78,35,hit,26.48,0
2025020923,2026-02-26,7,8477940,CAR,35.23,34.59,snap,5v5,0,0,0,0,1,1,60,-20,takeaway,36.4,1
2025020923,2026-02-26,12,8482702,CAR,8.49,45.0,snap,5v5,0,0,0,0,2,1,83,-6,hit,62.48,1
2025020923,2026-02-26,14,8478178,TBL,69.32,26.57,wrist,5v5,0,0,0,0,0,1,27,-31,faceoff,89.0,0
2025020923,2026-02-26,17,8482093,CAR,24.17,24.44,snap,5v5,0,0,0,0,0,1,67,-10,faceoff,29.73,0
2025020923,2026-02-26,18,8480830,CAR,34.06,49.76,wrist,5v5,0,1,0,0,0,1,67,-26,shot-on-goal,24.17,0
2025020923,2026-02-26,25,8482655,TBL,65.76,28.12,wrist,5v5,0,0,0,0,0,1,31,31,giveaway,59.08,0
2025020923,2026-02-26,28,8476826,TBL,35.0,36.87,wrist,5v5,0,0,0,0,0,1,61,21,faceoff,29.73,0
2025020923,2026-02-26,32,8480762,CAR,34.71,41.5,snap,5v5,0,0,0,0,0,1,63,23,blocked-shot,25.24,0
2025020923,2026-02-26,36,8482100,CAR,26.68,77.01,snap,5v5,0,0,0,0,0,1,83,-26,takeaway,16.64,0
2025020923,2026-02-26,39,8475791,CAR,10.82,56.31,wrist,5v5,0,0,0,0,3,1,83,9,giveaway,66.21,1
2025020923,2026-02-26,42,8474151,TBL,22.02,2.6,snap,5v5,0,0,0,0,0,1,67,-1,blocked-shot,23.32,0
2025020923,2026-02-26,43,8483752,TBL,10.2,11.31,backhand,5v5,0,1,0,0,0,1,79,2,missed-shot,22.02,0
2025020923,2026-02-26,44,8477404,TBL,43.1,3.99,snap,5v5,0,1,0,0,0,1,46,3,missed-shot,10.2,0
2025020923,2026-02-26,47,8480762,CAR,7.21,56.31,tip-in,5v5,0,0,0,0,0,1,85,6,faceoff,29.73,0
2025020923,2026-02-26,50,8476958,CAR,64.14,30.96,snap,5v5,0,0,0,0,0,1,34,33,faceoff,29.73,0
2025020923,2026-02-26,60,8476453,TBL,21.93,43.15,slap,5v5,0,0,0,0,0,1,73,-15,giveaway,41.98,0
2025020923,2026-02-26,67,8480995,TBL,11.18,10.3,wrist,5v5,0,0,0,0,0,1,78,2,faceoff,29.73,0
2025020923,2026-02-26,68,8476873,CAR,9.06,6.34,tip-in,5v5,0,1,0,0,0,1,80,-1,missed-shot,11.18,0
2025020923,2026-02-26,69,8477478,CAR,12.17,9.46,wrist,5v5,0,1,0,0,0,1,77,2,shot-on-goal,9.06,0
2025020923,2026-02-26,74,8477940,CAR,30.53,31.61,snap,5v5,0,0,0,0,0,1,63,-16,faceoff,72.42,0
2025020923,2026-02-26,81,8482702,CAR,17.26,10.01,wrist,5v5,0,0,0,0,0,1,72,3,giveaway,27.8,0
2025020923,2026-02-26,84,8476906,CAR,62.07,2.77,wrist,5v5,0,0,0,0,0,1,27,-3,faceoff,29.73,0
2025020923,2026-02-26,88,8476906,CAR,66.64,25.8,snap,5v5,0,0,0,0,0,1,29,29,blocked-shot,30.0,0
2025020923,2026-02-26,94,8479542,TBL,29.41,35.31,snap,5v5,0,0,0,0,-2,1,65,17,giveaway,40.5,1
2025020923,2026-02-26,98,8476453,TBL,29.53,28.3,snap,5v5,0,0,0,0,-1,1,63,-14,faceoff,29.73,1
2025020923,2026-02-26,103,8478427,CAR,17.09,20.56,tip-in,5v5,0,0,0,0,0,1,73,6,giveaway,66.03,0
2025020923,2026-02-26,106,8476906,CAR,62.61,26.57,slap,5v5,0,0,0,0,0,1,33,28,faceoff,29.73,0
2025020923,2026-02-26,110,8483752,TBL,36.35,7.91,snap,5v5,0,0,0,0,0,1,53,-5,blocked-shot,10.3,0
2025020923,2026-02-26,111,8483752,TBL,13.15,8.75,wrist,5v5,0,1,0,0,0,1,76,-2,shot-on-goal,36.35,0
2025020923,2026-02-26,112,8474151,TBL,62.2,36.5,wrist,5v5,0,1,0,0,0,1,39,37,shot-on-goal,13.15,0
2025020923,2026-02-26,113,8478416,TBL,14.32,65.22,wrist,5v5,0,1,0,0,0,1,83,13,missed-shot,62.2,0
2025020923,2026-02-26,114,8478416,TBL,65.0,36.87,slap,5v5,0,1,0,0,0,1,37,39,shot-on-goal,14.32,0
2025020923,2026-02-26,121,8482201,TBL,46.65,30.96,slap,5v5,0,0,0,0,0,2,49,-24,takeaway,11.4,0
2025020923,2026-02-26,122,8476453,TBL,36.0,0.0,snap,5v5,0,1,0,0,0,2,53,0,shot-on-goal,46.65,0
2025020923,2026-02-26,130,8483752,TBL,21.95,30.07,snap,5v5,0,0,0,0,0,2,70,11,giveaway,25.5,1
2025020923,2026-02-26,133,8482100,CAR,48.27,13.17,snap,5v5,0,0,0,0,0,2,42,-11,giveaway,71.2,0
2025020923,2026-02-26,141,8482201,TBL,51.4,52.91,wrist,5v5,0,0,0,0,0,2,58,-41,blocked-shot,44.28,0
2025020923,2026-02-26,145,8477404,TBL,16.28,47.49,tip-in,5v5,0,0,0,0,0,2,78,-12,giveaway,47.41,0
2025020923,2026-02-26,147,8477478,CAR,51.4,52.91,snap,5v5,0,0,0,0,0,2,58,41,hit,20.25,0
2025020923,2026-02-26,149,8482093,CAR,18.44,12.53,wrist,5v5,0,0,0,0,1,2,71,4,hit,61.07,1
2025020923,2026-02-26,152,8477416,TBL,18.25,9.46,tip-in,5v5,0,0,0,0,0,2,71,-3,blocked-shot,21.47,0
2025020923,2026-02-26,154,8476921,CAR,74.09,31.76,backhand,5v5,0,0,0,0,0,2,26,-39,blocked-shot,15.26,0
2025020923,2026-02-26,155,8482100,CAR,50.33,20.96,slap,5v5,0,1,0,0,0,2,42,-18,shot-on-goal,74.09,0
2025020923,2026-02-26,156,8476826,TBL,25.0,16.26,snap,5v5,0,1,0,0,0,2,65,-7,missed-shot,50.33,0
2025020923,2026-02-26,160,8477478,CAR,59.55,40.91,wrist,5v5,0,0,0,0,0,2,44,39,giveaway,9.22,0
2025020923,2026-02-26,172,8477404,TBL,9.22,40.6,wrist,5v5,0,0,0,0,0,2,82,-6,hit,9.0,0
2025020923,2026-02-26,177,8478178,TBL,46.1,24.34,slap,5v5,0,0,0,0,0,2,47,-19,hit,55.17,0
2025020923,2026-02-26,181,8482655,TBL,58.31,22.17,wrist,5v5,0,0,0,0,0,2,35,22,faceoff,29.73,0
2025020923,2026-02-26,186,8478010,TBL,19.7,23.96,snap,5v4,1,0,0,0,0,2,71,-8,faceoff,29.73,1
2025020923,2026-02-26,190,8480817,CAR,54.92,10.49,snap,5v5,0,0,0,0,0,2,35,-10,blocked-shot,6.4,0
2025020923,2026-02-26,193,8482100,CAR,56.44,7.13,snap,5v5,0,0,0,0,0,2,33,-7,faceoff,29.73,0
2025020923,2026-02-26,199,8476826,TBL,26.25,72.26,wrist,5v5,0,0,0,0,0,2,81,25,faceoff,29.73,0
2025020923,2026-02-26,208,8480830,CAR,36.67,11.0,slap,5v4,1,0,0,0,0,2,53,7,faceoff,29.73,0
2025020923,2026-02-26,209,8477940,CAR,46.62,35.39,snap,5v4,1,1,0,0,0,2,51,-27,shot-on-goal,36.67,0
2025020923,2026-02-26,210,8477404,TBL,39.36,27.22,snap,4v5,0,1,0,0,0,2,54,18,shot-on-goal,46.62,0
2025020923,2026-02-26,211,8478427,CAR,8.49,45.0,backhand,5v4,1,1,0,0,0,2,83,6,shot-on-goal,39.36,0
2025020923,2026-02-26,212,8482100,CAR,52.8,24.62,snap,5v4,1,1,0,0,0,2,41,-22,shot-on-goal,8.49,0
2025020923,2026-02-26,222,8480995,TBL,9.85,23.96,backhand,5v5,0,0,0,0,0,2,80,-4,faceoff,72.42,0
2025020923,2026-02-26,237,8477940,CAR,31.14,84.47,wrist,5v5,0,0,0,0,0,3,86,31,faceoff,29.73,0
2025020923,2026-02-26,247,8477404,TBL,6.4,38.66,wrist,5v4,1,0,0,0,0,3,84,-4,blocked-shot,29.83,0
2025020923,2026-02-26,248,8478010,TBL,18.0,0.0,snap,5v4,1,1,0,0,0,3,71,0,missed-shot,6.4,0
2025020923,2026-02-26,249,8477404,TBL,25.94,62.45,snap,5v4,1,1,0,0,0,3,77,-23,missed-shot,18.0,0
2025020923,2026-02-26,252,8477478,CAR,26.02,2.2,tip-in,5v5,0,0,0,0,0,3,63,-1,blocked-shot,33.54,0
2025020923,2026-02-26,258,8483398,TBL,58.19,19.06,wrist,5v5,0,0,0,0,0,3,34,-19,giveaway,8.25,0
2025020923,2026-02-26,264,8482093,CAR,44.94,20.85,slap,5v4,1,0,0,0,0,3,47,-16,faceoff,29.73,0
2025020923,2026-02-26,266,8478427,CAR,56.8,26.11,slap,5v4,1,0,0,0,1,3,38,-25,giveaway,13.0,1
2025020923,2026-02-26,272,8476958,CAR,67.42,35.34,snap,5v5,0,0,0,0,0,3,34,39,giveaway,52.63,0
2025020923,2026-02-26,279,8475791,CAR,29.15,22.17,snap,5v5,0,0,0,0,0,3,62,-11,takeaway,74.95,0
2025020923,2026-02-26,281,8478178,TBL,35.81,35.91,wrist,5v5,0,0,0,0,0,3,60,-21,giveaway,44.1,0
2025020923,2026-02-26,282,8478010,TBL,8.25,14.04,wrist,5v5,0,1,0,0,0,3,81,2,shot-on-goal,35.81,0
2025020923,2026-02-26,287,8480762,CAR,33.24,74.29,backhand,5v5,0,0,0,0,0,3,80,-32,faceoff,29.73,0
2025020923,2026-02-26,292,8480830,CAR,42.52,48.81,snap,5v5,0,0,0,0,0,3,61,-32,faceoff,29.73,0
2025020923,2026-02-26,294,8473533,CAR,28.18,27.47,slap,5v5,0,0,0,0,0,3,64,13,hit,11.4,0
2025020923,2026-02-26,298,8479542,TBL,11.31,45.0,tip-in,5v5,0,0,0,0,0,3,81,-8,giveaway,61.72,0
2025020923,2026-02-26,303,8482809,CAR,25.5,64.44,snap,5v5,0,0,0,0,0,3,78,-23,faceoff,29.73,0
2025020923,2026-02-26,308,8476453,TBL,48.26,55.98,snap,5v5,0,0,0,0,0,3,62,-40,giveaway,81.02,0
2025020923,2026-02-26,314,8478010,TBL,9.49,18.43,backhand,6v5,1,0,0,0,0,3,80,3,blocked-shot,12.53,0
2025020923,2026-02-26,315,8478178,TBL,46.69,9.87,slap,6v5,1,1,0,0,0,3,43,-8,shot-on-goal,9.49,0
2025020923,2026-02-26,325,8483752,TBL,7.21,33.69,tip-in,6v5,1,0,0,0,0,3,83,-4,blocked-shot,31.62,0
2025020923,2026-02-26,329,8480830,CAR,67.07,20.06,snap,5v6,0,0,0,1,0,3,26,-23,giveaway,67.42,0
2025020924,2026-02-26,2,8476459,NYR,23.85,56.98,wrist,5v5,0,0,0,0,0,1,76,20,faceoff,89.0,0
2025020924,2026-02-26,4,8479323,NYR,13.89,30.26,wrist,5v5,0,0,0,0,0,1,77,-7,takeaway,76.03,0
2025020924,2026-02-26,9,8483690,NYR,45.04,2.54,wrist,5v5,0,0,0,0,0,1,44,2,hit,29.43,0
2025020924,2026-02-26,10,8482153,NYR,7.62,23.2,wrist,5v5,0,1,0,0,0,1,82,-3,shot-on-goal,45.04,0
2025020924,2026-02-26,13,8481525,NYR,63.81,32.2,wrist,5v5,0,0,0,0,0,1,35,34,faceoff,29.73,0
2025020924,2026-02-26,20,8479336,PHI,21.4,52.59,wrist,5v5,0,0,0,0,0,1,76,-17,hit,41.63,0
2025020924,2026-02-26,23,8478840,NYR,55.97,18.76,wrist,5v5,0,0,0,0,0,1,36,-18,faceoff,29.73,0
2025020924,2026-02-26,27,8482073,NYR,31.78,12.72,wrist,5v5,0,0,0,0,0,1,58,7,giveaway,48.55,0
2025020924,2026-02-26,30,8482861,NYR,61.03,18.14,wrist,5v5,0,0,0,0,0,1,31,-19,faceoff,29.73,0
2025020924,2026-02-26,38,8479336,PHI,16.55,89.62,wrist,5v5,0,0,0,0,0,1,96,-15,hit,26.68,0
2025020924,2026-02-26,41,8482153,NYR,6.08,9.46,deflected,5v5,0,0,0,0,0,1,83,1,giveaway,54.12,0
2025020924,2026-02-26,42,8478840,NYR,15.0,89.62,wrist,5v5,0,1,0,0,0,1,89,-15,missed-shot,6.08,0
2025020924,2026-02-26,46,8479323,NYR,56.89,10.12,slap,5v5,0,0,0,0,0,1,33,10,giveaway,53.26,0
2025020924,2026-02-26,49,8475842,NYR,53.26,50.33,wrist,5v5,0,0,0,0,1,1,55,-41,hit,91.42,1
2025020924,2026-02-26,54,8476459,NYR,51.42,13.5,snap,5v5,0,0,0,0,0,1,39,-12,hit,74.89,0
2025020924,2026-02-26,66,8480220,PHI,26.4,37.3,wrist,5v5,0,0,0,0,0,1,68,16,hit,62.13,0
2025020924,2026-02-26,72,8482142,PHI,21.21,8.13,wrist,5v5,0,0,0,0,0,1,68,3,faceoff,72.42,0
2025020924,2026-02-26,76,8477948,PHI,57.58,20.32,snap,5v5,0,0,0,0,0,1,35,-20,giveaway,78.71,0
2025020924,2026-02-26,95,8482073,NYR,58.82,17.82,slap,5v5,0,0,0,0,0,1,33,18,faceoff,72.42,0
2025020924,2026-02-26,101,8476459,NYR,17.89,63.43,backhand,5v5,0,0,0,0,0,2,81,16,faceoff,89.0,0
2025020924,2026-02-26,102,8476459,NYR,6.32,71.57,wrist,5v5,0,1,0,0,0,2,87,6,shot-on-goal,17.89,0
2025020924,2026-02-26,105,8482109,NYR,9.22,12.53,wrist,5v5,0,0,0,0,2,2,80,-2,giveaway,80.5,1
2025020924,2026-02-26,117,8481553,PHI,5.66,45.0,tip-in,5v5,0,0,0,0,0,2,85,-4,giveaway,23.77,0
2025020924,2026-02-26,118,8479336,PHI,22.8,15.26,wrist,5v5,0,1,0,0,0,2,67,6,missed-shot,5.66,0
2025020924,2026-02-26,119,8482142,PHI,37.01,1.55,wrist,5v5,0,1,0,0,0,2,52,-1,shot-on-goal,22.8,0
2025020924,2026-02-26,120,8481553,PHI,5.83,30.96,wrist,5v5,0,1,0,0,0,2,84,3,shot-on-goal,37.01,0
2025020924,2026-02-26,125,8482142,PHI,37.48,9.21,snap,5v4,1,0,0,0,0,2,52,-6,faceoff,29.73,0
2025020924,2026-02-26,126,8478439,PHI,13.04,4.4,tip-in,5v4,1,1,0,0,0,2,76,-1,shot-on-goal,37.48,0
2025020924,2026-02-26,131,8480015,PHI,41.19,5.57,snap,5v4,1,0,0,0,0,2,48,-4,faceoff,29.73,0
2025020924,2026-02-26,132,8480220,PHI,15.62,50.19,wrist,5v4,1,1,0,0,0,2,79,-12,shot-on-goal,41.19,0
2025020924,2026-02-26,136,8481525,NYR,64.66,31.72,wrist,5v5,0,0,0,0,0,2,34,34,hit,93.04,0
2025020924,2026-02-26,137,8478882,NYR,31.38,59.35,wrist,5v5,0,1,0,0,0,2,73,27,shot-on-goal,64.66,0
2025020924,2026-02-26,147,8481553,PHI,18.44,40.6,wrist,5v4,1,0,0,0,0,2,75,12,faceoff,29.73,0
2025020924,2026-02-26,155,8480015,PHI,30.23,55.78,wrist,5v4,1,0,0,0,0,2,72,-25,blocked-shot,51.0,0
2025020924,2026-02-26,156,8484387,PHI,9.22,40.6,snap,5v4,1,1,0,0,-1,2,82,-6,missed-shot,30.23,1
2025020924,2026-02-26,167,8479323,NYR,46.04,2.49,snap,5v4,1,0,0,0,0,2,43,-2,faceoff,29.73,0
2025020924,2026-02-26,168,8482109,NYR,6.0,0.0,backhand,5v4,1,1,0,0,0,2,83,0,shot-on-goal,46.04,0
2025020924,2026-02-26,170,8477903,PHI,8.06,29.74,tip-in,4v5,0,0,0,0,0,2,82,-4,blocked-shot,33.54,0
2025020924,2026-02-26,173,8481533,PHI,36.07,43.88,wrist,5v4,1,0,0,0,0,2,63,25,faceoff,29.73,0
2025020924,2026-02-26,174,8481546,PHI,31.58,10.95,slap,5v4,1,1,0,0,0,2,58,-6,missed-shot,36.07,0
2025020924,2026-02-26,178,8479390,NYR,31.24,50.19,wrist,5v5,0,0,0,0,0,2,69,-24,hit,8.49,0
2025020924,2026-02-26,182,8476389,NYR,27.66,49.4,backhand,5v5,0,0,0,0,0,2,71,21,hit,15.81,0
2025020924,2026-02-26,185,8480220,PHI,6.08,89.05,backhand,5v5,0,0,0,0,0,2,90,6,hit,32.06,0
2025020924,2026-02-26,198,8481533,PHI,26.93,21.8,wrist,5v5,0,0,0,0,0,3,64,-10,giveaway,11.4,1
2025020924,2026-02-26,200,8481553,PHI,24.04,16.93,wrist,5v5,0,0,0,0,0,3,66,7,faceoff,89.0,0
2025020924,2026-02-26,201,8482109,NYR,31.78,24.15,wrist,5v5,0,1,0,0,0,3,60,-13,missed-shot,24.04,0
2025020924,2026-02-26,205,8479323,NYR,61.74,24.9,wrist,5v5,0,0,0,0,0,3,33,-26,hit,39.56,0
2025020924,2026-02-26,208,8477903,PHI,17.03,3.37,tip-in,5v5,0,0,0,0,0,3,72,-1,hit,83.24,0
2025020924,2026-02-26,209,8479336,PHI,17.0,0.0,wrist,5v5,0,1,0,0,0,3,72,0,shot-on-goal,17.03,0
2025020924,2026-02-26,213,8476459,NYR,29.61,11.69,tip-in,5v5,0,0,0,0,0,3,60,6,faceoff,29.73,0
2025020924,2026-02-26,218,8481525,NYR,43.86,46.85,wrist,5v5,0,0,0,0,0,3,59,32,giveaway,56.57,0
2025020924,2026-02-26,221,8482073,NYR,26.17,89.78,wrist,5v5,0,0,0,0,0,3,92,26,faceoff,29.73,0
2025020924,2026-02-26,229,8482073,NYR,38.59,58.78,wrist,4v5,0,0,0,0,0,3,69,33,faceoff,72.42,0
2025020924,2026-02-26,238,8483690,NYR,54.63,23.75,snap,5v5,0,0,0,0,0,3,39,-22,faceoff,29.73,0
2025020924,2026-02-26,239,8481525,NYR,45.0,36.87,wrist,5v5,0,1,0,0,0,3,53,27,shot-on-goal,54.63,0
2025020924,2026-02-26,240,8475842,NYR,93.92,18.63,slap,5v5,0,1,0,0,0,3,0,-30,missed-shot,45.0,0
2025020924,2026-02-26,241,8476372,PHI,53.76,43.49,wrist,5v5,0,1,0,0,0,3,50,37,missed-shot,93.92,0
2025020924,2026-02-26,245,8479336,PHI,46.14,29.9,wrist,5v5,0,0,0,0,0,3,49,-23,takeaway,46.53,0
2025020924,2026-02-26,252,8478439,PHI,25.02,2.29,tip-in,5v4,1,0,0,0,0,3,64,-1,giveaway,9.49,0
2025020924,2026-02-26,253,8481533,PHI,18.38,22.38,tip-in,5v4,1,1,0,0,0,3,72,-7,missed-shot,25.02,0
2025020924,2026-02-26,256,8482157,NYR,45.61,52.13,wrist,4v5,0,0,0,0,0,3,61,36,hit,10.82,0
2025020924,2026-02-26,257,8480220,PHI,11.18,10.3,wrist,5v4,1,1,0,0,0,3,78,2,shot-on-goal,45.61,0
2025020924,2026-02-26,258,8480220,PHI,6.32,18.43,wrist,5v4,1,1,0,0,0,3,83,2,shot-on-goal,11.18,0
2025020924,2026-02-26,261,8481525,NYR,65.76,28.12,slap,5v5,0,0,0,0,0,3,31,31,faceoff,29.73,0
2025020924,2026-02-26,265,8481525,NYR,44.38,22.52,slap,5v5,0,0,0,0,0,3,48,-17,blocked-shot,23.26,0
2025020924,2026-02-26,266,8483733,PHI,97.17,23.66,wrist,5v5,0,1,0,0,0,3,0,39,shot-on-goal,44.38,0
2025020924,2026-02-26,274,8478882,NYR,42.0,0.0,snap,6v5,1,0,0,0,0,3,47,0,delayed-penalty,89.0,0
2025020924,2026-02-26,280,8476461,PHI,21.59,13.39,wrist,3v4,0,0,0,0,0,4,68,5,faceoff,89.0,0
2025020924,2026-02-26,281,8476459,NYR,36.62,34.99,slap,4v3,1,1,0,0,0,4,59,21,missed-shot,21.59,0
2025020924,2026-02-26,283,8476468,NYR,34.37,8.37,slap,4v3,1,0,0,0,0,4,55,-5,blocked-shot,13.93,0
2025020924,2026-02-26,284,8476459,NYR,31.24,50.19,slap,4v4,0,1,0,0,0,4,69,24,missed-shot,34.37,0
2025020924,2026-02-26,285,8476389,NYR,8.06,7.13,backhand,4v4,0,1,0,0,0,4,81,1,shot-on-goal,31.24,0
2025020924,2026-02-26,287,8484387,PHI,20.0,53.13,wrist,4v4,0,0,0,0,1,4,77,16,blocked-shot,10.44,1
2025020925,2026-02-26,6,8479385,STL,38.08,13.67,wrist,5v5,0,0,0,0,0,1,52,9,blocked-shot,43.83,0
2025020925,2026-02-26,7,8481006,STL,7.62,66.8,wrist,5v5,0,1,0,0,0,1,86,7,shot-on-goal,38.08,0
2025020925,2026-02-26,8,8483516,STL,35.38,47.29,wrist,5v5,0,1,0,0,0,1,65,-26,missed-shot,7.62,0
2025020925,2026-02-26,11,8480009,SEA,34.53,79.99,wrist,5v5,0,0,0,0,0,1,83,34,hit,33.14,0
2025020925,2026-02-26,18,8477573,STL,45.22,35.1,wrist,5v5,0,0,0,0,0,1,52,26,hit,53.74,0
2025020925,2026-02-26,22,8477402,STL,41.0,0.0,wrist,5v5,0,0,0,0,0,1,48,0,takeaway,84.48,0
2025020925,2026-02-26,26,8482733,STL,28.02,2.05,wrist,5v5,0,0,0,0,0,1,61,1,giveaway,36.5,0
2025020925,2026-02-26,31,8482733,STL,48.37,29.74,slap,5v5,0,0,0,0,0,1,47,24,blocked-shot,8.06,0
2025020925,2026-02-26,38,8481598,STL,16.49,75.96,wrist,5v5,0,0,0,0,0,1,85,16,blocked-shot,9.22,0
2025020925,2026-02-26,39,8482077,STL,22.02,39.47,snap,5v5,0,1,0,0,1,1,72,14,missed-shot,16.49,1
2025020925,2026-02-26,41,8475170,STL,29.0,43.6,wrist,5v5,0,0,0,0,0,1,68,-20,faceoff,89.0,0
2025020925,2026-02-26,47,8477402,STL,7.81,39.81,tip-in,5v5,0,0,0,0,0,1,83,5,hit,7.0,0
2025020925,2026-02-26,50,8477986,SEA,31.11,45.0,wrist,5v5,0,0,0,0,0,1,67,-22,faceoff,29.73,0
2025020925,2026-02-26,55,8474586,SEA,9.0,0.0,tip-in,5v4,1,0,0,0,0,1,80,0,giveaway,21.21,0
2025020925,2026-02-26,57,8477955,SEA,32.53,45.0,slap,5v4,1,0,0,0,0,1,66,-23,hit,29.15,0
2025020925,2026-02-26,63,8477955,SEA,33.62,30.38,wrist,5v4,1,0,0,0,0,1,60,-17,faceoff,29.73,0
2025020925,2026-02-26,67,8481554,SEA,19.42,34.51,wrist,5v5,0,0,0,0,0,1,73,11,faceoff,29.73,0
2025020925,2026-02-26,69,8483524,SEA,25.5,11.31,backhand,5v5,0,0,0,0,0,1,64,5,blocked-shot,20.59,0
2025020925,2026-02-26,70,8481554,SEA,5.39,68.2,wrist,5v5,0,1,0,0,0,1,87,-5,shot-on-goal,25.5,1
2025020925,2026-02-26,75,8484800,SEA,12.81,51.34,wrist,5v5,0,0,0,0,0,1,81,10,hit,75.29,0
2025020925,2026-02-26,76,8477986,SEA,54.78,21.41,slap,5v5,0,1,0,0,0,1,38,-20,shot-on-goal,12.81,0
2025020925,2026-02-26,77,8477986,SEA,18.68,74.48,snap,5v5,0,1,0,0,0,1,84,-18,shot-on-goal,54.78,0
2025020925,2026-02-26,79,8475170,STL,39.22,19.36,wrist,5v5,0,0,0,0,0,1,52,-13,giveaway,82.86,0
2025020925,2026-02-26,82,8475753,STL,47.41,62.35,wrist,5v5,0,0,0,0,0,1,67,-42,giveaway,23.41,0
2025020925,2026-02-26,86,8479385,STL,28.6,36.47,wrist,5v5,0,0,0,0,0,1,66,-17,hit,77.41,0
2025020925,2026-02-26,87,8476905,SEA,29.55,23.96,wrist,5v5,0,1,0,0,0,1,62,-12,shot-on-goal,28.6,0
2025020925,2026-02-26,90,8475768,SEA,26.25,40.36,snap,5v5,0,0,0,0,0,1,69,17,faceoff,29.73,0
2025020925,2026-02-26,91,8475753,STL,34.71,41.5,wrist,5v5,0,1,0,0,0,1,63,-23,missed-shot,26.25,0
2025020925,2026-02-26,92,8483524,SEA,34.71,41.5,wrist,5v5,0,1,0,0,0,1,63,-23,shot-on-goal,34.71,0
2025020925,2026-02-26,95,8479372,SEA,52.77,27.05,wrist,5v5,0,0,0,0,0,1,42,24,faceoff,29.73,0
2025020925,2026-02-26,101,8484800,SEA,14.42,33.69,backhand,5v5,0,0,0,0,0,1,77,-8,faceoff,29.73,0
2025020925,2026-02-26,105,8482751,SEA,18.03,33.69,tip-in,5v5,0,0,0,0,0,2,74,-10,faceoff,89.0,0
2025020925,2026-02-26,107,8479385,STL,6.4,38.66,snap,5v5,0,0,0,0,1,2,84,-4,giveaway,9.85,1
2025020925,2026-02-26,109,8482733,STL,53.04,2.16,wrist,5v5,0,0,0,0,0,2,36,-2,faceoff,89.0,0
2025020925,2026-02-26,111,8482077,STL,11.18,26.57,poke,5v5,0,0,0,0,2,2,79,5,blocked-shot,4.24,1
2025020925,2026-02-26,113,8475170,STL,9.43,32.01,snap,5v5,0,0,0,0,0,2,81,-5,faceoff,89.0,0
2025020925,2026-02-26,117,8483570,SEA,15.26,31.61,tip-in,5v5,0,0,0,0,0,2,76,-8,hit,73.93,0
2025020925,2026-02-26,118,8483570,SEA,10.05,5.71,wrist,5v5,0,1,0,0,0,2,79,-1,shot-on-goal,15.26,0
2025020925,2026-02-26,119,8482665,SEA,39.81,25.28,wrist,5v5,0,1,0,0,0,2,53,17,shot-on-goal,10.05,0
2025020925,2026-02-26,120,8482089,STL,9.9,45.0,tip-in,5v5,0,1,0,0,0,2,82,-7,missed-shot,39.81,0
2025020925,2026-02-26,123,8482077,STL,48.17,48.37,wrist,5v5,0,0,0,0,0,2,57,-36,faceoff,29.73,0
2025020925,2026-02-26,124,8482858,SEA,29.53,28.3,wrist,5v5,0,1,0,0,0,2,63,14,missed-shot,48.17,0
2025020925,2026-02-26,130,8480281,STL,29.02,1.97,wrist,5v5,0,0,0,0,0,2,60,1,giveaway,39.22,0
2025020925,2026-02-26,134,8482733,STL,62.77,22.48,wrist,5v5,0,0,0,0,0,2,31,-24,giveaway,29.15,0
2025020925,2026-02-26,138,8479385,STL,16.97,45.0,snap,5v5,0,0,0,0,0,2,77,12,hit,26.48,0
2025020925,2026-02-26,141,8481006,STL,36.72,29.36,wrist,5v5,0,0,0,0,0,2,57,-18,giveaway,43.97,0
2025020925,2026-02-26,144,8475764,STL,39.92,22.07,wrist,5v5,0,0,0,0,0,2,52,-15,faceoff,29.73,0
2025020925,2026-02-26,145,8480459,STL,36.4,52.82,wrist,5v5,0,1,0,0,0,2,67,-29,shot-on-goal,39.92,0
2025020925,2026-02-26,149,8480459,STL,43.83,27.15,slap,5v5,0,0,0,0,0,2,50,20,giveaway,31.62,0
2025020925,2026-02-26,151,8484164,STL,24.21,51.71,snap,5v5,0,0,0,0,0,2,74,19,giveaway,17.0,0
2025020925,2026-02-26,156,8481598,STL,48.88,30.76,slap,5v5,0,0,0,0,0,2,47,25,faceoff,72.42,0
2025020925,2026-02-26,158,8484800,SEA,32.2,25.77,wrist,5v5,0,0,0,0,0,2,60,14,hit,76.03,0
2025020925,2026-02-26,168,8482665,SEA,23.54,12.26,tip-in,5v4,1,0,0,0,0,2,66,-5,faceoff,29.73,0
2025020925,2026-02-26,172,8482665,SEA,29.15,22.17,snap,5v4,1,0,0,0,0,2,62,11,giveaway,23.77,0
2025020925,2026-02-26,175,8478407,SEA,61.98,10.22,wrist,5v4,1,0,0,0,0,2,28,-11,takeaway,28.64,0
2025020925,2026-02-26,176,8477955,SEA,10.77,68.2,wrist,5v4,1,1,0,0,0,2,85,-10,shot-on-goal,61.98,0
2025020925,2026-02-26,181,8481554,SEA,41.87,49.84,snap,5v5,0,0,0,0,0,2,62,32,hit,15.65,0
2025020925,2026-02-26,182,8481013,STL,32.02,51.34,slap,5v5,0,1,0,0,0,2,69,-25,missed-shot,41.87,0
2025020925,2026-02-26,183,8475764,STL,41.73,45.97,wrist,5v5,0,1,0,0,0,2,60,-30,shot-on-goal,32.02,0
2025020925,2026-02-26,185,8480459,STL,8.0,0.0,wrist,5v5,0,0,0,0,0,2,81,0,blocked-shot,9.49,0
2025020925,2026-02-26,187,8480281,STL,25.55,30.58,tip-in,5v5,0,0,0,0,0,2,67,13,hit,13.04,0
2025020925,2026-02-26,188,8476905,SEA,8.94,26.57,backhand,5v5,0,1,0,0,0,2,81,-4,shot-on-goal,25.55,0
2025020925,2026-02-26,193,8483524,SEA,81.58,11.31,tip-in,5v5,0,0,0,0,0,2,9,16,hit,20.62,0
2025020925,2026-02-26,198,8475753,STL,12.08,24.44,tip-in,5v5,0,0,0,0,0,3,78,-5,faceoff,89.0,0
2025020925,2026-02-26,199,8475753,STL,70.72,33.47,wrist,5v5,0,1,0,0,0,3,30,-39,missed-shot,12.08,0
2025020925,2026-02-26,201,8475753,STL,36.36,31.5,wrist,5v5,0,0,0,0,0,3,58,-19,hit,26.02,0
2025020925,2026-02-26,202,8480459,STL,14.04,4.09,snap,5v5,0,1,0,0,3,3,75,-1,shot-on-goal,36.36,1
2025020925,2026-02-26,204,8483524,SEA,9.49,18.43,tip-in,5v5,0,0,0,0,0,3,80,-3,faceoff,89.0,0
2025020925,2026-02-26,206,8475768,SEA,17.0,0.0,tip-in,5v5,0,0,0,0,0,3,72,0,blocked-shot,29.73,0
2025020925,2026-02-26,209,8478407,SEA,57.49,13.07,slap,5v5,0,0,0,0,0,3,33,13,faceoff,29.73,0
2025020925,2026-02-26,225,8482077,STL,65.6,37.57,wrist,5v5,0,0,0,0,0,3,37,40,faceoff,29.73,0
2025020925,2026-02-26,229,8482858,SEA,57.27,12.09,slap,5v5,0,0,0,0,0,3,33,-12,blocked-shot,21.54,0
2025020925,2026-02-26,235,8479372,SEA,42.19,31.43,wrist,5v5,0,0,0,0,0,3,53,22,hit,67.12,0
2025020925,2026-02-26,239,8482077,STL,20.62,67.17,wrist,5v5,0,0,0,0,0,3,81,19,blocked-shot,51.24,0
2025020925,2026-02-26,243,8480009,SEA,28.84,33.69,wrist,5v5,0,0,0,0,0,3,65,16,hit,7.28,0
2025020925,2026-02-26,247,8483570,SEA,46.17,17.65,wrist,5v5,0,0,0,0,0,3,45,-14,hit,28.02,0
2025020925,2026-02-26,261,8477986,SEA,56.01,1.02,slap,5v4,1,0,0,0,0,3,33,1,faceoff,72.42,0
2025020925,2026-02-26,262,8482090,STL,56.59,46.43,wrist,4v5,0,1,0,0,0,3,50,-41,missed-shot,56.01,0
2025020925,2026-02-26,263,8482665,SEA,7.62,23.2,tip-in,6v4,1,1,0,0,0,3,82,-3,shot-on-goal,56.59,0
2025020925,2026-02-26,266,8480009,SEA,33.24,43.78,snap,6v5,1,0,0,0,0,3,65,-23,faceoff,29.73,0
2025020925,2026-02-26,269,8478407,SEA,53.6,14.04,wrist,6v5,1,0,0,0,0,3,37,13,faceoff,29.73,0
2025020925,2026-02-26,272,8482077,STL,56.57,45.0,backhand,5v6,0,0,0,1,4,3,49,-40,faceoff,29.73,1
2025020925,2026-02-26,279,8481554,SEA,39.45,59.53,snap,5v5,0,0,0,0,0,3,69,-34,hit,62.63,0
2025020925,2026-02-26,281,8475764,STL,65.46,34.42,wrist,5v5,0,0,0,0,0,3,35,-37,blocked-shot,6.4,0
2025020926,2026-02-26,3,8476869,NSH,46.69,46.74,wrist,5v5,0,0,0,0,0,1,57,34,giveaway,59.67,0
2025020926,2026-02-26,7,8476539,NSH,50.45,50.63,wrist,5v5,0,0,0,0,0,1,57,39,hit,64.4,0
2025020926,2026-02-26,12,8476891,CHI,44.65,55.95,slap,5v5,0,0,0,0,0,1,64,37,giveaway,61.4,0
2025020926,2026-02-26,18,8483450,CHI,8.25,75.96,tip-in,5v5,0,0,0,0,0,1,87,-8,delayed-penalty,89.0,0
2025020926,2026-02-26,21,8483493,CHI,34.48,16.86,snap,5v4,1,0,0,0,0,1,56,-10,faceoff,29.73,0
2025020926,2026-02-26,27,8476887,NSH,50.01,11.53,wrist,5v5,0,0,0,0,0,1,40,10,blocked-shot,9.85,0
2025020926,2026-02-26,30,8483506,CHI,57.01,1.01,wrist,5v4,1,0,0,0,0,1,32,-1,faceoff,29.73,0
2025020926,2026-02-26,31,8477479,CHI,7.07,8.13,tip-in,5v4,1,1,0,0,0,1,82,-1,shot-on-goal,57.01,0
2025020926,2026-02-26,32,8473422,CHI,7.62,66.8,backhand,5v4,1,1,0,0,0,1,86,-7,shot-on-goal,7.07,0
2025020926,2026-02-26,35,8475158,NSH,21.02,2.73,wrist,4v5,0,0,0,0,0,1,68,-1,takeaway,73.25,0
2025020926,2026-02-26,44,8475158,NSH,12.65,18.43,wrist,5v5,0,0,0,0,0,1,77,4,giveaway,61.85,0
2025020926,2026-02-26,45,8476887,NSH,6.71,63.43,wrist,5v5,0,1,0,0,0,1,86,6,shot-on-goal,12.65,0
2025020926,2026-02-26,46,8476887,NSH,7.28,74.05,snap,5v5,0,1,0,0,0,1,87,7,shot-on-goal,6.71,0
2025020926,2026-02-26,53,8476473,CHI,29.07,63.43,snap,5v5,0,0,0,0,0,1,76,-26,takeaway,33.62,0
2025020926,2026-02-26,57,8477444,CHI,28.43,39.29,snap,5v5,0,0,0,0,0,1,67,-18,faceoff,29.73,0
2025020926,2026-02-26,59,8483506,CHI,20.12,63.43,wrist,5v5,0,0,0,0,0,1,80,-18,blocked-shot,18.79,0
2025020926,2026-02-26,62,8476887,NSH,21.93,24.23,wrist,5v5,0,0,0,0,1,1,69,9,blocked-shot,15.62,1
2025020926,2026-02-26,64,8481806,CHI,48.41,38.29,wrist,5v5,0,0,0,0,0,1,51,-30,faceoff,89.0,0
2025020926,2026-02-26,71,8474600,NSH,58.14,3.95,slap,5v5,0,0,0,0,0,1,31,4,faceoff,29.73,0
2025020926,2026-02-26,72,8482146,NSH,22.0,0.0,tip-in,5v5,0,1,0,0,0,1,67,0,missed-shot,58.14,0
2025020926,2026-02-26,74,8477446,NSH,22.56,77.2,slap,5v5,0,0,0,0,0,1,84,-22,giveaway,45.65,0
2025020926,2026-02-26,78,8484144,CHI,19.0,0.0,snap,5v5,0,0,0,0,0,1,70,0,hit,43.38,0
2025020926,2026-02-26,79,8474564,NSH,31.14,47.6,slap,5v5,0,1,0,0,0,1,68,-23,shot-on-goal,19.0,0
2025020926,2026-02-26,89,8476887,NSH,41.87,40.16,snap,5v5,0,0,0,0,0,2,57,-27,faceoff,29.73,0
2025020926,2026-02-26,92,8477446,NSH,24.7,58.24,snap,5v5,0,0,0,0,0,2,76,21,giveaway,37.85,0
2025020926,2026-02-26,93,8479370,NSH,25.5,25.56,tip-in,5v5,0,1,0,0,0,2,66,-11,shot-on-goal,24.7,0
2025020926,2026-02-26,94,8480246,NSH,46.07,27.12,wrist,5v5,0,1,0,0,0,2,48,21,shot-on-goal,25.5,0
2025020926,2026-02-26,95,8474564,NSH,36.77,45.0,wrist,5v5,0,1,0,0,0,2,63,26,missed-shot,46.07,0
2025020926,2026-02-26,96,8484144,CHI,31.38,22.48,wrist,5v5,0,1,0,0,0,2,60,12,missed-shot,36.77,1
2025020926,2026-02-26,99,8483493,CHI,43.0,0.0,wrist,5v5,0,0,0,0,0,2,46,0,hit,54.2,0
2025020926,2026-02-26,101,8483506,CHI,38.0,0.0,slap,5v5,0,0,0,0,0,2,51,0,giveaway,33.06,0
2025020926,2026-02-26,109,8476539,NSH,38.48,24.57,wrist,5v5,0,0,0,0,0,2,54,16,faceoff,29.73,0
2025020926,2026-02-26,112,8482146,NSH,29.73,47.73,wrist,5v5,0,0,0,0,0,2,69,22,faceoff,29.73,0
2025020926,2026-02-26,113,8478047,NSH,14.87,19.65,wrist,5v5,0,1,0,0,0,2,75,5,shot-on-goal,29.73,0
2025020926,2026-02-26,115,8478047,NSH,32.25,60.26,wrist,5v5,0,0,0,0,0,2,73,-28,hit,30.07,0
2025020926,2026-02-26,116,8484144,CHI,23.0,0.0,wrist,5v5,0,1,0,0,0,2,66,0,shot-on-goal,32.25,0
2025020926,2026-02-26,118,8480246,NSH,59.03,26.13,snap,5v5,0,0,0,0,0,2,36,-26,hit,36.06,0
2025020926,2026-02-26,120,8479980,NSH,54.82,14.8,wrist,5v5,0,0,0,0,0,2,36,-14,hit,15.0,0
2025020926,2026-02-26,121,8482482,NSH,43.01,54.46,snap,5v5,0,1,0,0,0,2,64,-35,missed-shot,54.82,0
2025020926,2026-02-26,126,8474564,NSH,7.07,45.0,wrist,5v5,0,0,0,0,0,2,84,-5,hit,62.8,0
2025020926,2026-02-26,128,8482146,NSH,23.35,43.26,snap,5v5,0,0,0,0,0,2,72,16,giveaway,89.01,0
2025020926,2026-02-26,129,8484144,CHI,19.21,51.34,wrist,5v5,0,1,0,0,0,2,77,15,shot-on-goal,23.35,0
2025020926,2026-02-26,137,8483565,NSH,59.08,33.96,slap,5v5,0,0,0,0,0,2,40,33,hit,34.01,0
2025020926,2026-02-26,138,8483506,CHI,64.88,24.59,wrist,5v5,0,1,0,0,0,2,30,-27,shot-on-goal,59.08,0
2025020926,2026-02-26,144,8477479,CHI,6.71,63.43,bat,5v5,0,0,0,0,0,2,86,6,hit,29.15,0
2025020926,2026-02-26,146,8476891,CHI,69.63,35.06,wrist,5v5,0,0,0,0,0,2,32,40,takeaway,22.8,0
2025020926,2026-02-26,150,8476473,CHI,58.01,0.99,slap,5v5,0,0,0,0,0,2,31,-1,hit,25.71,0
2025020926,2026-02-26,155,8475158,NSH,27.02,38.99,wrist,5v5,0,0,0,0,0,2,68,17,giveaway,82.76,0
2025020926,2026-02-26,161,8483450,CHI,33.11,25.02,slap,5v5,0,0,0,0,0,3,59,-14,faceoff,89.0,0
2025020926,2026-02-26,162,8483506,CHI,45.69,23.2,slap,5v5,0,1,0,0,0,3,47,-18,missed-shot,33.11,0
2025020926,2026-02-26,165,8477479,CHI,28.64,12.09,wrist,5v5,0,0,0,0,0,3,61,-6,faceoff,29.73,0
2025020926,2026-02-26,171,8476882,CHI,5.39,21.8,wrist,5v4,1,0,0,0,0,3,84,2,giveaway,91.48,0
2025020926,2026-02-26,172,8476882,CHI,5.0,53.13,wrist,5v4,1,1,0,0,0,3,86,4,shot-on-goal,5.39,0
2025020926,2026-02-26,173,8484144,CHI,6.0,0.0,wrist,5v4,1,1,0,0,0,3,83,0,shot-on-goal,5.0,0
2025020926,2026-02-26,176,8483493,CHI,12.73,45.0,wrist,5v4,1,0,0,0,0,3,80,-9,faceoff,29.73,0
2025020926,2026-02-26,177,8479980,NSH,16.12,82.87,wrist,4v5,0,1,0,0,0,3,87,-16,shot-on-goal,12.73,0
2025020926,2026-02-26,181,8477479,CHI,7.81,39.81,snap,5v4,1,0,0,0,1,3,83,5,blocked-shot,8.06,1
2025020926,2026-02-26,183,8481806,CHI,61.29,33.69,slap,5v5,0,0,0,0,0,3,38,-34,faceoff,89.0,0
2025020926,2026-02-26,196,8482146,NSH,51.08,23.05,wrist,5v4,1,0,0,0,0,3,42,-20,faceoff,29.73,0
2025020926,2026-02-26,199,8484241,NSH,31.95,20.14,wrist,5v4,1,0,0,0,0,3,59,-11,faceoff,29.73,1
2025020926,2026-02-26,203,8474564,NSH,40.31,29.74,wrist,5v5,0,0,0,0,0,3,54,-20,giveaway,56.3,0
2025020926,2026-02-26,218,8479980,NSH,38.33,74.88,wrist,5v5,0,0,0,0,0,3,79,37,hit,62.8,0
2025020926,2026-02-26,232,8483493,CHI,15.81,18.43,wrist,5v4,1,0,0,0,0,3,74,-5,faceoff,29.73,0
2025020926,2026-02-26,253,8475158,NSH,9.43,32.01,wrist,5v5,0,0,0,0,1,3,81,-5,giveaway,60.21,1
2025020926,2026-02-26,255,8483450,CHI,42.19,31.43,wrist,5v5,0,0,0,0,0,3,53,-22,faceoff,89.0,0
2025020926,2026-02-26,260,8474564,NSH,50.12,28.61,wrist,5v6,0,0,0,1,2,3,45,-24,giveaway,64.01,1
2025020927,2026-02-26,3,8470613,COL,26.42,29.48,snap,5v5,0,0,0,0,0,1,66,-13,hit,91.24,0
2025020927,2026-02-26,4,8477476,COL,13.6,53.97,deflected,5v5,0,1,0,0,0,1,81,-11,shot-on-goal,26.42,0
2025020927,2026-02-26,7,8480039,COL,26.02,87.8,snap,5v5,0,0,0,0,0,1,88,-26,faceoff,29.73,0
2025020927,2026-02-26,8,8480069,COL,59.48,27.0,wrist,5v5,0,1,0,0,0,1,36,-27,missed-shot,26.02,0
2025020927,2026-02-26,11,8484258,COL,48.6,36.63,wrist,5v5,0,0,0,0,0,1,50,-29,giveaway,9.9,0
2025020927,2026-02-26,16,8470613,COL,72.2,30.83,snap,5v5,0,0,0,0,0,1,27,-37,faceoff,72.42,0
2025020927,2026-02-26,22,8477492,COL,49.65,9.27,wrist,5v5,0,0,0,0,0,1,40,-8,faceoff,29.73,0
2025020927,2026-02-26,25,8475149,MIN,19.7,23.96,snap,5v5,0,0,0,0,0,1,71,8,faceoff,29.73,0
2025020927,2026-02-26,29,8477501,COL,9.06,83.66,snap,5v5,0,0,0,0,0,1,88,-9,giveaway,39.66,0
2025020927,2026-02-26,32,8476455,COL,23.54,12.26,tip-in,5v4,1,0,0,0,0,1,66,5,faceoff,29.73,0
2025020927,2026-02-26,33,8477492,COL,33.24,46.22,wrist,5v4,1,1,0,0,0,1,66,24,missed-shot,23.54,0
2025020927,2026-02-26,34,8480069,COL,43.08,21.8,wrist,5v4,1,1,0,0,0,1,49,-16,shot-on-goal,33.24,0
2025020927,2026-02-26,35,8481477,MIN,54.12,27.51,wrist,4v5,0,1,0,0,0,1,41,-25,shot-on-goal,43.08,0
2025020927,2026-02-26,38,8477476,COL,58.08,2.96,tip-in,5v4,1,0,0,0,0,1,31,-3,hit,41.11,0
2025020927,2026-02-26,42,8480835,COL,37.01,1.55,wrist,5v5,0,0,0,0,0,1,52,1,giveaway,15.81,0
2025020927,2026-02-26,47,8475754,COL,18.11,6.34,snap,5v5,0,0,0,0,0,1,71,-2,hit,44.72,0
2025020927,2026-02-26,50,8470613,COL,61.91,31.12,wrist,5v5,0,0,0,0,0,1,36,-32,faceoff,29.73,0
2025020927,2026-02-26,51,8470613,COL,64.08,22.96,wrist,5v5,0,1,0,0,0,1,30,-25,missed-shot,61.91,0
2025020927,2026-02-26,58,8478493,MIN,35.51,32.35,wrist,5v4,1,0,0,0,0,1,59,19,faceoff,29.73,0
2025020927,2026-02-26,61,8475692,MIN,20.59,29.05,snap,5v4,1,0,0,0,0,1,71,10,faceoff,29.73,0
2025020927,2026-02-26,62,8482122,MIN,61.35,19.03,wrist,5v4,1,1,0,0,0,1,31,-20,shot-on-goal,20.59,0
2025020927,2026-02-26,65,8475765,MIN,45.61,37.87,wrist,5v5,0,0,0,0,0,1,53,-28,faceoff,29.73,0
2025020927,2026-02-26,68,8478864,MIN,15.26,31.61,tip-in,5v5,0,0,0,0,0,1,76,-8,faceoff,29.73,0
2025020927,2026-02-26,70,8477451,MIN,31.02,1.85,wrist,5v5,0,0,0,0,0,1,58,1,giveaway,34.23,0
2025020927,2026-02-26,76,8478038,COL,38.91,64.09,wrist,4v5,0,0,0,0,0,1,72,-35,faceoff,29.73,0
2025020927,2026-02-26,77,8477451,MIN,38.01,26.57,snap,5v5,0,1,0,0,0,1,55,-17,shot-on-goal,38.91,0
2025020927,2026-02-26,83,8480039,COL,30.02,29.98,snap,5v5,0,0,0,0,0,1,63,-15,takeaway,25.46,0
2025020927,2026-02-26,94,8480039,COL,29.83,13.57,snap,5v5,0,0,0,0,0,1,60,7,takeaway,31.14,0
2025020927,2026-02-26,95,8477492,COL,13.6,17.1,tip-in,5v5,0,1,0,0,0,1,76,-4,missed-shot,29.83,0
2025020927,2026-02-26,96,8481557,MIN,15.23,66.8,wrist,5v5,0,1,0,0,0,1,83,-14,shot-on-goal,13.6,0
2025020927,2026-02-26,97,8481557,MIN,6.71,63.43,snap,5v5,0,1,0,0,0,1,86,-6,shot-on-goal,15.23,0
2025020927,2026-02-26,98,8474567,MIN,53.6,14.04,wrist,5v5,0,1,0,0,0,1,37,13,shot-on-goal,6.71,0
2025020927,2026-02-26,102,8478508,MIN,58.14,40.82,snap,5v5,0,0,0,0,0,1,45,38,giveaway,20.25,0
2025020927,2026-02-26,105,8478864,MIN,26.31,8.75,wrist,5v5,0,0,0,0,0,1,63,-4,giveaway,10.0,0
2025020927,2026-02-26,106,8478864,MIN,21.1,5.44,snap,5v5,0,1,0,0,0,1,68,-2,missed-shot,26.31,0
2025020927,2026-02-26,107,8478864,MIN,8.06,60.26,snap,5v5,0,1,0,0,0,1,85,-7,shot-on-goal,21.1,0
2025020927,2026-02-26,113,8478038,COL,8.06,7.13,tip-in,5v5,0,0,0,0,0,1,81,-1,blocked-shot,29.68,0
2025020927,2026-02-26,120,8482122,MIN,63.51,33.44,slap,5v5,0,0,0,0,0,2,36,-35,giveaway,71.59,0
2025020927,2026-02-26,121,8482122,MIN,43.83,34.78,snap,5v5,0,1,0,0,0,2,53,25,shot-on-goal,63.51,0
2025020927,2026-02-26,124,8481557,MIN,8.06,60.26,snap,5v5,0,0,0,0,0,2,85,-7,blocked-shot,20.4,0
2025020927,2026-02-26,127,8477492,COL,36.25,65.56,wrist,5v5,0,0,0,0,0,2,74,-33,faceoff,29.73,0
2025020927,2026-02-26,129,8478136,MIN,44.42,58.82,wrist,5v5,0,0,0,0,0,2,66,38,hit,50.0,0
2025020927,2026-02-26,131,8480039,COL,41.44,8.33,slap,5v5,0,0,0,0,0,2,48,-6,giveaway,8.06,0
2025020927,2026-02-26,135,8482122,MIN,61.4,30.32,slap,5v5,0,0,0,0,0,2,36,-31,hit,35.06,0
2025020927,2026-02-26,139,8476994,MIN,69.46,30.26,wrist,5v5,0,0,0,0,0,2,29,-35,blocked-shot,15.56,0
2025020927,2026-02-26,147,8480800,MIN,22.47,57.72,wrist,5v5,0,0,0,0,0,2,77,19,blocked-shot,21.93,0
2025020927,2026-02-26,150,8478864,MIN,40.5,20.22,wrist,5v5,0,0,0,0,0,2,51,14,faceoff,29.73,0
2025020927,2026-02-26,151,8484258,COL,57.28,45.71,wrist,5v5,0,1,0,0,0,2,49,-41,missed-shot,40.5,0
2025020927,2026-02-26,152,8484258,COL,59.24,21.8,wrist,5v5,0,1,0,0,0,2,34,-22,shot-on-goal,57.28,0
2025020927,2026-02-26,159,8478508,MIN,33.94,45.0,wrist,5v5,0,0,0,0,0,2,65,24,hit,25.71,0
2025020927,2026-02-26,164,8477501,COL,38.28,19.86,wrist,4v5,0,0,0,0,0,2,53,13,giveaway,9.0,0
2025020927,2026-02-26,166,8481557,MIN,37.85,12.2,wrist,5v4,1,0,0,0,0,2,52,-8,giveaway,39.41,0
2025020927,2026-02-26,167,8478493,MIN,9.49,18.43,snap,5v4,1,1,0,0,1,2,80,3,shot-on-goal,37.85,1
2025020927,2026-02-26,172,8477492,COL,42.45,15.02,slap,5v5,0,0,0,0,0,2,48,-11,blocked-shot,13.93,0
2025020927,2026-02-26,185,8477476,COL,23.43,50.19,snap,5v5,0,0,0,0,0,2,74,18,blocked-shot,25.5,0
2025020927,2026-02-26,186,8484258,COL,65.37,29.31,wrist,5v5,0,1,0,0,0,2,32,32,shot-on-goal,23.43,0
2025020927,2026-02-26,189,8477501,COL,46.14,29.9,slap,5v5,0,0,0,0,0,2,49,23,faceoff,29.73,0
2025020927,2026-02-26,190,8475754,COL,22.56,12.8,snap,5v5,0,1,0,0,0,2,67,5,shot-on-goal,46.14,0
2025020927,2026-02-26,191,8476312,COL,53.14,19.8,slap,5v5,0,1,0,0,0,2,39,18,shot-on-goal,22.56,0
2025020927,2026-02-26,194,8476455,COL,18.03,19.44,tip-in,5v5,0,0,0,0,0,2,72,6,faceoff,29.73,0
2025020927,2026-02-26,199,8479525,COL,35.11,70.02,backhand,5v5,0,0,0,0,0,2,77,-33,hit,78.03,0
2025020927,2026-02-26,205,8480039,COL,36.24,50.6,wrist,5v5,0,0,0,0,0,2,66,-28,blocked-shot,21.02,1
2025020927,2026-02-26,213,8478493,MIN,9.85,23.96,tip-in,5v4,1,0,0,0,0,2,80,-4,faceoff,29.73,0
2025020927,2026-02-26,215,8476312,COL,45.01,1.27,slap,4v5,0,0,0,0,0,2,44,-1,takeaway,69.34,0
2025020927,2026-02-26,217,8480800,MIN,89.45,5.77,wrist,5v4,1,0,0,0,0,2,0,-9,delayed-penalty,89.0,0
2025020927,2026-02-26,223,8480800,MIN,43.01,17.59,wrist,5v3,1,0,0,0,0,2,48,13,faceoff,29.73,0
2025020927,2026-02-26,224,8481557,MIN,33.62,30.38,snap,5v3,1,1,0,0,0,2,60,-17,missed-shot,43.01,0
2025020927,2026-02-26,225,8480800,MIN,35.47,21.5,wrist,5v3,1,1,0,0,0,2,56,13,shot-on-goal,33.62,0
2025020927,2026-02-26,226,8478864,MIN,20.4,78.69,snap,5v3,1,1,0,0,0,2,85,-20,shot-on-goal,35.47,0
2025020927,2026-02-26,228,8478864,MIN,39.36,27.22,wrist,5v3,1,0,0,0,0,2,54,-18,blocked-shot,20.0,0
2025020927,2026-02-26,229,8480800,MIN,34.93,13.24,wrist,5v3,1,1,0,0,0,2,55,8,missed-shot,39.36,0
2025020927,2026-02-26,230,8481557,MIN,32.65,40.03,snap,5v3,1,1,0,0,0,2,64,-21,shot-on-goal,34.93,0
2025020927,2026-02-26,233,8478864,MIN,30.36,72.76,slap,5v3,1,0,0,0,0,2,80,-29,faceoff,29.73,0
2025020927,2026-02-26,234,8480800,MIN,29.15,22.17,wrist,5v3,1,1,0,0,0,2,62,11,missed-shot,30.36,0
2025020927,2026-02-26,236,8481557,MIN,26.63,55.71,snap,5v3,1,0,0,0,0,2,74,-22,blocked-shot,18.87,0
2025020927,2026-02-26,237,8478493,MIN,8.6,35.54,backhand,5v3,1,1,0,0,0,2,82,-5,shot-on-goal,26.63,0
2025020927,2026-02-26,238,8475692,MIN,7.07,8.13,tip-in,5v4,1,1,0,0,0,2,82,-1,missed-shot,8.6,0
2025020927,2026-02-26,239,8478493,MIN,18.0,89.68,wrist,5v4,1,1,0,0,1,2,89,-18,missed-shot,7.07,1
2025020927,2026-02-26,247,8477492,COL,53.91,40.49,slap,5v5,0,0,0,0,0,2,48,35,faceoff,29.73,0
2025020927,2026-02-26,257,8477476,COL,48.26,55.98,wrist,5v5,0,0,0,0,0,2,62,40,giveaway,63.69,0
2025020927,2026-02-26,263,8481557,MIN,13.04,57.53,backhand,5v5,0,0,0,0,0,3,82,-11,faceoff,89.0,0
2025020927,2026-02-26,264,8480039,COL,39.82,28.5,wrist,5v5,0,1,0,0,0,3,54,-19,shot-on-goal,13.04,0
2025020927,2026-02-26,269,8478038,COL,82.86,23.47,wrist,5v5,0,0,0,0,0,3,13,33,faceoff,29.73,0
2025020927,2026-02-26,271,8478038,COL,49.82,10.41,wrist,5v5,0,0,0,0,0,3,40,-9,takeaway,92.2,0
2025020927,2026-02-26,273,8477492,COL,9.06,6.34,tip-in,5v5,0,0,0,0,0,3,80,-1,hit,69.63,0
2025020927,2026-02-26,276,8476967,COL,55.17,43.53,wrist,5v5,0,0,0,0,0,3,49,38,faceoff,29.73,0
2025020927,2026-02-26,277,8479525,COL,12.04,41.63,tip-in,5v5,0,1,0,0,0,3,80,-8,shot-on-goal,55.17,0
2025020927,2026-02-26,278,8479525,COL,11.18,63.43,backhand,5v5,0,1,0,0,0,3,84,-10,missed-shot,12.04,0
2025020927,2026-02-26,286,8477492,COL,37.22,30.7,slap,5v5,0,0,0,0,0,3,57,-19,faceoff,29.73,0
2025020927,2026-02-26,289,8480039,COL,43.86,24.23,slap,5v5,0,0,0,0,0,3,49,-18,faceoff,29.73,0
2025020927,2026-02-26,291,8480069,COL,31.91,57.8,wrist,5v5,0,0,0,0,0,3,72,-27,hit,39.92,0
2025020927,2026-02-26,294,8470613,COL,49.48,14.04,wrist,5v5,0,0,0,0,0,3,41,-12,giveaway,41.63,0
2025020927,2026-02-26,296,8478864,MIN,28.65,29.25,wrist,5v5,0,0,0,0,0,3,64,-14,blocked-shot,42.2,0
2025020927,2026-02-26,298,8476967,COL,60.8,36.3,wrist,5v5,0,0,0,0,0,3,40,36,giveaway,71.69,0
2025020927,2026-02-26,302,8476455,COL,15.03,3.81,tip-in,5v5,0,0,0,0,0,3,74,-1,blocked-shot,17.0,0
2025020927,2026-02-26,303,8480835,COL,24.17,65.56,wrist,5v5,0,1,0,0,0,3,79,-22,missed-shot,15.03,0
2025020927,2026-02-26,304,8484149,COL,20.81,35.22,tip-in,5v5,0,1,0,0,0,3,72,-12,shot-on-goal,24.17,0
2025020927,2026-02-26,309,8476455,COL,18.79,64.8,wrist,5v5,0,0,0,0,0,3,81,17,faceoff,29.73,0
2025020927,2026-02-26,312,8478493,MIN,38.59,58.78,snap,5v5,0,0,0,0,0,3,69,33,faceoff,29.73,0
2025020927,2026-02-26,315,8476994,MIN,13.34,12.99,tip-in,5v5,0,0,0,0,0,3,76,3,giveaway,30.15,0
2025020927,2026-02-26,316,8480039,COL,37.59,28.61,wrist,5v5,0,1,0,0,0,3,56,18,shot-on-goal,13.34,0
2025020927,2026-02-26,320,8478508,MIN,7.07,8.13,snap,5v5,0,0,0,0,0,3,82,-1,hit,21.54,0
2025020927,2026-02-26,325,8477501,COL,29.83,39.56,snap,5v5,0,0,0,0,0,3,66,-19,hit,69.89,0
2025020927,2026-02-26,328,8477492,COL,36.07,43.88,slap,5v5,0,0,0,0,0,3,63,25,faceoff,29.73,0
2025020927,2026-02-26,329,8480069,COL,64.62,21.8,wrist,5v5,0,1,0,0,0,3,29,24,missed-shot,36.07,0
2025020927,2026-02-26,332,8476994,MIN,37.0,0.0,snap,5v5,0,0,0,0,0,3,52,0,faceoff,29.73,0
2025020927,2026-02-26,336,8475754,COL,39.05,50.19,slap,5v4,1,0,0,0,0,3,64,-30,giveaway,49.4,0
2025020927,2026-02-26,339,8477492,COL,21.1,58.57,wrist,5v4,1,0,0,0,0,3,78,-18,faceoff,29.73,0
2025020927,2026-02-26,340,8480069,COL,38.63,21.25,wrist,5v4,1,1,0,0,0,3,53,-14,shot-on-goal,21.1,0
2025020927,2026-02-26,341,8480069,COL,42.95,12.09,wrist,5v4,1,1,0,0,0,3,47,-9,missed-shot,38.63,0
2025020927,2026-02-26,343,8475692,MIN,11.05,84.81,wrist,5v5,0,0,0,0,2,3,88,11,giveaway,80.32,1
2025020927,2026-02-26,353,8481557,MIN,65.51,12.34,wrist,4v6,0,0,0,1,3,3,25,-14,giveaway,67.12,1
2025020927,2026-02-26,355,8480039,COL,32.56,47.49,wrist,6v4,1,0,0,0,0,3,67,24,faceoff,89.0,0
2025020927,2026-02-26,356,8475754,COL,23.09,4.97,snap,6v4,1,1,0,0,0,3,66,-2,shot-on-goal,32.56,0
2025020927,2026-02-26,358,8480039,COL,46.04,34.38,slap,6v4,1,0,0,0,0,3,51,26,blocked-shot,20.4,0
2025020927,2026-02-26,364,8481477,MIN,67.68,12.8,wrist,4v6,0,0,0,1,0,3,23,-15,giveaway,57.22,0
2025020927,2026-02-26,370,8480039,COL,22.8,52.13,snap,6v5,1,0,0,0,-2,3,75,18,faceoff,29.73,1
2025020927,2026-02-26,373,8481557,MIN,55.8,36.25,wrist,5v6,0,0,0,1,3,3,44,-33,hit,28.44,1
2025020927,2026-02-26,375,8479525,COL,24.19,7.13,wrist,5v5,0,0,0,0,0,3,65,-3,faceoff,89.0,0
2025020928,2026-02-26,3,8480748,SJS,89.84,16.82,backhand,5v5,0,0,0,0,0,1,3,-26,giveaway,75.15,0
2025020928,2026-02-26,6,8480798,SJS,38.08,66.8,backhand,5v5,0,0,0,0,0,1,74,-35,blocked-shot,16.97,0
2025020928,2026-02-26,7,8484860,CGY,31.78,24.15,wrist,5v5,0,1,0,0,0,1,60,-13,shot-on-goal,38.08,0
2025020928,2026-02-26,8,8477505,SJS,80.06,25.92,wrist,5v5,0,1,0,0,0,1,17,-35,missed-shot,31.78,0
2025020928,2026-02-26,13,8484227,SJS,17.26,10.01,tip-in,5v5,0,0,0,0,0,1,72,3,giveaway,58.69,0
2025020928,2026-02-26,18,8482074,CGY,10.44,16.7,wrist,5v5,0,0,0,0,0,1,79,-3,blocked-shot,30.0,0
2025020928,2026-02-26,20,8479576,SJS,56.57,45.0,wrist,5v5,0,0,0,0,0,1,49,-40,giveaway,53.71,0
2025020928,2026-02-26,23,8482667,SJS,43.57,31.87,wrist,5v5,0,0,0,0,0,1,52,-23,blocked-shot,41.68,0
2025020928,2026-02-26,29,8483609,CGY,28.84,33.69,wrist,5v5,0,0,0,0,0,1,65,-16,faceoff,29.73,0
2025020928,2026-02-26,30,8480727,CGY,72.2,30.83,wrist,5v5,0,1,0,0,0,1,27,-37,shot-on-goal,28.84,0
2025020928,2026-02-26,34,8480043,SJS,16.12,29.74,tip-in,5v5,0,0,0,0,0,1,75,8,giveaway,87.14,0
2025020928,2026-02-26,40,8482165,CGY,37.44,34.11,wrist,5v5,0,0,0,0,0,1,58,-21,faceoff,29.73,0
2025020928,2026-02-26,44,8484801,SJS,32.45,33.69,slap,5v4,1,0,0,0,0,1,62,-18,faceoff,29.73,0
2025020928,2026-02-26,48,8481068,CGY,72.53,15.19,wrist,4v5,0,0,0,0,0,1,19,19,giveaway,61.13,0
2025020928,2026-02-26,52,8482679,CGY,29.41,72.18,wrist,5v4,1,0,0,0,0,1,80,-28,faceoff,29.73,0
2025020928,2026-02-26,53,8481068,CGY,45.54,8.84,wrist,5v4,1,1,0,0,0,1,44,7,missed-shot,29.41,0
2025020928,2026-02-26,56,8482667,SJS,18.0,0.0,wrist,4v5,0,0,0,0,0,1,71,0,faceoff,29.73,0
2025020928,2026-02-26,57,8480748,SJS,19.21,38.66,wrist,5v5,0,1,0,0,0,1,74,12,shot-on-goal,18.0,0
2025020928,2026-02-26,60,8475172,CGY,33.62,30.38,wrist,5v5,0,0,0,0,0,1,60,17,hit,65.3,0
2025020928,2026-02-26,66,8475726,SJS,74.43,6.17,deflected,5v5,0,0,0,0,0,1,15,-8,faceoff,29.73,0
2025020928,2026-02-26,68,8479983,SJS,62.61,26.57,slap,5v5,0,0,0,0,0,1,33,28,hit,27.02,0
2025020928,2026-02-26,77,8484806,SJS,44.2,52.35,slap,5v5,0,0,0,0,0,1,62,35,giveaway,30.41,0
2025020928,2026-02-26,79,8484801,SJS,28.65,29.25,wrist,5v5,0,0,0,0,0,1,64,14,giveaway,55.07,0
2025020928,2026-02-26,87,8480797,CGY,35.01,88.36,backhand,5v5,0,0,0,0,0,1,88,-35,hit,91.24,0
2025020928,2026-02-26,88,8484227,SJS,40.71,27.82,wrist,5v5,0,1,0,0,0,1,53,19,missed-shot,35.01,0
2025020928,2026-02-26,92,8484911,SJS,8.54,20.56,tip-in,5v5,0,0,0,0,0,1,81,-3,hit,34.01,0
2025020928,2026-02-26,93,8479576,SJS,54.49,42.77,wrist,5v5,0,1,0,0,0,1,49,-37,shot-on-goal,8.54,0
2025020928,2026-02-26,94,8480798,SJS,12.73,45.0,wrist,5v5,0,1,0,0,0,1,80,9,shot-on-goal,54.49,0
2025020928,2026-02-26,96,8480798,SJS,24.84,49.9,slap,5v5,0,0,0,0,0,1,73,19,blocked-shot,17.46,0
2025020928,2026-02-26,106,8475726,SJS,23.0,0.0,tip-in,5v5,0,0,0,0,1,2,66,0,blocked-shot,4.12,1
2025020928,2026-02-26,115,8484227,SJS,34.99,30.96,wrist,5v5,0,0,0,0,0,2,59,18,hit,24.04,0
2025020928,2026-02-26,120,8484801,SJS,36.01,1.59,wrist,5v5,0,0,0,0,0,2,53,-1,faceoff,89.0,0
2025020928,2026-02-26,121,8482074,CGY,32.65,27.35,tip-in,5v5,0,1,0,0,0,2,60,15,missed-shot,36.01,0
2025020928,2026-02-26,123,8476399,CGY,31.06,33.18,wrist,5v5,0,0,0,0,0,2,63,17,hit,73.78,0
2025020928,2026-02-26,129,8480797,CGY,25.0,0.0,tip-in,5v4,1,0,0,0,0,2,64,0,takeaway,63.13,0
2025020928,2026-02-26,136,8482679,CGY,34.93,13.24,slap,5v4,1,0,0,0,0,2,55,-8,faceoff,29.73,0
2025020928,2026-02-26,141,8476399,CGY,29.21,38.05,snap,4v4,0,0,0,0,0,2,66,-18,faceoff,29.73,0
2025020928,2026-02-26,148,8484801,SJS,41.76,16.7,wrist,5v4,1,0,0,0,0,2,49,-12,hit,33.24,0
2025020928,2026-02-26,150,8483609,CGY,9.0,89.36,wrist,5v5,0,0,0,0,0,2,89,-9,takeaway,66.19,0
2025020928,2026-02-26,151,8482667,SJS,40.61,52.0,wrist,5v5,0,1,0,0,0,2,64,32,missed-shot,9.0,0
2025020928,2026-02-26,162,8481028,CGY,40.61,52.0,wrist,5v5,0,0,0,0,0,2,64,32,hit,32.02,0
2025020928,2026-02-26,166,8484860,CGY,56.44,7.13,wrist,5v5,0,0,0,0,0,2,33,7,faceoff,29.73,0
2025020928,2026-02-26,170,8475172,CGY,15.52,14.93,wrist,5v5,0,0,0,0,0,2,74,4,hit,39.85,0
2025020928,2026-02-26,171,8482074,CGY,10.2,11.31,wrist,5v5,0,1,0,0,0,2,79,2,shot-on-goal,15.52,0
2025020928,2026-02-26,174,8475172,CGY,28.86,14.04,wrist,5v5,0,0,0,0,0,2,61,7,faceoff,29.73,1
2025020928,2026-02-26,181,8484911,SJS,17.49,30.96,tip-in,5v5,0,0,0,0,0,2,74,9,hit,60.88,0
2025020928,2026-02-26,182,8484801,SJS,18.79,25.2,wrist,5v5,0,1,0,0,0,2,72,8,shot-on-goal,17.49,0
2025020928,2026-02-26,183,8484911,SJS,20.22,8.53,wrist,5v5,0,1,0,0,0,2,69,3,shot-on-goal,18.79,0
2025020928,2026-02-26,187,8483609,CGY,39.12,4.4,wrist,5v5,0,0,0,0,0,2,50,3,giveaway,71.02,0
2025020928,2026-02-26,192,8475906,SJS,46.53,8.65,slap,5v4,1,0,0,0,0,2,43,7,faceoff,29.73,0
2025020928,2026-02-26,194,8480748,SJS,21.1,5.44,tip-in,5v4,1,0,0,0,0,2,68,2,blocked-shot,27.66,0
2025020928,2026-02-26,195,8480748,SJS,15.23,23.2,backhand,5v4,1,1,0,0,0,2,75,-6,shot-on-goal,21.1,0
2025020928,2026-02-26,198,8476399,CGY,15.65,26.57,wrist,4v5,0,0,0,0,0,2,75,-7,faceoff,29.73,0
2025020928,2026-02-26,199,8485402,SJS,23.41,19.98,snap,5v4,1,1,0,0,0,2,67,8,missed-shot,15.65,0
2025020928,2026-02-26,207,8484801,SJS,45.1,3.81,wrist,5v5,0,0,0,0,0,2,44,-3,blocked-shot,10.82,0
2025020928,2026-02-26,208,8480748,SJS,9.9,45.0,backhand,5v5,0,1,0,0,0,2,82,7,shot-on-goal,45.1,0
2025020928,2026-02-26,216,8475906,SJS,47.01,60.71,wrist,5v5,0,0,0,0,0,3,66,-41,blocked-shot,19.03,0
2025020928,2026-02-26,219,8475906,SJS,64.01,28.97,wrist,5v5,0,0,0,0,0,3,33,-31,blocked-shot,13.45,0
2025020928,2026-02-26,221,8482667,SJS,31.62,55.3,wrist,5v5,0,0,0,0,0,3,71,26,hit,66.73,0
2025020928,2026-02-26,224,8474150,CGY,8.06,7.13,deflected,5v5,0,0,0,0,0,3,81,-1,faceoff,29.73,0
2025020928,2026-02-26,225,8474150,CGY,5.1,11.31,wrist,5v5,0,1,0,0,0,3,84,1,shot-on-goal,8.06,0
2025020928,2026-02-26,228,8476399,CGY,24.35,70.82,wrist,5v5,0,0,0,0,0,3,81,-23,faceoff,29.73,0
2025020928,2026-02-26,229,8479576,SJS,57.98,32.32,slap,5v5,0,1,0,0,0,3,40,-31,shot-on-goal,24.35,0
2025020928,2026-02-26,236,8481556,CGY,27.73,64.36,snap,5v5,0,0,0,0,0,3,77,25,giveaway,51.48,0
2025020928,2026-02-26,239,8481556,CGY,29.53,28.3,tip-in,5v5,0,0,0,0,0,3,63,-14,faceoff,29.73,0
2025020928,2026-02-26,240,8475726,SJS,38.28,33.27,wrist,5v5,0,1,0,0,0,3,57,-21,missed-shot,29.53,0
2025020928,2026-02-26,243,8477346,CGY,46.86,39.81,wrist,5v5,0,0,0,0,0,3,53,-30,faceoff,29.73,0
2025020928,2026-02-26,247,8482074,CGY,34.18,20.56,wrist,5v5,0,0,0,0,1,3,57,12,takeaway,15.3,1
2025020928,2026-02-26,258,8475172,CGY,29.27,82.15,wrist,5v5,0,0,0,0,0,3,85,29,blocked-shot,34.89,0
2025020928,2026-02-26,272,8477505,SJS,13.04,57.53,snap,5v5,0,0,0,0,0,3,82,11,giveaway,24.52,0
2025020928,2026-02-26,283,8475172,CGY,8.49,45.0,wrist,5v5,0,0,0,0,2,3,83,6,faceoff,89.0,1
2025020928,2026-02-26,290,8482679,CGY,21.02,64.65,wrist,5v5,0,0,0,0,0,3,80,19,blocked-shot,5.0,0
2025020928,2026-02-26,291,8474150,CGY,10.77,21.8,wrist,5v5,0,1,0,0,0,3,79,4,shot-on-goal,21.02,0
2025020928,2026-02-26,293,8483609,CGY,12.0,0.0,tip-in,5v5,0,0,0,0,0,3,77,0,giveaway,5.39,0
2025020928,2026-02-26,300,8474150,CGY,25.18,83.16,wrist,5v5,0,0,0,0,0,3,86,25,blocked-shot,43.01,0
2025020928,2026-02-26,305,8475726,SJS,35.38,42.71,wrist,6v5,1,0,0,0,0,3,63,-24,blocked-shot,11.05,0
2025020928,2026-02-26,306,8477505,SJS,5.1,11.31,backhand,6v5,1,1,0,0,0,3,84,1,missed-shot,35.38,0
2025020928,2026-02-26,309,8476399,CGY,54.23,5.29,backhand,5v6,0,0,0,1,0,3,35,5,faceoff,29.73,0
2025020928,2026-02-26,312,8480727,CGY,38.47,81.03,wrist,5v6,0,0,0,1,0,3,83,38,faceoff,29.73,0
2025020928,2026-02-26,315,8480748,SJS,46.4,52.88,slap,6v5,1,0,0,0,0,3,61,37,faceoff,29.73,0
2025020928,2026-02-26,316,8480748,SJS,40.22,34.88,slap,6v5,1,1,0,0,0,3,56,23,missed-shot,46.4,0
2025020928,2026-02-26,317,8474150,CGY,87.85,22.77,wrist,5v6,0,1,0,1,3,3,8,-34,missed-shot,40.22,1
2025020928,2026-02-26,321,8484911,SJS,30.46,23.2,wrist,5v5,0,0,0,0,0,3,61,-12,hit,9.22,0
2025020928,2026-02-26,322,8480798,SJS,11.05,5.19,wrist,5v5,0,1,0,0,0,3,78,1,shot-on-goal,30.46,0
2025020929,2026-02-26,5,8474563,LAK,59.36,32.62,wrist,5v5,0,0,0,0,0,1,39,-32,faceoff,29.73,0
2025020929,2026-02-26,9,8477498,EDM,40.85,68.46,backhand,5v5,0,0,0,0,0,1,74,-38,hit,84.53,0
2025020929,2026-02-26,13,8480803,EDM,44.72,10.3,wrist,5v5,0,0,0,0,0,1,45,8,hit,85.88,0
2025020929,2026-02-26,18,8482124,LAK,45.61,37.87,wrist,5v5,0,0,0,0,0,1,53,28,takeaway,90.38,0
2025020929,2026-02-26,29,8478402,EDM,36.72,29.36,wrist,5v5,0,0,0,0,0,1,57,-18,hit,91.71,0
2025020929,2026-02-26,30,8480834,EDM,29.41,54.69,wrist,5v5,0,1,0,0,1,1,72,-24,shot-on-goal,36.72,1
2025020929,2026-02-26,34,8477960,LAK,31.89,48.81,slap,5v5,0,0,0,0,0,1,68,-24,blocked-shot,29.27,0
2025020929,2026-02-26,39,8481617,EDM,30.81,54.25,wrist,5v5,0,0,0,0,2,1,71,25,faceoff,29.73,1
2025020929,2026-02-26,41,8483512,EDM,13.6,17.1,tip-in,5v5,0,0,0,0,0,1,76,-4,faceoff,89.0,0
2025020929,2026-02-26,47,8481617,EDM,34.83,39.17,wrist,5v5,0,0,0,0,0,1,62,-22,giveaway,36.4,0
2025020929,2026-02-26,48,8474641,EDM,12.65,18.43,wrist,5v5,0,1,0,0,0,1,77,-4,shot-on-goal,34.83,0
2025020929,2026-02-26,51,8475786,EDM,18.6,53.75,wrist,5v5,0,0,0,0,0,1,78,15,faceoff,29.73,0
2025020929,2026-02-26,52,8479675,LAK,17.49,59.04,backhand,5v5,0,1,0,0,0,1,80,-15,shot-on-goal,18.6,0
2025020929,2026-02-26,59,8480803,EDM,68.6,30.68,wrist,5v5,0,0,0,0,0,1,30,-35,faceoff,29.73,0
2025020929,2026-02-26,62,8477998,LAK,30.41,46.33,tip-in,5v5,0,0,0,0,-1,1,68,22,giveaway,26.68,1
2025020929,2026-02-26,65,8478458,EDM,37.85,12.2,wrist,5v5,0,0,0,0,0,1,52,-8,faceoff,89.0,0
2025020929,2026-02-26,66,8483406,LAK,62.97,32.68,wrist,5v5,0,1,0,0,0,1,36,34,missed-shot,37.85,0
2025020929,2026-02-26,73,8476469,LAK,61.03,34.99,wrist,5v5,0,0,0,0,0,1,39,35,hit,66.4,0
2025020929,2026-02-26,77,8477960,LAK,31.14,84.47,wrist,5v5,0,0,0,0,0,1,86,-31,blocked-shot,48.08,0
2025020929,2026-02-26,84,8477998,LAK,7.62,66.8,backhand,5v4,1,0,0,0,0,1,86,-7,giveaway,39.29,0
2025020929,2026-02-26,85,8474563,LAK,56.14,4.09,slap,5v4,1,1,0,0,0,1,33,-4,missed-shot,7.62,0
2025020929,2026-02-26,90,8478550,LAK,35.0,36.87,wrist,5v4,1,0,0,0,0,1,61,21,blocked-shot,8.49,0
2025020929,2026-02-26,91,8478550,LAK,13.0,22.62,deflected,5v4,1,1,0,0,0,1,77,5,shot-on-goal,35.0,0
2025020929,2026-02-26,100,8478550,LAK,10.82,33.69,tip-in,5v5,0,0,0,0,0,2,80,6,faceoff,89.0,0
2025020929,2026-02-26,103,8483406,LAK,38.59,31.22,wrist,5v5,0,0,0,0,0,2,56,-20,giveaway,65.0,0
2025020929,2026-02-26,107,8479675,LAK,36.8,47.2,wrist,5v5,0,0,0,0,0,2,64,27,hit,12.04,0
2025020929,2026-02-26,108,8478233,EDM,31.76,28.18,wrist,5v5,0,1,0,0,2,2,61,15,shot-on-goal,36.8,1
2025020929,2026-02-26,112,8477498,EDM,41.18,60.95,wrist,5v5,0,0,0,0,0,2,69,36,faceoff,29.73,0
2025020929,2026-02-26,115,8477498,EDM,64.14,30.96,wrist,5v5,0,0,0,0,0,2,34,33,faceoff,29.73,0
2025020929,2026-02-26,118,8482155,LAK,41.4,37.15,wrist,5v5,0,0,0,0,0,2,56,-25,faceoff,29.73,0
2025020929,2026-02-26,121,8478402,EDM,15.23,66.8,wrist,5v5,0,0,0,0,3,2,83,-14,giveaway,69.35,1
2025020929,2026-02-26,123,8477998,LAK,11.0,0.0,wrist,5v5,0,0,0,0,0,2,78,0,faceoff,89.0,0
2025020929,2026-02-26,124,8477998,LAK,13.6,17.1,wrist,5v5,0,1,0,0,0,2,76,-4,shot-on-goal,11.0,0
2025020929,2026-02-26,126,8481617,EDM,9.49,71.57,wrist,5v5,0,0,0,0,0,2,86,9,hit,9.43,0
2025020929,2026-02-26,127,8481617,EDM,7.07,45.0,wrist,5v5,0,1,0,0,0,2,84,5,shot-on-goal,9.49,0
2025020929,2026-02-26,128,8474641,EDM,8.54,69.44,poke,5v5,0,1,0,0,0,2,86,8,shot-on-goal,7.07,0
2025020929,2026-02-26,129,8479365,EDM,5.83,59.04,backhand,5v5,0,1,0,0,0,2,86,5,shot-on-goal,8.54,0
2025020929,2026-02-26,146,8478550,LAK,43.42,14.68,slap,5v5,0,0,0,0,0,2,47,-11,hit,18.79,0
2025020929,2026-02-26,149,8481617,EDM,29.15,22.17,wrist,5v5,0,0,0,0,0,2,62,11,hit,56.59,0
2025020929,2026-02-26,155,8475786,EDM,7.81,50.19,backhand,5v4,1,0,0,0,4,2,84,6,blocked-shot,24.19,1
2025020929,2026-02-26,158,8480834,EDM,54.49,47.23,wrist,5v5,0,0,0,0,0,2,52,-40,hit,60.31,0
2025020929,2026-02-26,160,8481617,EDM,10.44,16.7,bat,5v5,0,0,0,0,0,2,79,-3,hit,43.83,0
2025020929,2026-02-26,165,8476454,EDM,29.21,51.95,wrist,5v4,1,0,0,0,0,2,71,23,faceoff,29.73,0
2025020929,2026-02-26,167,8479675,LAK,18.0,0.0,wrist,4v5,0,0,0,0,0,2,71,0,takeaway,85.44,0
2025020929,2026-02-26,170,8475786,EDM,4.0,0.0,tip-in,5v4,1,0,0,0,0,2,85,0,blocked-shot,8.25,0
2025020929,2026-02-26,177,8479675,LAK,36.4,52.82,wrist,5v5,0,0,0,0,0,2,67,-29,hit,67.2,0
2025020929,2026-02-26,178,8479675,LAK,28.02,55.18,wrist,5v5,0,1,0,0,0,2,73,-23,shot-on-goal,36.4,0
2025020929,2026-02-26,183,8478402,EDM,9.06,83.66,wrist,5v5,0,0,0,0,0,2,88,9,blocked-shot,4.47,0
2025020929,2026-02-26,184,8478402,EDM,25.08,23.5,wrist,5v5,0,1,0,0,0,2,66,-10,missed-shot,9.06,0
2025020929,2026-02-26,188,8483406,LAK,15.0,53.13,wrist,5v5,0,0,0,0,0,2,80,-12,hit,19.7,0
2025020929,2026-02-26,189,8478402,EDM,48.47,21.8,wrist,5v5,0,1,0,0,0,2,44,-18,shot-on-goal,15.0,0
2025020929,2026-02-26,190,8477998,LAK,28.28,81.87,wrist,5v5,0,1,0,0,0,2,85,28,missed-shot,48.47,0
2025020929,2026-02-26,191,8470621,LAK,37.48,43.92,slap,5v5,0,1,0,0,0,2,62,26,missed-shot,28.28,0
2025020929,2026-02-26,192,8478233,EDM,85.21,4.04,wrist,5v5,0,1,0,0,0,2,4,-6,missed-shot,37.48,0
2025020929,2026-02-26,195,8478013,EDM,56.14,4.09,slap,5v5,0,0,0,0,0,2,33,4,faceoff,29.73,0
2025020929,2026-02-26,198,8482124,LAK,31.76,28.18,wrist,5v5,0,0,0,0,0,2,61,15,faceoff,29.73,0
2025020929,2026-02-26,199,8476879,LAK,42.76,10.78,wrist,5v5,0,1,0,0,0,2,47,-8,shot-on-goal,31.76,0
2025020929,2026-02-26,203,8476441,LAK,50.0,36.87,slap,5v5,0,0,0,0,0,2,49,-30,hit,97.58,0
2025020929,2026-02-26,204,8478458,EDM,43.05,2.66,wrist,5v5,0,1,0,0,0,2,46,2,missed-shot,50.0,0
2025020929,2026-02-26,213,8482124,LAK,12.65,18.43,tip-in,4v5,0,0,0,0,0,3,77,-4,blocked-shot,17.03,0
2025020929,2026-02-26,214,8477934,EDM,39.56,20.73,wrist,5v4,1,1,0,0,5,3,52,14,missed-shot,12.65,1
2025020929,2026-02-26,218,8481532,LAK,10.82,33.69,tip-in,5v5,0,0,0,0,0,3,80,-6,giveaway,60.9,0
2025020929,2026-02-26,223,8475786,EDM,37.34,69.62,wrist,5v5,0,0,0,0,0,3,76,-35,giveaway,87.73,0
2025020929,2026-02-26,227,8478458,EDM,28.16,73.5,wrist,5v5,0,0,0,0,0,3,81,-27,faceoff,29.73,0
2025020929,2026-02-26,232,8481617,EDM,13.15,81.25,wrist,5v5,0,0,0,0,0,3,87,13,hit,51.86,0
2025020929,2026-02-26,233,8481056,EDM,19.7,23.96,wrist,5v5,0,1,0,0,0,3,71,8,shot-on-goal,13.15,0
2025020929,2026-02-26,236,8478013,EDM,55.23,5.19,slap,5v5,0,0,0,0,6,3,34,5,faceoff,29.73,1
2025020929,2026-02-26,246,8479365,EDM,9.22,12.53,tip-in,5v5,0,0,0,0,0,3,80,2,blocked-shot,33.24,0
2025020929,2026-02-26,251,8478013,EDM,15.23,66.8,backhand,5v5,0,0,0,0,7,3,83,-14,giveaway,39.82,1
2025020929,2026-02-26,254,8476454,EDM,45.1,3.81,wrist,5v5,0,0,0,0,0,3,44,-3,giveaway,94.94,0
2025020929,2026-02-26,255,8476454,EDM,27.86,21.04,wrist,5v5,0,1,0,0,0,3,63,-10,missed-shot,45.1,0
2025020929,2026-02-26,258,8478458,EDM,27.29,8.43,wrist,5v5,0,0,0,0,0,3,62,-4,hit,69.07,0
2025020929,2026-02-26,259,8478458,EDM,41.73,45.97,wrist,5v5,0,1,0,0,0,3,60,30,shot-on-goal,27.29,0
2025020929,2026-02-26,260,8475786,EDM,5.66,45.0,tip-in,5v5,0,1,0,0,0,3,85,4,missed-shot,41.73,0
2025020929,2026-02-26,266,8476454,EDM,12.21,55.01,wrist,5v5,0,0,0,0,0,3,82,-10,blocked-shot,8.54,0
2025020929,2026-02-26,267,8475218,EDM,32.76,31.26,slap,5v5,0,1,0,0,0,3,61,17,shot-on-goal,12.21,0
2025020929,2026-02-26,268,8478233,EDM,27.46,10.49,slap,5v5,0,1,0,0,0,3,62,5,shot-on-goal,32.76,0
2025020929,2026-02-26,278,8479365,EDM,3.16,71.57,wrist,5v5,0,0,0,0,0,3,88,3,hit,44.27,0
2025020929,2026-02-26,279,8478013,EDM,56.04,15.52,wrist,5v5,0,1,0,0,0,3,35,-15,shot-on-goal,3.16,0
2025020929,2026-02-26,280,8482155,LAK,50.99,41.82,wrist,5v5,0,1,0,0,0,3,51,34,shot-on-goal,56.04,0
2025020929,2026-02-26,282,8482408,LAK,48.6,53.37,wrist,5v5,0,0,0,0,0,3,60,39,blocked-shot,12.53,0
2025020929,2026-02-26,288,8477998,LAK,67.0,0.0,wrist,5v5,0,0,0,0,0,3,22,0,giveaway,82.86,0
2025020929,2026-02-26,290,8482155,LAK,19.42,78.11,snap,5v5,0,0,0,0,0,3,85,19,giveaway,11.31,0
2025020929,2026-02-26,291,8483406,LAK,10.0,36.87,tip-in,5v5,0,1,0,0,0,3,81,-6,missed-shot,19.42,0
2025020910,2026-02-25,8,8480802,BUF,13.6,17.1,backhand,5v5,0,0,0,0,0,1,76,-4,giveaway,62.51,0
2025020910,2026-02-25,11,8484177,NJD,28.02,34.82,snap,5v5,0,0,0,0,0,1,66,16,hit,14.42,0
2025020910,2026-02-25,13,8483500,BUF,35.78,26.57,wrist,5v5,0,0,0,0,0,1,57,16,hit,89.01,0
2025020910,2026-02-25,19,8475722,BUF,7.62,23.2,bat,5v5,0,0,0,0,0,1,82,3,hit,42.95,0
2025020910,2026-02-25,20,8480802,BUF,64.07,34.19,wrist,5v5,0,1,0,0,0,1,36,-36,shot-on-goal,7.62,0
2025020910,2026-02-25,22,8480002,NJD,40.85,21.54,slap,5v5,0,0,0,0,0,1,51,-15,giveaway,71.02,0
2025020910,2026-02-25,31,8476462,NJD,48.88,59.24,wrist,5v5,0,0,0,0,0,1,64,-42,faceoff,72.42,0
2025020910,2026-02-25,34,8475760,NJD,14.56,15.95,backhand,5v5,0,0,0,0,0,1,75,-4,faceoff,29.73,0
2025020910,2026-02-25,40,8482110,NJD,7.07,8.13,snap,5v5,0,0,0,0,0,1,82,1,hit,15.62,0
2025020910,2026-02-25,41,8482110,NJD,8.6,35.54,deflected,5v5,0,1,0,0,0,1,82,5,missed-shot,7.07,0
2025020910,2026-02-25,44,8479420,BUF,63.01,35.96,wrist,5v5,0,0,0,0,0,1,38,37,faceoff,29.73,0
2025020910,2026-02-25,50,8484177,NJD,62.65,24.52,wrist,5v5,0,0,0,0,0,1,32,26,hit,22.56,0
2025020910,2026-02-25,55,8480002,NJD,13.6,53.97,wrist,5v5,0,0,0,0,0,1,81,-11,faceoff,89.0,0
2025020910,2026-02-25,58,8480807,BUF,58.69,8.82,wrist,5v5,0,0,0,0,0,1,31,-9,hit,51.22,0
2025020910,2026-02-25,61,8480807,BUF,39.46,8.75,slap,5v5,0,0,0,0,0,1,50,-6,faceoff,29.73,0
2025020910,2026-02-25,64,8484177,NJD,42.94,27.76,wrist,5v5,0,0,0,0,0,1,51,20,faceoff,29.73,0
2025020910,2026-02-25,69,8479407,NJD,8.06,29.74,backhand,5v4,1,0,0,0,0,1,82,4,faceoff,29.73,0
2025020910,2026-02-25,72,8476462,NJD,49.65,18.8,slap,5v4,1,0,0,0,0,1,42,16,faceoff,29.73,0
2025020910,2026-02-25,74,8478414,NJD,37.59,28.61,snap,5v4,1,0,0,0,0,1,56,-18,blocked-shot,34.93,0
2025020910,2026-02-25,78,8483495,NJD,52.89,15.35,slap,5v4,1,0,0,0,0,1,38,-14,blocked-shot,8.94,0
2025020910,2026-02-25,79,8482659,BUF,6.32,71.57,wrist,5v5,0,1,0,0,0,1,87,-6,shot-on-goal,52.89,0
2025020910,2026-02-25,80,8484305,BUF,43.29,6.63,wrist,5v5,0,1,0,0,0,1,46,5,missed-shot,6.32,0
2025020910,2026-02-25,87,8475722,BUF,27.2,36.03,snap,5v4,1,0,0,0,0,1,67,16,faceoff,29.73,0
2025020910,2026-02-25,90,8479407,NJD,14.14,8.13,backhand,4v5,0,0,0,0,0,1,75,-2,takeaway,61.27,0
2025020910,2026-02-25,94,8480807,BUF,59.48,27.0,slap,5v5,0,0,0,0,0,1,36,-27,blocked-shot,55.79,0
2025020910,2026-02-25,96,8483500,BUF,34.71,41.5,slap,5v5,0,0,0,0,0,1,63,-23,hit,67.2,0
2025020910,2026-02-25,97,8480807,BUF,40.36,48.01,slap,5v5,0,1,0,0,0,1,62,30,shot-on-goal,34.71,0
2025020910,2026-02-25,103,8482623,BUF,28.43,39.29,snap,5v5,0,0,0,0,0,2,67,18,faceoff,89.0,0
2025020910,2026-02-25,111,8475722,BUF,11.4,52.13,tip-in,5v5,0,0,0,0,0,2,82,-9,faceoff,72.42,0
2025020910,2026-02-25,113,8481559,NJD,28.18,27.47,wrist,5v5,0,0,0,0,0,2,64,-13,giveaway,48.02,0
2025020910,2026-02-25,114,8477488,NJD,86.58,6.63,backhand,5v5,0,1,0,0,0,2,3,-10,shot-on-goal,28.18,0
2025020910,2026-02-25,115,8481721,NJD,33.12,28.89,wrist,5v5,0,1,0,0,0,2,60,-16,shot-on-goal,86.58,0
2025020910,2026-02-25,116,8475760,NJD,22.56,77.2,wrist,5v5,0,1,0,0,0,2,84,-22,shot-on-goal,33.12,0
2025020910,2026-02-25,132,8480839,BUF,51.86,39.52,slap,5v5,0,0,0,0,0,2,49,33,blocked-shot,61.29,0
2025020910,2026-02-25,133,8480807,BUF,44.72,26.57,wrist,5v5,0,1,0,0,0,2,49,-20,shot-on-goal,51.86,0
2025020910,2026-02-25,141,8479407,NJD,10.0,0.0,bat,5v5,0,0,0,0,0,2,79,0,giveaway,80.4,0
2025020910,2026-02-25,147,8478414,NJD,15.65,26.57,wrist,5v5,0,0,0,0,0,2,75,-7,blocked-shot,25.55,0
2025020910,2026-02-25,154,8479420,BUF,15.13,7.59,wrist,5v5,0,0,0,0,1,2,74,-2,giveaway,79.7,1
2025020910,2026-02-25,157,8483495,NJD,60.14,42.98,wrist,5v5,0,0,0,0,0,2,45,-41,hit,62.82,0
2025020910,2026-02-25,159,8482659,BUF,42.44,34.44,wrist,5v5,0,0,0,0,0,2,54,24,giveaway,84.97,0
2025020910,2026-02-25,160,8482659,BUF,18.25,9.46,wrist,5v5,0,1,0,0,0,2,71,3,shot-on-goal,42.44,0
2025020910,2026-02-25,162,8482896,BUF,39.7,40.91,wrist,5v5,0,0,0,0,0,2,59,-26,hit,12.04,0
2025020910,2026-02-25,165,8482110,NJD,19.85,40.91,wrist,5v5,0,0,0,0,0,2,74,-13,faceoff,29.73,0
2025020910,2026-02-25,174,8482671,BUF,87.66,11.18,wrist,5v5,0,0,0,0,0,2,3,-17,faceoff,89.0,0
2025020910,2026-02-25,178,8475760,NJD,15.81,34.7,snap,5v5,0,0,0,0,0,2,76,-9,faceoff,89.0,0
2025020910,2026-02-25,181,8484958,NJD,17.72,16.39,tip-in,5v5,0,0,0,0,0,2,72,-5,faceoff,29.73,0
2025020910,2026-02-25,183,8475722,BUF,9.06,6.34,deflected,5v5,0,0,0,0,0,2,80,-1,blocked-shot,13.93,0
2025020910,2026-02-25,184,8482097,BUF,8.0,89.28,wrist,5v5,0,1,0,0,0,2,89,8,shot-on-goal,9.06,0
2025020910,2026-02-25,185,8480839,BUF,65.0,22.62,slap,5v5,0,1,0,0,0,2,29,25,shot-on-goal,8.0,0
2025020910,2026-02-25,192,8479996,NJD,69.07,34.38,wrist,4v5,0,0,0,0,0,2,32,39,faceoff,29.73,0
2025020910,2026-02-25,194,8480802,BUF,35.0,36.87,wrist,5v4,1,0,0,0,0,2,61,21,giveaway,60.21,0
2025020910,2026-02-25,197,8482659,BUF,21.4,37.41,backhand,5v5,0,0,0,0,0,2,72,13,faceoff,29.73,0
2025020910,2026-02-25,200,8480002,NJD,17.0,0.0,wrist,4v5,0,0,0,0,0,2,72,0,faceoff,29.73,0
2025020910,2026-02-25,201,8480064,BUF,32.76,31.26,slap,5v4,1,1,0,0,0,2,61,-17,missed-shot,17.0,0
2025020910,2026-02-25,211,8478414,NJD,26.93,74.93,wrist,5v5,0,0,0,0,0,3,82,26,faceoff,89.0,0
2025020910,2026-02-25,218,8483495,NJD,44.82,51.34,snap,5v5,0,0,0,0,0,3,61,35,faceoff,29.73,0
2025020910,2026-02-25,220,8477949,BUF,22.8,89.74,wrist,5v5,0,0,0,0,0,3,95,-22,hit,61.85,0
2025020910,2026-02-25,221,8479420,BUF,8.6,54.46,wrap-around,5v5,0,1,0,0,0,3,84,7,missed-shot,22.8,0
2025020910,2026-02-25,223,8480891,BUF,34.99,59.04,wrist,5v5,0,0,0,0,0,3,71,-30,blocked-shot,42.52,0
2025020910,2026-02-25,224,8479420,BUF,10.0,53.13,wrist,5v5,0,1,0,0,0,3,83,8,shot-on-goal,34.99,0
2025020910,2026-02-25,225,8481522,BUF,63.06,14.7,wrist,5v5,0,1,0,0,0,3,28,-16,shot-on-goal,10.0,0
2025020910,2026-02-25,226,8480891,BUF,56.86,34.25,wrist,5v5,0,1,0,0,0,3,42,-32,missed-shot,63.06,0
2025020910,2026-02-25,229,8475722,BUF,8.94,63.43,wrist,5v5,0,0,0,0,0,3,85,8,faceoff,29.73,0
2025020910,2026-02-25,233,8475760,NJD,15.62,39.81,snap,5v5,0,0,0,0,0,3,77,-10,hit,38.33,0
2025020910,2026-02-25,237,8477949,BUF,32.65,62.65,wrist,5v5,0,0,0,0,0,3,74,29,hit,10.63,0
2025020910,2026-02-25,241,8476462,NJD,53.04,45.76,snap,5v5,0,0,0,0,0,3,52,-38,giveaway,41.79,0
2025020910,2026-02-25,242,8478399,NJD,65.19,32.47,wrist,5v5,0,1,0,0,0,3,34,35,shot-on-goal,53.04,0
2025020910,2026-02-25,243,8481032,NJD,56.09,11.31,wrist,5v5,0,1,0,0,0,3,34,11,missed-shot,65.19,0
2025020910,2026-02-25,245,8475722,BUF,13.0,22.62,wrist,5v5,0,0,0,0,0,3,77,5,hit,44.29,0
2025020910,2026-02-25,246,8482097,BUF,12.17,9.46,backhand,5v5,0,1,0,0,0,3,77,2,shot-on-goal,13.0,0
2025020910,2026-02-25,248,8480802,BUF,48.76,28.14,slap,5v5,0,0,0,0,0,3,46,23,hit,12.04,0
2025020910,2026-02-25,250,8480002,NJD,50.93,43.41,wrist,5v5,0,0,0,0,0,3,52,35,giveaway,38.42,0
2025020910,2026-02-25,254,8477949,BUF,47.8,52.65,wrist,5v5,0,0,0,0,0,3,60,-38,giveaway,26.4,0
2025020910,2026-02-25,257,8481524,BUF,60.21,11.5,wrist,5v5,0,0,0,0,0,3,30,-12,faceoff,29.73,0
2025020910,2026-02-25,260,8482659,BUF,25.0,0.0,snap,5v5,0,0,0,0,0,3,64,0,faceoff,29.73,0
2025020910,2026-02-25,267,8478399,NJD,29.15,59.04,wrist,5v5,0,0,0,0,0,3,74,25,hit,35.0,0
2025020910,2026-02-25,268,8481559,NJD,43.05,2.66,wrist,5v5,0,1,0,0,0,3,46,2,missed-shot,29.15,0
2025020910,2026-02-25,269,8476462,NJD,38.21,47.12,wrist,5v5,0,1,0,0,0,3,63,-28,missed-shot,43.05,0
2025020910,2026-02-25,271,8481522,BUF,16.28,47.49,wrist,5v5,0,0,0,0,2,3,78,12,giveaway,67.36,1
2025020910,2026-02-25,279,8477015,NJD,2.0,0.0,tip-in,5v4,1,0,0,0,0,3,87,0,faceoff,29.73,0
2025020910,2026-02-25,284,8478414,NJD,9.85,66.04,wrist,5v4,1,0,0,0,0,3,85,-9,hit,24.52,0
2025020910,2026-02-25,286,8478414,NJD,30.15,5.71,wrist,5v5,0,0,0,0,0,3,59,-3,hit,6.4,0
2025020910,2026-02-25,288,8480802,BUF,15.0,36.87,wrist,5v5,0,0,0,0,0,3,77,-9,hit,44.78,0
2025020910,2026-02-25,293,8482671,BUF,43.08,68.2,snap,5v5,0,0,0,0,0,3,73,40,blocked-shot,14.56,0
2025020910,2026-02-25,295,8482097,BUF,31.14,42.4,wrist,5v5,0,0,0,0,0,3,66,-21,blocked-shot,34.99,0
2025020910,2026-02-25,299,8479407,NJD,52.92,22.2,wrist,6v5,1,0,0,0,0,3,40,20,blocked-shot,24.6,0
2025020910,2026-02-25,300,8479407,NJD,38.08,23.2,wrist,6v5,1,1,0,0,0,3,54,15,missed-shot,52.92,0
2025020910,2026-02-25,301,8478414,NJD,9.43,32.01,tip-in,6v5,1,1,0,0,0,3,81,-5,missed-shot,38.08,0
2025020910,2026-02-25,303,8478414,NJD,6.32,18.43,wrist,6v5,1,0,0,0,0,3,83,2,giveaway,18.38,0
2025020910,2026-02-25,304,8478414,NJD,3.16,18.43,wrist,6v5,1,1,0,0,-1,3,86,-1,shot-on-goal,6.32,1
2025020910,2026-02-25,310,8477015,NJD,22.85,23.2,tip-in,6v5,1,0,0,0,0,3,68,-9,blocked-shot,38.12,0
2025020910,2026-02-25,314,8482110,NJD,29.55,66.04,wrist,6v5,1,0,0,0,0,3,77,27,hit,55.87,0
2025020911,2026-02-25,5,8484387,PHI,19.24,8.97,tip-in,5v5,0,0,0,0,0,1,70,-3,faceoff,29.73,0
2025020911,2026-02-25,12,8477989,PHI,32.57,17.88,wrist,5v5,0,0,0,0,0,1,58,10,hit,65.6,0
2025020911,2026-02-25,13,8479345,WSH,32.28,73.81,snap,5v5,0,1,0,0,0,1,80,31,shot-on-goal,32.57,0
2025020911,2026-02-25,15,8484142,PHI,14.14,8.13,tip-in,5v5,0,0,0,0,0,1,75,-2,hit,8.06,0
2025020911,2026-02-25,26,8478439,PHI,71.03,35.26,wrist,5v5,0,0,0,0,0,1,31,-41,giveaway,86.16,0
2025020911,2026-02-25,28,8478463,WSH,26.93,58.67,backhand,5v5,0,0,0,0,0,1,75,-23,hit,66.61,0
2025020911,2026-02-25,30,8483573,WSH,23.41,70.02,snap,5v5,0,0,0,0,0,1,81,-22,hit,8.0,0
2025020911,2026-02-25,32,8479336,PHI,45.8,36.12,snap,5v5,0,0,0,0,0,1,52,27,hit,71.02,0
2025020911,2026-02-25,35,8481553,PHI,31.14,5.53,snap,5v5,0,0,0,0,0,1,58,3,faceoff,29.73,0
2025020911,2026-02-25,37,8477499,PHI,6.71,63.43,wrap-around,5v5,0,0,0,0,0,1,86,6,hit,42.95,0
2025020911,2026-02-25,38,8477499,PHI,5.0,36.87,snap,5v5,0,1,0,0,0,1,85,3,shot-on-goal,6.71,0
2025020911,2026-02-25,47,8479336,PHI,8.25,75.96,snap,5v5,0,0,0,0,0,1,87,8,hit,83.49,0
2025020911,2026-02-25,51,8480220,PHI,24.02,2.39,snap,5v5,0,0,0,0,0,1,65,1,giveaway,79.61,0
2025020911,2026-02-25,56,8478439,PHI,17.12,6.71,tip-in,5v4,1,0,0,0,0,1,72,-2,faceoff,29.73,0
2025020911,2026-02-25,60,8483573,WSH,7.28,15.95,tip-in,5v5,0,0,0,0,0,1,82,2,giveaway,29.12,0
2025020911,2026-02-25,69,8479345,WSH,57.49,13.07,snap,5v5,0,0,0,0,0,1,33,13,giveaway,18.87,0
2025020911,2026-02-25,70,8471214,WSH,14.21,39.29,snap,5v5,0,1,0,0,0,1,78,9,missed-shot,57.49,0
2025020911,2026-02-25,71,8471214,WSH,13.04,32.47,tip-in,5v5,0,1,0,0,0,1,78,7,shot-on-goal,14.21,0
2025020911,2026-02-25,73,8480015,PHI,51.66,42.65,snap,5v5,0,0,0,0,0,1,51,-35,giveaway,56.61,0
2025020911,2026-02-25,74,8479520,WSH,52.15,32.47,snap,5v5,0,1,0,0,0,1,45,28,shot-on-goal,51.66,0
2025020911,2026-02-25,75,8477845,WSH,70.21,26.2,slap,5v5,0,1,0,0,0,1,26,-31,missed-shot,52.15,0
2025020911,2026-02-25,79,8484186,WSH,13.0,0.0,deflected,5v5,0,0,0,0,0,1,76,0,blocked-shot,20.52,0
2025020911,2026-02-25,83,8481580,WSH,24.52,78.23,snap,5v5,0,0,0,0,0,1,84,24,giveaway,49.52,0
2025020911,2026-02-25,84,8478463,WSH,33.12,61.11,snap,5v5,0,1,0,0,0,1,73,-29,shot-on-goal,24.52,0
2025020911,2026-02-25,88,8482142,PHI,43.42,38.45,slap,5v5,0,0,0,0,0,1,55,-27,giveaway,94.81,0
2025020911,2026-02-25,91,8482148,WSH,43.86,46.85,snap,5v5,0,0,0,0,0,1,59,-32,faceoff,29.73,0
2025020911,2026-02-25,98,8479345,WSH,60.14,42.98,snap,5v5,0,0,0,0,0,2,45,41,giveaway,93.52,0
2025020911,2026-02-25,101,8483573,WSH,57.01,1.01,slap,5v5,0,0,0,0,0,2,32,1,faceoff,29.73,0
2025020911,2026-02-25,108,8482148,WSH,44.65,55.95,slap,5v5,0,0,0,0,0,2,64,-37,blocked-shot,15.81,0
2025020911,2026-02-25,111,8478911,WSH,54.23,5.29,slap,5v5,0,0,0,0,0,2,35,-5,faceoff,29.73,0
2025020911,2026-02-25,112,8479336,PHI,34.67,56.77,snap,5v5,0,1,0,0,0,2,70,29,missed-shot,54.23,0
2025020911,2026-02-25,116,8478463,WSH,4.12,75.96,backhand,5v5,0,0,0,0,0,2,88,4,hit,45.79,0
2025020911,2026-02-25,117,8481546,PHI,57.08,3.01,slap,5v5,0,1,0,0,0,2,32,3,missed-shot,4.12,0
2025020911,2026-02-25,120,8484186,WSH,39.12,4.4,snap,5v5,0,0,0,0,0,2,50,-3,blocked-shot,29.15,0
2025020911,2026-02-25,121,8484186,WSH,24.21,38.29,snap,5v5,0,1,0,0,0,2,70,15,shot-on-goal,39.12,0
2025020911,2026-02-25,122,8481580,WSH,6.32,18.43,wrist,5v5,0,1,0,0,0,2,83,2,shot-on-goal,24.21,0
2025020911,2026-02-25,128,8477499,PHI,57.28,16.22,snap,5v5,0,0,0,0,0,2,34,-16,giveaway,25.63,0
2025020911,2026-02-25,132,8484387,PHI,25.46,45.0,snap,5v5,0,0,0,0,0,2,71,-18,faceoff,29.73,0
2025020911,2026-02-25,134,8481533,PHI,16.97,45.0,snap,5v5,0,0,0,0,0,2,77,-12,hit,55.15,0
2025020911,2026-02-25,137,8482088,WSH,16.4,52.43,snap,5v5,0,0,0,0,0,2,79,13,hit,15.65,0
2025020911,2026-02-25,140,8480796,WSH,79.65,28.5,slap,5v5,0,0,0,0,0,2,19,38,hit,49.41,0
2025020911,2026-02-25,144,8479400,WSH,14.32,24.78,snap,5v5,0,0,0,0,0,2,76,6,blocked-shot,19.24,0
2025020911,2026-02-25,147,8480015,PHI,48.33,24.44,snap,5v5,0,0,0,0,0,2,45,20,faceoff,29.73,0
2025020911,2026-02-25,149,8477845,WSH,34.44,64.18,snap,5v5,0,0,0,0,0,2,74,-31,giveaway,54.92,0
2025020911,2026-02-25,161,8478463,WSH,58.03,1.97,slap,5v5,0,0,0,0,0,2,31,2,hit,62.01,0
2025020911,2026-02-25,164,8480015,PHI,34.01,88.32,wrist,5v5,0,0,0,0,0,2,88,34,faceoff,29.73,0
2025020911,2026-02-25,165,8480015,PHI,8.49,45.0,snap,5v5,0,1,0,0,0,2,83,6,shot-on-goal,34.01,0
2025020911,2026-02-25,167,8480873,WSH,16.97,45.0,snap,5v5,0,0,0,0,1,2,77,12,giveaway,73.11,1
2025020911,2026-02-25,170,8475343,WSH,9.85,23.96,wrist,5v5,0,0,0,0,0,2,80,4,blocked-shot,11.66,0
2025020911,2026-02-25,171,8475343,WSH,7.07,81.87,backhand,5v5,0,1,0,0,0,2,88,7,shot-on-goal,9.85,0
2025020911,2026-02-25,174,8480873,WSH,28.65,29.25,slap,5v5,0,0,0,0,0,2,64,-14,giveaway,58.01,0
2025020911,2026-02-25,176,8478463,WSH,14.0,0.0,deflected,5v5,0,0,0,0,0,2,75,0,hit,23.54,0
2025020911,2026-02-25,181,8478911,WSH,64.85,26.57,slap,5v5,0,0,0,0,0,2,31,-29,faceoff,29.73,0
2025020911,2026-02-25,182,8479520,WSH,9.06,6.34,wrist,5v5,0,1,0,0,0,2,80,1,shot-on-goal,64.85,0
2025020911,2026-02-25,186,8481553,PHI,4.47,63.43,backhand,5v5,0,0,0,0,0,2,87,-4,blocked-shot,5.0,0
2025020911,2026-02-25,187,8481546,PHI,4.0,0.0,backhand,5v5,0,1,0,0,0,2,85,0,shot-on-goal,4.47,0
2025020911,2026-02-25,192,8477989,PHI,10.77,21.8,tip-in,5v5,0,0,0,0,0,2,79,-4,giveaway,19.24,0
2025020911,2026-02-25,193,8481533,PHI,36.22,6.34,snap,5v5,0,1,0,0,0,2,53,4,shot-on-goal,10.77,0
2025020911,2026-02-25,195,8476461,PHI,18.11,6.34,snap,5v5,0,0,0,0,0,2,71,2,blocked-shot,38.01,0
2025020911,2026-02-25,199,8480220,PHI,6.4,51.34,tip-in,5v5,0,0,0,0,0,3,85,5,faceoff,89.0,1
2025020911,2026-02-25,208,8483573,WSH,8.25,14.04,snap,5v5,0,0,0,0,0,3,81,-2,blocked-shot,54.67,0
2025020911,2026-02-25,210,8478463,WSH,60.0,36.87,snap,5v5,0,0,0,0,0,3,41,-36,hit,35.06,0
2025020911,2026-02-25,214,8482148,WSH,35.36,45.0,snap,5v5,0,0,0,0,0,3,64,25,hit,91.71,0
2025020911,2026-02-25,216,8471214,WSH,50.77,32.12,wrist,5v5,0,0,0,0,0,3,46,-27,blocked-shot,41.34,0
2025020911,2026-02-25,222,8478440,WSH,13.0,22.62,tip-in,5v4,1,0,0,0,0,3,77,-5,faceoff,29.73,0
2025020911,2026-02-25,225,8479400,WSH,34.67,56.77,snap,5v5,0,0,0,0,0,3,70,-29,faceoff,29.73,0
2025020911,2026-02-25,229,8482148,WSH,25.5,11.31,snap,5v5,0,0,0,0,0,3,64,5,faceoff,72.42,0
2025020911,2026-02-25,235,8477499,PHI,15.0,0.0,backhand,5v5,0,0,0,0,0,3,74,0,hit,43.83,0
2025020911,2026-02-25,242,8484387,PHI,10.82,33.69,snap,5v5,0,0,0,0,0,3,80,-6,faceoff,29.73,0
2025020911,2026-02-25,250,8477845,WSH,9.49,18.43,snap,5v5,0,0,0,0,1,3,80,-3,blocked-shot,5.39,1
2025020911,2026-02-25,256,8481546,PHI,65.51,31.26,slap,5v5,0,0,0,0,0,3,33,34,blocked-shot,35.01,0
2025020911,2026-02-25,259,8479345,WSH,71.85,34.8,wrist,5v5,0,0,0,0,0,3,30,41,hit,72.72,0
2025020911,2026-02-25,265,8478463,WSH,15.62,39.81,backhand,5v5,0,0,0,0,0,3,77,-10,giveaway,82.08,0
2025020911,2026-02-25,270,8482142,PHI,58.86,9.78,slap,5v5,0,0,0,0,0,3,31,-10,hit,36.12,0
2025020911,2026-02-25,271,8481546,PHI,63.35,11.84,slap,5v5,0,1,0,0,0,3,27,13,shot-on-goal,58.86,0
2025020911,2026-02-25,275,8478439,PHI,49.41,35.94,wrist,5v5,0,0,0,0,0,3,49,-29,hit,53.08,0
2025020911,2026-02-25,278,8480220,PHI,31.78,12.72,wrist,6v5,1,0,0,0,0,3,58,-7,blocked-shot,78.64,0
2025020911,2026-02-25,279,8484186,WSH,58.8,41.55,wrist,5v6,0,1,0,1,0,3,45,39,missed-shot,31.78,0
2025020911,2026-02-25,289,8481656,WSH,78.75,17.74,snap,4v6,0,0,0,1,2,3,14,-24,faceoff,29.73,1
2025020912,2026-02-25,3,8476826,TBL,34.21,37.87,snap,5v5,0,0,0,0,0,1,62,21,giveaway,73.93,0
2025020912,2026-02-25,7,8478010,TBL,15.81,55.3,wrist,5v5,0,0,0,0,0,1,80,-13,giveaway,25.08,0
2025020912,2026-02-25,8,8481711,TOR,11.7,19.98,tip-in,5v5,0,1,0,0,0,1,78,4,missed-shot,15.81,0
2025020912,2026-02-25,14,8479542,TBL,35.23,34.59,snap,5v5,0,0,0,0,0,1,60,-20,hit,11.66,0
2025020912,2026-02-25,19,8482655,TBL,18.6,36.25,tip-in,5v5,0,0,0,0,0,1,74,11,giveaway,92.13,0
2025020912,2026-02-25,20,8478010,TBL,26.68,12.99,wrist,5v5,0,1,0,0,0,1,63,-6,missed-shot,18.6,0
2025020912,2026-02-25,22,8477939,TOR,23.43,50.19,backhand,5v5,0,0,0,0,0,1,74,18,giveaway,39.56,0
2025020912,2026-02-25,29,8478178,TBL,46.4,37.12,slap,5v5,0,0,0,0,0,1,52,28,faceoff,29.73,0
2025020912,2026-02-25,30,8478010,TBL,15.13,7.59,wrist,5v5,0,1,0,0,0,1,74,-2,missed-shot,46.4,0
2025020912,2026-02-25,31,8482259,TOR,6.71,89.05,snap,5v5,0,1,0,0,0,1,92,6,missed-shot,15.13,0
2025020912,2026-02-25,39,8476453,TBL,8.6,35.54,tip-in,5v5,0,0,0,0,0,1,82,-5,faceoff,72.42,0
2025020912,2026-02-25,40,8477416,TBL,29.27,7.85,slap,5v5,0,1,0,0,0,1,60,-4,missed-shot,8.6,0
2025020912,2026-02-25,41,8475171,TOR,33.54,10.3,snap,5v5,0,1,0,0,0,1,56,6,missed-shot,29.27,0
2025020912,2026-02-25,42,8478178,TBL,39.85,72.47,snap,5v5,0,1,0,0,0,1,77,-38,missed-shot,33.54,0
2025020912,2026-02-25,52,8475166,TOR,41.63,24.1,snap,5v5,0,0,0,0,0,1,51,-17,hit,37.22,0
2025020912,2026-02-25,60,8478462,TOR,18.6,53.75,snap,5v5,0,0,0,0,0,1,78,15,takeaway,11.18,0
2025020912,2026-02-25,65,8477416,TBL,37.7,68.2,snap,5v5,0,0,0,0,0,1,75,-35,faceoff,29.73,0
2025020912,2026-02-25,73,8475171,TOR,61.13,15.17,snap,5v5,0,0,0,0,0,1,30,-16,faceoff,29.73,0
2025020912,2026-02-25,81,8477416,TBL,30.41,46.33,slap,5v4,1,0,0,0,0,1,68,22,faceoff,29.73,0
2025020912,2026-02-25,82,8478178,TBL,43.38,25.97,slap,5v4,1,1,0,0,0,1,50,-19,shot-on-goal,30.41,0
2025020912,2026-02-25,87,8476931,TOR,70.46,34.59,snap,4v5,0,0,0,0,0,1,31,-40,blocked-shot,32.65,0
2025020912,2026-02-25,91,8475171,TOR,18.44,49.4,snap,5v5,0,0,0,0,0,1,77,14,blocked-shot,32.65,0
2025020912,2026-02-25,92,8475171,TOR,51.01,1.12,snap,5v5,0,1,0,0,0,1,38,-1,shot-on-goal,18.44,0
2025020912,2026-02-25,93,8477939,TOR,9.22,12.53,snap,5v5,0,1,0,0,0,1,80,-2,shot-on-goal,51.01,0
2025020912,2026-02-25,94,8476878,TBL,50.77,32.12,slap,5v5,0,1,0,0,0,1,46,-27,shot-on-goal,9.22,0
2025020912,2026-02-25,101,8479542,TBL,43.01,1.33,wrist,5v5,0,0,0,0,0,1,46,1,blocked-shot,17.03,0
2025020912,2026-02-25,103,8478010,TBL,26.93,58.67,wrist,5v5,0,0,0,0,0,1,75,-23,hit,96.77,0
2025020912,2026-02-25,107,8478178,TBL,65.8,36.35,wrist,5v5,0,0,0,0,0,1,36,-39,blocked-shot,34.18,0
2025020912,2026-02-25,115,8482259,TOR,19.31,21.25,snap,5v4,1,0,0,0,0,2,71,7,faceoff,29.73,0
2025020912,2026-02-25,116,8477503,TOR,6.0,0.0,snap,5v4,1,1,0,0,0,2,83,0,shot-on-goal,19.31,0
2025020912,2026-02-25,117,8481711,TOR,17.69,42.71,snap,5v4,1,1,0,0,0,2,76,-12,shot-on-goal,6.0,0
2025020912,2026-02-25,118,8481711,TOR,37.36,15.52,slap,5v4,1,1,0,0,0,2,53,-10,missed-shot,17.69,0
2025020912,2026-02-25,120,8482655,TBL,13.04,4.4,snap,5v5,0,0,0,0,0,2,76,1,giveaway,55.8,0
2025020912,2026-02-25,123,8478010,TBL,7.07,8.13,tip-in,5v5,0,0,0,0,0,2,82,1,faceoff,29.73,0
2025020912,2026-02-25,124,8476453,TBL,34.67,56.77,slap,5v5,0,1,0,0,0,2,70,-29,missed-shot,7.07,0
2025020912,2026-02-25,127,8477404,TBL,18.03,56.31,wrist,5v5,0,0,0,0,0,2,79,15,blocked-shot,55.44,0
2025020912,2026-02-25,128,8483752,TBL,38.29,40.76,snap,5v5,0,1,0,0,0,2,60,25,shot-on-goal,18.03,0
2025020912,2026-02-25,136,8476826,TBL,61.4,30.32,snap,5v5,0,0,0,0,0,2,36,-31,faceoff,29.73,0
2025020912,2026-02-25,138,8478010,TBL,9.49,71.57,wrist,5v5,0,0,0,0,1,2,86,-9,hit,44.01,1
2025020912,2026-02-25,142,8481711,TOR,19.42,55.49,tip-in,5v5,0,0,0,0,0,2,78,16,faceoff,29.73,0
2025020912,2026-02-25,143,8482201,TBL,3.61,56.31,wrist,5v5,0,1,0,0,2,2,87,3,shot-on-goal,19.42,1
2025020912,2026-02-25,147,8478010,TBL,12.37,14.04,slap,5v4,1,0,0,0,0,2,77,-3,blocked-shot,28.02,0
2025020912,2026-02-25,150,8477416,TBL,28.28,45.0,slap,5v4,1,0,0,0,0,2,69,20,faceoff,29.73,0
2025020912,2026-02-25,151,8478904,TOR,14.87,47.73,snap,4v5,0,1,0,0,0,2,79,11,shot-on-goal,28.28,0
2025020912,2026-02-25,152,8478178,TBL,38.0,0.0,snap,5v4,1,1,0,0,0,2,51,0,shot-on-goal,14.87,0
2025020912,2026-02-25,153,8478010,TBL,12.0,0.0,tip-in,5v4,1,1,0,0,0,2,77,0,shot-on-goal,38.0,0
2025020912,2026-02-25,158,8480426,TBL,34.66,43.83,wrist,5v5,0,0,0,0,0,2,64,24,giveaway,33.02,0
2025020912,2026-02-25,160,8476878,TBL,20.4,11.31,slap,5v5,0,0,0,0,0,2,69,4,blocked-shot,13.89,0
2025020912,2026-02-25,162,8477503,TOR,32.65,49.97,snap,5v5,0,0,0,0,0,2,68,25,hit,35.51,0
2025020912,2026-02-25,163,8478178,TBL,53.37,12.99,slap,5v5,0,1,0,0,0,2,37,-12,shot-on-goal,32.65,0
2025020912,2026-02-25,165,8477939,TOR,7.81,50.19,backhand,5v5,0,0,0,0,0,2,84,6,blocked-shot,21.93,0
2025020912,2026-02-25,166,8483752,TBL,34.71,48.5,snap,5v5,0,1,0,0,0,2,66,26,shot-on-goal,7.81,0
2025020912,2026-02-25,171,8482201,TBL,70.35,5.71,tip-in,5v5,0,0,0,0,0,2,19,7,blocked-shot,43.28,0
2025020912,2026-02-25,175,8476853,TOR,27.66,49.4,snap,5v5,0,0,0,0,0,2,71,21,giveaway,42.45,0
2025020912,2026-02-25,181,8476872,TOR,49.82,10.41,snap,5v5,0,0,0,0,0,2,40,-9,hit,69.89,0
2025020912,2026-02-25,183,8481582,TOR,11.4,52.13,snap,5v5,0,0,0,0,0,2,82,9,hit,83.24,0
2025020912,2026-02-25,184,8481582,TOR,16.12,60.26,snap,5v5,0,1,0,0,0,2,81,-14,shot-on-goal,11.4,0
2025020912,2026-02-25,191,8477404,TBL,10.0,53.13,wrist,5v5,0,0,0,0,0,2,83,-8,blocked-shot,20.4,0
2025020912,2026-02-25,195,8475171,TOR,14.32,24.78,snap,5v5,0,0,0,0,0,2,76,6,giveaway,56.08,0
2025020912,2026-02-25,199,8482655,TBL,38.47,27.9,snap,5v5,0,0,0,0,0,2,55,18,hit,14.21,0
2025020912,2026-02-25,200,8476826,TBL,34.48,16.86,backhand,5v5,0,1,0,0,0,2,56,-10,shot-on-goal,38.47,0
2025020912,2026-02-25,201,8476826,TBL,11.66,59.04,snap,5v5,0,1,0,0,0,2,83,-10,shot-on-goal,34.48,0
2025020912,2026-02-25,205,8475167,TBL,29.12,74.05,snap,5v5,0,0,0,0,0,2,81,28,faceoff,29.73,0
2025020912,2026-02-25,206,8483752,TBL,82.73,26.57,wrist,5v5,0,1,0,0,0,2,15,37,missed-shot,29.12,0
2025020912,2026-02-25,207,8481122,TOR,35.78,26.57,snap,5v5,0,1,0,0,0,2,57,16,shot-on-goal,82.73,0
2025020912,2026-02-25,208,8478462,TOR,16.4,37.57,backhand,5v5,0,1,0,0,0,2,76,10,shot-on-goal,35.78,0
2025020912,2026-02-25,209,8482720,TOR,7.07,81.87,snap,5v5,0,1,0,0,0,2,88,-7,missed-shot,16.4,0
2025020912,2026-02-25,210,8477404,TBL,36.06,33.69,wrist,5v5,0,1,0,0,0,2,59,-20,missed-shot,7.07,0
2025020912,2026-02-25,211,8478443,TOR,43.6,36.61,slap,5v5,0,1,0,0,0,2,54,-26,shot-on-goal,36.06,0
2025020912,2026-02-25,214,8476878,TBL,17.03,3.37,backhand,5v5,0,0,0,0,0,2,72,-1,faceoff,29.73,0
2025020912,2026-02-25,216,8475166,TOR,22.02,2.6,tip-in,5v5,0,0,0,0,0,2,67,1,hit,28.07,0
2025020912,2026-02-25,220,8479318,TOR,7.62,23.2,tip-in,5v5,0,0,0,0,0,3,82,3,faceoff,89.0,0
2025020912,2026-02-25,222,8479542,TBL,44.38,14.35,snap,5v5,0,0,0,0,0,3,46,-11,hit,38.47,0
2025020912,2026-02-25,226,8477404,TBL,13.04,32.47,wrist,5v5,0,0,0,0,0,3,78,7,takeaway,73.78,0
2025020912,2026-02-25,229,8478462,TOR,35.23,34.59,tip-in,5v5,0,0,0,0,0,3,60,-20,takeaway,38.83,0
2025020912,2026-02-25,233,8476453,TBL,31.62,55.3,slap,5v5,0,0,0,0,3,3,71,-26,hit,46.53,1
2025020912,2026-02-25,236,8475714,TOR,31.76,61.82,snap,5v5,0,0,0,0,0,3,74,-28,blocked-shot,42.01,0
2025020912,2026-02-25,237,8476853,TOR,43.83,62.85,snap,5v5,0,1,0,0,0,3,69,39,missed-shot,31.76,0
2025020912,2026-02-25,240,8479318,TOR,6.32,89.05,wrap-around,5v5,0,0,0,0,0,3,91,-6,faceoff,29.73,0
2025020912,2026-02-25,251,8478010,TBL,18.11,6.34,snap,5v4,1,0,0,0,0,3,71,-2,giveaway,20.52,0
2025020912,2026-02-25,253,8476453,TBL,37.64,39.61,slap,5v4,1,0,0,0,0,3,60,-24,hit,40.8,0
2025020912,2026-02-25,254,8477404,TBL,7.81,50.19,wrist,5v4,1,1,0,0,0,3,84,-6,missed-shot,37.64,0
2025020912,2026-02-25,255,8478010,TBL,5.83,59.04,wrist,5v4,1,1,0,0,0,3,86,-5,shot-on-goal,7.81,0
2025020912,2026-02-25,256,8479542,TBL,19.21,51.34,snap,5v4,1,1,0,0,0,3,77,15,shot-on-goal,5.83,0
2025020912,2026-02-25,267,8479542,TBL,6.4,38.66,wrist,5v5,0,0,0,0,0,3,84,4,faceoff,72.42,0
2025020912,2026-02-25,270,8477416,TBL,29.7,45.0,slap,5v4,1,0,0,0,0,3,68,21,faceoff,29.73,0
2025020912,2026-02-25,274,8476826,TBL,29.73,70.35,slap,5v4,1,0,0,0,0,3,79,-28,faceoff,29.73,0
2025020912,2026-02-25,275,8475167,TBL,52.63,51.17,snap,5v5,0,1,0,0,0,3,56,41,shot-on-goal,29.73,0
2025020912,2026-02-25,280,8479318,TOR,52.35,46.55,slap,5v5,0,0,0,0,0,3,53,38,faceoff,29.73,0
2025020912,2026-02-25,281,8476853,TOR,37.0,71.08,snap,5v5,0,1,0,0,0,3,77,35,shot-on-goal,52.35,0
2025020912,2026-02-25,286,8479442,TOR,43.42,38.45,snap,5v5,0,0,0,0,0,3,55,27,blocked-shot,10.0,0
2025020912,2026-02-25,291,8475167,TBL,57.28,45.71,snap,5v5,0,0,0,0,0,3,49,41,faceoff,29.73,0
2025020912,2026-02-25,293,8477416,TBL,16.28,42.51,snap,5v5,0,0,0,0,0,3,77,-11,hit,43.86,0
2025020912,2026-02-25,294,8477149,TBL,14.0,0.0,backhand,5v5,0,1,0,0,0,3,75,0,shot-on-goal,16.28,0
2025020912,2026-02-25,305,8482720,TOR,21.93,24.23,snap,6v4,1,0,0,0,0,3,69,-9,takeaway,10.77,0
2025020912,2026-02-25,306,8482720,TOR,10.0,53.13,backhand,6v4,1,1,0,0,0,3,83,-8,missed-shot,21.93,0
2025020912,2026-02-25,307,8482720,TOR,9.06,89.36,backhand,6v4,1,1,0,0,0,3,90,-9,shot-on-goal,10.0,0
2025020912,2026-02-25,308,8477404,TBL,30.02,29.98,wrist,4v6,0,1,0,1,0,3,63,-15,shot-on-goal,9.06,0
2025020912,2026-02-25,309,8475166,TOR,29.15,22.17,wrist,6v4,1,1,0,0,-2,3,62,11,missed-shot,30.02,1
2025020912,2026-02-25,311,8478010,TBL,19.42,11.89,wrist,5v5,0,0,0,0,3,3,70,4,faceoff,89.0,1
2025020912,2026-02-25,313,8482720,TOR,58.05,42.21,snap,6v5,1,0,0,0,-2,3,46,39,faceoff,89.0,1
2025020912,2026-02-25,318,8475171,TOR,58.41,38.05,slap,6v5,1,0,0,0,0,3,43,36,blocked-shot,37.22,0
2025020912,2026-02-25,320,8475166,TOR,31.4,37.23,tip-in,6v5,1,0,0,0,0,3,64,19,giveaway,21.21,0
2025020912,2026-02-25,325,8477939,TOR,25.24,56.31,snap,6v5,1,0,0,0,0,3,75,-21,blocked-shot,82.35,0
2025020912,2026-02-25,328,8481711,TOR,26.08,57.53,snap,6v5,1,0,0,0,0,3,75,22,faceoff,29.73,0
2025020912,2026-02-25,329,8482259,TOR,9.85,23.96,snap,6v5,1,1,0,0,0,3,80,4,shot-on-goal,26.08,0
2025020912,2026-02-25,330,8482259,TOR,29.61,78.31,snap,6v5,1,1,0,0,0,3,83,-29,shot-on-goal,9.85,0
2025020913,2026-02-25,6,8483425,DAL,63.29,31.43,wrist,5v5,0,0,0,0,0,1,35,-33,hit,33.96,0
2025020913,2026-02-25,8,8477454,DAL,12.53,28.61,tip-in,5v5,0,0,0,0,0,1,78,6,blocked-shot,26.63,0
2025020913,2026-02-25,12,8475755,DAL,72.72,31.5,snap,5v5,0,0,0,0,0,1,27,-38,faceoff,29.73,0
2025020913,2026-02-25,20,8474586,SEA,38.29,40.76,snap,5v5,0,0,0,0,0,1,60,25,hit,29.15,0
2025020913,2026-02-25,23,8477454,DAL,43.14,44.06,wrist,5v5,0,0,0,0,0,1,58,-30,hit,52.5,0
2025020913,2026-02-25,25,8484938,DAL,14.87,47.73,snap,5v5,0,0,0,0,0,1,79,11,hit,18.97,0
2025020913,2026-02-25,33,8476457,SEA,58.42,6.88,slap,5v5,0,0,0,0,0,1,31,-7,giveaway,63.89,0
2025020913,2026-02-25,40,8478407,SEA,63.56,24.15,snap,5v4,1,0,0,0,0,1,31,26,faceoff,29.73,0
2025020913,2026-02-25,42,8482665,SEA,8.06,7.13,snap,5v4,1,0,0,0,0,1,81,-1,blocked-shot,14.42,0
2025020913,2026-02-25,45,8483524,SEA,10.0,36.87,snap,5v5,0,0,0,0,0,1,81,6,faceoff,29.73,0
2025020913,2026-02-25,46,8477919,SEA,16.76,72.65,backhand,5v5,0,1,0,0,0,1,84,-16,missed-shot,10.0,0
2025020913,2026-02-25,52,8480009,SEA,21.93,24.23,tip-in,5v5,0,0,0,0,0,1,69,9,faceoff,29.73,0
2025020913,2026-02-25,57,8482145,DAL,37.59,28.61,snap,5v5,0,0,0,0,0,1,56,-18,hit,67.68,0
2025020913,2026-02-25,58,8476278,DAL,56.08,21.99,snap,5v5,0,1,0,0,0,1,37,-21,shot-on-goal,37.59,0
2025020913,2026-02-25,62,8481581,DAL,56.44,7.13,wrist,5v5,0,0,0,0,0,1,33,7,blocked-shot,16.0,0
2025020913,2026-02-25,79,8478407,SEA,45.35,14.04,slap,5v4,1,0,0,0,0,1,45,11,giveaway,30.15,0
2025020913,2026-02-25,80,8477955,SEA,32.8,37.57,snap,5v4,1,1,0,0,0,1,63,-20,missed-shot,45.35,0
2025020913,2026-02-25,83,8482740,DAL,31.89,48.81,snap,4v5,0,0,0,0,0,1,68,-24,blocked-shot,35.13,0
2025020913,2026-02-25,86,8482740,DAL,37.48,9.21,snap,5v5,0,0,0,0,0,1,52,-6,hit,17.09,0
2025020913,2026-02-25,87,8480027,DAL,14.87,70.35,snap,5v5,0,1,0,0,0,1,84,-14,shot-on-goal,37.48,0
2025020913,2026-02-25,88,8482740,DAL,8.0,0.0,tip-in,5v5,0,1,0,0,1,1,81,0,missed-shot,14.87,1
2025020913,2026-02-25,90,8481581,DAL,38.29,40.76,slap,5v5,0,0,0,0,0,1,60,25,faceoff,89.0,0
2025020913,2026-02-25,93,8480027,DAL,14.04,4.09,snap,5v5,0,0,0,0,0,1,75,-1,blocked-shot,17.2,0
2025020913,2026-02-25,96,8480878,DAL,61.35,19.03,snap,5v5,0,0,0,0,0,1,31,-20,faceoff,29.73,0
2025020913,2026-02-25,101,8476457,SEA,67.08,26.57,slap,5v5,0,0,0,0,0,2,29,-30,giveaway,9.49,0
2025020913,2026-02-25,108,8475168,DAL,12.73,45.0,wrist,5v5,0,0,0,0,2,2,80,9,faceoff,29.73,1
2025020913,2026-02-25,110,8473994,DAL,52.84,29.48,slap,5v5,0,0,0,0,0,2,43,26,faceoff,89.0,0
2025020913,2026-02-25,115,8475755,DAL,70.46,34.59,snap,5v5,0,0,0,0,0,2,31,-40,hit,35.36,0
2025020913,2026-02-25,123,8480036,DAL,53.91,40.49,snap,5v5,0,0,0,0,0,2,48,35,faceoff,29.73,0
2025020913,2026-02-25,133,8482740,DAL,12.08,24.44,snap,5v4,1,0,0,0,0,2,78,5,faceoff,29.73,0
2025020913,2026-02-25,137,8480027,DAL,26.91,41.99,snap,5v4,1,0,0,0,0,2,69,18,hit,57.01,0
2025020913,2026-02-25,138,8482145,DAL,21.26,48.81,snap,5v5,0,1,0,0,0,2,75,-16,missed-shot,26.91,0
2025020913,2026-02-25,139,8479351,DAL,6.0,0.0,poke,5v5,0,1,0,0,3,2,83,0,shot-on-goal,21.26,1
2025020913,2026-02-25,143,8482740,DAL,20.59,29.05,tip-in,5v4,1,0,0,0,0,2,71,-10,faceoff,89.0,0
2025020913,2026-02-25,146,8480036,DAL,43.74,10.54,snap,5v4,1,0,0,0,0,2,46,-8,faceoff,29.73,0
2025020913,2026-02-25,147,8482740,DAL,9.06,6.34,deflected,5v4,1,1,0,0,4,2,80,1,shot-on-goal,43.74,1
2025020913,2026-02-25,152,8482665,SEA,9.22,40.6,backhand,5v5,0,0,0,0,0,2,82,6,blocked-shot,46.24,0
2025020913,2026-02-25,153,8475768,SEA,31.83,43.73,snap,5v5,0,1,0,0,0,2,66,-22,shot-on-goal,9.22,0
2025020913,2026-02-25,156,8483425,DAL,38.01,35.36,snap,5v5,0,0,0,0,0,2,58,22,hit,26.17,0
2025020913,2026-02-25,159,8480027,DAL,22.47,69.15,snap,5v5,0,0,0,0,0,2,81,21,faceoff,29.73,0
2025020913,2026-02-25,161,8477986,SEA,47.43,18.43,snap,5v5,0,0,0,0,0,2,44,-15,hit,41.63,0
2025020913,2026-02-25,164,8476457,SEA,55.66,17.78,snap,5v5,0,0,0,0,0,2,36,17,faceoff,29.73,0
2025020913,2026-02-25,166,8475755,DAL,34.71,41.5,snap,5v5,0,0,0,0,0,2,63,-23,takeaway,60.31,0
2025020913,2026-02-25,167,8475755,DAL,58.82,35.31,snap,5v5,0,1,0,0,0,2,41,34,shot-on-goal,34.71,0
2025020913,2026-02-25,170,8477454,DAL,46.04,55.62,snap,5v5,0,0,0,0,0,2,63,-38,blocked-shot,31.83,0
2025020913,2026-02-25,175,8483570,SEA,3.0,0.0,deflected,5v5,0,0,0,0,0,2,86,0,hit,35.44,0
2025020913,2026-02-25,178,8482665,SEA,20.52,43.03,tip-in,5v5,0,0,0,0,0,2,74,14,faceoff,29.73,0
2025020913,2026-02-25,185,8484938,DAL,43.01,54.46,snap,5v5,0,0,0,0,0,2,64,-35,hit,91.29,0
2025020913,2026-02-25,188,8481581,DAL,50.16,23.5,snap,5v5,0,0,0,0,0,2,43,-20,faceoff,29.73,0
2025020913,2026-02-25,199,8480027,DAL,7.28,74.05,backhand,5v4,1,0,0,0,0,2,87,-7,giveaway,69.89,0
2025020913,2026-02-25,202,8476902,DAL,36.72,29.36,snap,5v4,1,0,0,0,0,2,57,18,faceoff,29.73,0
2025020913,2026-02-25,206,8477955,SEA,20.25,32.91,snap,5v5,0,0,0,0,0,2,72,-11,giveaway,58.0,0
2025020913,2026-02-25,207,8477955,SEA,12.0,0.0,snap,5v5,0,1,0,0,0,2,77,0,missed-shot,20.25,0
2025020913,2026-02-25,216,8474586,SEA,65.0,36.87,wrist,5v5,0,0,0,0,0,3,37,-39,faceoff,89.0,0
2025020913,2026-02-25,226,8477986,SEA,39.7,40.91,snap,5v5,0,0,0,0,0,3,59,-26,giveaway,56.14,0
2025020913,2026-02-25,237,8482751,SEA,10.05,5.71,tip-in,5v5,0,0,0,0,0,3,79,-1,giveaway,35.47,0
2025020913,2026-02-25,238,8483570,SEA,7.28,89.18,backhand,5v5,0,1,0,0,0,3,91,-7,shot-on-goal,10.05,0
2025020913,2026-02-25,239,8477955,SEA,16.28,10.62,tip-in,5v5,0,1,0,0,0,3,73,3,missed-shot,7.28,0
2025020913,2026-02-25,247,8474586,SEA,40.02,12.99,snap,5v4,1,0,0,0,0,3,50,9,faceoff,72.42,0
2025020913,2026-02-25,252,8483524,SEA,27.73,64.36,snap,5v4,1,0,0,0,0,3,77,25,faceoff,29.73,0
2025020913,2026-02-25,255,8484800,SEA,7.0,89.18,snap,5v5,0,0,0,0,0,3,89,7,takeaway,42.95,0
2025020913,2026-02-25,256,8482858,SEA,31.83,43.73,slap,5v5,0,1,0,0,-3,3,66,22,missed-shot,7.0,1
2025020913,2026-02-25,270,8482665,SEA,29.12,15.95,slap,5v4,1,0,0,0,0,3,61,8,faceoff,29.73,0
2025020913,2026-02-25,271,8474586,SEA,6.4,38.66,wrist,5v4,1,1,0,0,0,3,84,4,missed-shot,29.12,0
2025020913,2026-02-25,272,8482740,DAL,29.0,0.0,snap,5v5,0,1,0,0,0,3,60,0,shot-on-goal,6.4,0
2025020913,2026-02-25,274,8482740,DAL,10.63,48.81,tip-in,5v5,0,0,0,0,0,3,82,-8,hit,7.62,0
2025020913,2026-02-25,275,8482145,DAL,8.94,26.57,tip-in,5v5,0,1,0,0,0,3,81,4,shot-on-goal,10.63,0
2025020913,2026-02-25,276,8482145,DAL,7.62,66.8,backhand,5v5,0,1,0,0,0,3,86,7,missed-shot,8.94,0
2025020913,2026-02-25,277,8475168,DAL,20.1,5.71,snap,5v5,0,1,0,0,0,3,69,-2,shot-on-goal,7.62,0
2025020913,2026-02-25,279,8480878,DAL,41.18,29.05,slap,5v5,0,0,0,0,0,3,53,-20,giveaway,84.59,0
2025020913,2026-02-25,280,8475168,DAL,42.72,73.69,wrist,5v5,0,1,0,0,0,3,77,41,missed-shot,41.18,0
2025020913,2026-02-25,283,8482145,DAL,41.23,39.09,snap,5v5,0,0,0,0,0,3,57,-26,giveaway,79.03,0
2025020913,2026-02-25,284,8482145,DAL,15.81,34.7,snap,5v5,0,1,0,0,0,3,76,-9,missed-shot,41.23,0
2025020913,2026-02-25,285,8482740,DAL,11.4,74.74,snap,5v5,0,1,0,0,0,3,86,11,missed-shot,15.81,0
2025020913,2026-02-25,286,8482145,DAL,38.95,41.88,snap,5v5,0,1,0,0,0,3,60,26,missed-shot,11.4,0
2025020913,2026-02-25,287,8482145,DAL,17.69,47.29,snap,5v5,0,1,0,0,0,3,77,13,shot-on-goal,38.95,0
2025020913,2026-02-25,289,8484800,SEA,7.81,50.19,backhand,5v5,0,0,0,0,0,3,84,-6,blocked-shot,22.85,0
2025020913,2026-02-25,291,8479351,DAL,16.97,45.0,backhand,5v5,0,0,0,0,0,3,77,12,hit,13.89,0
2025020913,2026-02-25,293,8484938,DAL,97.99,24.73,backhand,5v5,0,0,0,0,0,3,0,-41,giveaway,91.44,0
2025020913,2026-02-25,297,8475768,SEA,21.93,46.85,snap,5v5,0,0,0,0,0,3,74,16,hit,63.01,0
2025020913,2026-02-25,300,8480009,SEA,31.24,50.19,snap,5v5,0,0,0,0,0,3,69,-24,giveaway,36.4,0
2025020913,2026-02-25,301,8476457,SEA,51.16,4.48,slap,5v5,0,1,0,0,0,3,38,-4,missed-shot,31.24,0
2025020913,2026-02-25,312,8479414,DAL,15.0,36.87,snap,5v5,0,0,0,0,0,3,77,9,hit,7.07,0
2025020913,2026-02-25,313,8482874,SEA,20.12,63.43,backhand,5v5,0,1,0,0,0,3,80,18,shot-on-goal,15.0,0
2025020913,2026-02-25,315,8482740,DAL,19.42,78.11,snap,5v5,0,0,0,0,0,3,85,-19,hit,10.77,0
2025020913,2026-02-25,316,8475768,SEA,16.03,3.58,tip-in,5v5,0,1,0,0,0,3,73,-1,missed-shot,19.42,0
2025020914,2026-02-25,3,8476312,COL,9.22,12.53,tip-in,5v5,0,0,0,0,0,1,80,-2,hit,24.04,0
2025020914,2026-02-25,4,8477501,COL,57.25,19.38,snap,5v5,0,1,0,0,0,1,35,-19,missed-shot,9.22,0
2025020914,2026-02-25,8,8470613,COL,71.02,32.35,snap,5v5,0,0,0,0,0,1,29,-38,blocked-shot,18.25,0
2025020914,2026-02-25,16,8480835,COL,61.22,38.37,snap,5v5,0,0,0,0,0,1,41,-38,blocked-shot,47.07,0
2025020914,2026-02-25,19,8479525,COL,42.01,51.77,snap,5v5,0,0,0,0,0,1,63,33,giveaway,72.56,0
2025020914,2026-02-25,24,8479977,UTA,29.07,3.95,wrist,5v5,0,0,0,0,0,1,60,2,faceoff,89.0,0
2025020914,2026-02-25,30,8479293,UTA,11.66,30.96,tip-in,5v5,0,0,0,0,0,1,79,-6,giveaway,85.48,0
2025020914,2026-02-25,31,8474013,UTA,55.76,32.55,snap,5v5,0,1,0,0,0,1,42,30,missed-shot,11.66,0
2025020914,2026-02-25,35,8479410,UTA,29.73,70.35,backhand,5v5,0,0,0,0,0,1,79,28,hit,11.4,0
2025020914,2026-02-25,42,8478831,UTA,11.18,26.57,tip-in,5v5,0,0,0,0,0,1,79,-5,takeaway,48.08,0
2025020914,2026-02-25,44,8475754,COL,21.19,19.29,tip-in,5v5,0,0,0,0,0,1,69,7,hit,36.06,0
2025020914,2026-02-25,45,8476455,COL,7.07,8.13,wrist,5v5,0,1,0,0,0,1,82,-1,shot-on-goal,21.19,0
2025020914,2026-02-25,46,8480039,COL,11.18,63.43,snap,5v5,0,1,0,0,0,1,84,10,shot-on-goal,7.07,0
2025020914,2026-02-25,56,8480849,UTA,52.04,2.2,snap,5v5,0,0,0,0,0,1,37,-2,hit,24.19,0
2025020914,2026-02-25,57,8480849,UTA,7.21,56.31,wrist,5v5,0,1,0,0,0,1,85,6,shot-on-goal,52.04,0
2025020914,2026-02-25,58,8481641,COL,8.49,45.0,wrist,5v5,0,1,0,0,0,1,83,-6,missed-shot,7.21,0
2025020914,2026-02-25,59,8478831,UTA,42.95,65.22,wrist,5v5,0,1,0,0,0,1,71,-39,shot-on-goal,8.49,0
2025020914,2026-02-25,62,8475754,COL,10.0,0.0,backhand,5v5,0,0,0,0,0,1,79,0,giveaway,80.5,0
2025020914,2026-02-25,63,8480039,COL,33.3,41.35,slap,5v5,0,1,0,0,0,1,64,-22,shot-on-goal,10.0,0
2025020914,2026-02-25,64,8476312,COL,24.41,55.01,snap,5v5,0,1,0,0,0,1,75,20,missed-shot,33.3,0
2025020914,2026-02-25,80,8470613,COL,61.07,39.69,snap,5v5,0,0,0,0,0,1,42,-39,giveaway,85.0,0
2025020914,2026-02-25,83,8480084,UTA,41.23,22.83,wrist,5v5,0,0,0,0,0,1,51,16,faceoff,72.42,0
2025020914,2026-02-25,90,8479293,UTA,31.24,50.19,backhand,5v5,0,0,0,0,0,1,69,-24,faceoff,29.73,0
2025020914,2026-02-25,93,8479343,UTA,31.06,33.18,snap,5v5,0,0,0,0,0,1,63,17,giveaway,80.1,0
2025020914,2026-02-25,100,8475754,COL,32.06,3.58,snap,5v5,0,0,0,0,0,1,57,2,hit,41.44,0
2025020914,2026-02-25,103,8479343,UTA,26.42,60.52,snap,5v5,0,0,0,0,0,1,76,23,faceoff,29.73,0
2025020914,2026-02-25,106,8482699,UTA,38.83,34.51,slap,5v4,1,0,0,0,0,1,57,22,faceoff,29.73,0
2025020914,2026-02-25,107,8479343,UTA,34.83,39.17,snap,5v4,1,1,0,0,0,1,62,-22,missed-shot,38.83,0
2025020914,2026-02-25,113,8479410,UTA,48.76,15.46,snap,5v4,1,0,0,0,0,2,42,13,faceoff,89.0,0
2025020914,2026-02-25,120,8481641,COL,5.39,88.85,wrap-around,5v5,0,0,0,0,0,2,91,-5,hit,46.32,0
2025020914,2026-02-25,121,8480069,COL,60.41,19.33,snap,5v5,0,1,0,0,0,2,32,20,shot-on-goal,5.39,0
2025020914,2026-02-25,124,8478474,UTA,18.03,3.18,snap,5v5,0,0,0,0,0,2,71,-1,faceoff,29.73,0
2025020914,2026-02-25,125,8480835,COL,42.95,24.78,snap,5v5,0,1,0,0,0,2,50,18,shot-on-goal,18.03,0
2025020914,2026-02-25,126,8480835,COL,24.41,34.99,tip-in,5v5,0,1,0,0,0,2,69,-14,missed-shot,42.95,0
2025020914,2026-02-25,128,8480448,COL,28.3,32.01,snap,5v5,0,0,0,0,1,2,65,15,blocked-shot,27.89,1
2025020914,2026-02-25,131,8476312,COL,7.07,45.0,snap,5v5,0,0,0,0,0,2,84,5,takeaway,56.04,0
2025020914,2026-02-25,134,8470613,COL,60.84,25.3,snap,5v5,0,0,0,0,0,2,34,-26,hit,16.12,0
2025020914,2026-02-25,136,8478109,COL,6.71,63.43,snap,5v5,0,0,0,0,0,2,86,-6,blocked-shot,5.0,0
2025020914,2026-02-25,138,8477220,UTA,46.87,11.07,slap,5v5,0,0,0,0,0,2,43,-9,hit,38.83,0
2025020914,2026-02-25,141,8478038,COL,61.29,5.62,snap,5v5,0,0,0,0,0,2,28,6,faceoff,29.73,0
2025020914,2026-02-25,144,8479410,UTA,60.22,35.54,snap,5v5,0,0,0,0,0,2,40,35,faceoff,29.73,0
2025020914,2026-02-25,151,8480849,UTA,42.58,9.46,snap,5v5,0,0,0,0,0,2,47,7,hit,25.96,0
2025020914,2026-02-25,154,8470613,COL,51.22,51.34,snap,5v5,0,0,0,0,0,2,57,-40,giveaway,32.02,0
2025020914,2026-02-25,157,8479343,UTA,7.28,15.95,wrist,5v5,0,0,0,0,0,2,82,2,faceoff,29.73,0
2025020914,2026-02-25,160,8480434,UTA,51.62,45.78,slap,5v5,0,0,0,0,0,2,53,37,faceoff,29.73,0
2025020914,2026-02-25,168,8478109,COL,16.76,17.35,snap,5v5,0,0,0,0,2,2,73,-5,giveaway,18.44,1
2025020914,2026-02-25,171,8480849,UTA,33.12,28.89,snap,5v5,0,0,0,0,0,2,60,16,giveaway,32.02,0
2025020914,2026-02-25,174,8477951,UTA,24.7,31.76,slap,5v5,0,0,0,0,0,2,68,13,faceoff,29.73,0
2025020914,2026-02-25,180,8482699,UTA,25.5,41.82,snap,5v4,1,0,0,0,0,2,70,17,faceoff,29.73,0
2025020914,2026-02-25,181,8482699,UTA,43.19,42.18,slap,5v4,1,1,0,0,-1,2,57,29,missed-shot,25.5,1
2025020914,2026-02-25,185,8484258,COL,59.2,15.68,snap,5v5,0,0,0,0,0,2,32,-16,hit,72.4,0
2025020914,2026-02-25,187,8477476,COL,9.22,12.53,wrist,5v5,0,0,0,0,0,2,80,-2,blocked-shot,14.0,0
2025020914,2026-02-25,192,8475754,COL,28.44,10.12,slap,5v5,0,0,0,0,2,2,61,5,blocked-shot,8.94,1
2025020914,2026-02-25,199,8482699,UTA,25.0,16.26,slap,5v5,0,0,0,0,-1,2,65,-7,blocked-shot,14.21,1
2025020914,2026-02-25,206,8475754,COL,32.57,17.88,tip-in,5v5,0,0,0,0,0,2,58,-10,hit,29.07,0
2025020914,2026-02-25,207,8478474,UTA,10.0,36.87,backhand,5v5,0,1,0,0,0,2,81,-6,shot-on-goal,32.57,0
2025020914,2026-02-25,208,8476455,COL,52.39,23.63,slap,5v5,0,1,0,0,0,2,41,-21,missed-shot,10.0,0
2025020914,2026-02-25,209,8479525,COL,51.31,33.07,slap,5v5,0,1,0,0,0,2,46,28,missed-shot,52.39,0
2025020914,2026-02-25,216,8480069,COL,56.29,12.31,snap,5v4,1,0,0,0,0,2,34,-12,faceoff,29.73,0
2025020914,2026-02-25,220,8480039,COL,45.8,36.12,slap,5v4,1,0,0,0,2,2,52,27,giveaway,19.65,1
2025020914,2026-02-25,226,8479525,COL,28.44,10.12,wrist,5v5,0,0,0,0,0,2,61,-5,blocked-shot,16.49,0
2025020914,2026-02-25,232,8474013,UTA,39.66,33.69,slap,5v5,0,0,0,0,0,2,56,22,hit,24.02,0
2025020914,2026-02-25,243,8479343,UTA,37.54,41.76,slap,5v3,1,0,0,0,0,3,61,-25,blocked-shot,18.38,0
2025020914,2026-02-25,244,8479410,UTA,33.54,26.57,snap,5v3,1,1,0,0,0,3,59,-15,shot-on-goal,37.54,0
2025020914,2026-02-25,247,8479343,UTA,37.64,39.61,slap,5v3,1,0,0,0,0,3,60,-24,faceoff,29.73,0
2025020914,2026-02-25,252,8480434,UTA,55.01,1.04,slap,5v4,1,0,0,0,0,3,34,-1,blocked-shot,28.46,0
2025020914,2026-02-25,253,8478474,UTA,13.0,0.0,wrist,5v5,0,1,0,0,0,3,76,0,missed-shot,55.01,0
2025020914,2026-02-25,254,8478474,UTA,9.22,12.53,wrist,5v5,0,1,0,0,0,3,80,-2,shot-on-goal,13.0,0
2025020914,2026-02-25,258,8477220,UTA,62.43,35.22,slap,5v5,0,0,0,0,0,3,38,36,giveaway,32.0,0
2025020914,2026-02-25,266,8478038,COL,34.66,43.83,snap,5v5,0,0,0,0,0,3,64,-24,giveaway,45.69,0
2025020914,2026-02-25,272,8477501,COL,7.81,39.81,wrist,5v4,1,0,0,0,0,3,83,5,blocked-shot,23.19,0
2025020914,2026-02-25,274,8474013,UTA,10.3,29.05,wrist,4v5,0,0,0,0,0,3,80,-5,takeaway,19.85,0
2025020914,2026-02-25,276,8484149,COL,24.08,41.63,tip-in,5v5,0,0,0,0,0,3,71,-16,hit,27.02,0
2025020914,2026-02-25,295,8478474,UTA,8.25,75.96,wrist,5v5,0,0,0,0,0,3,87,8,blocked-shot,22.02,0
2025020914,2026-02-25,296,8477220,UTA,67.96,32.99,slap,5v5,0,1,0,0,0,3,32,37,missed-shot,8.25,0
2025020914,2026-02-25,310,8480849,UTA,8.6,35.54,wrist,5v4,1,0,0,0,0,3,82,-5,giveaway,26.25,0
2025020914,2026-02-25,311,8480849,UTA,8.94,26.57,wrist,5v4,1,1,0,0,0,3,81,-4,shot-on-goal,8.6,0
2025020914,2026-02-25,321,8476455,COL,41.77,42.09,slap,5v4,1,0,0,0,0,3,58,-28,blocked-shot,13.93,0
2025020914,2026-02-25,322,8480039,COL,42.01,38.23,slap,5v4,1,1,0,0,0,3,56,26,missed-shot,41.77,0
2025020914,2026-02-25,323,8480849,UTA,36.35,7.91,snap,5v5,0,1,0,0,0,3,53,-5,shot-on-goal,42.01,0
2025020914,2026-02-25,324,8480434,UTA,61.85,39.09,snap,5v5,0,1,0,0,0,3,41,-39,shot-on-goal,36.35,0
2025020914,2026-02-25,329,8482699,UTA,59.3,5.81,slap,6v5,1,0,0,0,0,3,30,-6,hit,25.0,0
2025020914,2026-02-25,333,8479410,UTA,52.17,12.17,snap,6v5,1,0,0,0,0,3,38,11,blocked-shot,17.2,0
2025020914,2026-02-25,334,8483431,UTA,31.4,52.77,slap,6v5,1,1,0,0,0,3,70,-25,shot-on-goal,52.17,0
2025020914,2026-02-25,335,8477951,UTA,13.0,22.62,snap,6v5,1,1,0,0,0,3,77,-5,missed-shot,31.4,0
2025020914,2026-02-25,336,8483431,UTA,33.94,45.0,slap,6v5,1,1,0,0,0,3,65,-24,missed-shot,13.0,0
2025020915,2026-02-25,7,8483510,WPG,63.16,23.32,wrist,5v5,0,0,0,0,0,1,31,-25,faceoff,29.73,0
2025020915,2026-02-25,10,8482149,WPG,9.49,18.43,wrist,5v5,0,0,0,0,0,1,80,3,takeaway,50.22,0
2025020915,2026-02-25,13,8479378,WPG,56.75,14.28,slap,5v5,0,0,0,0,0,1,34,14,faceoff,29.73,0
2025020915,2026-02-25,17,8482055,VAN,26.91,41.99,wrist,5v5,0,0,0,0,1,1,69,18,giveaway,18.97,1
2025020915,2026-02-25,25,8478498,VAN,16.03,3.58,tip-in,5v5,0,0,0,0,0,1,73,-1,hit,42.15,0
2025020915,2026-02-25,28,8483678,VAN,59.24,21.8,slap,5v5,0,0,0,0,0,1,34,22,faceoff,29.73,0
2025020915,2026-02-25,33,8478444,VAN,28.64,12.09,snap,5v5,0,0,0,0,0,1,61,6,giveaway,45.62,0
2025020915,2026-02-25,37,8475169,VAN,32.65,49.97,wrist,5v5,0,0,0,0,0,1,68,25,hit,53.74,0
2025020915,2026-02-25,48,8482149,WPG,21.1,5.44,wrist,5v4,1,0,0,0,0,1,68,-2,faceoff,29.73,0
2025020915,2026-02-25,52,8479378,WPG,45.01,1.27,slap,5v4,1,0,0,0,0,1,44,-1,giveaway,13.6,0
2025020915,2026-02-25,53,8476460,WPG,27.46,56.89,slap,5v4,1,1,0,0,0,1,74,23,shot-on-goal,45.01,0
2025020915,2026-02-25,60,8482079,VAN,5.1,78.69,wrist,5v5,0,0,0,0,0,1,88,-5,faceoff,29.73,0
2025020915,2026-02-25,61,8480289,WPG,17.2,54.46,backhand,5v5,0,1,0,0,0,1,79,-14,shot-on-goal,5.1,0
2025020915,2026-02-25,64,8482149,WPG,53.85,15.07,wrist,5v5,0,0,0,0,0,1,37,14,faceoff,29.73,0
2025020915,2026-02-25,67,8478398,WPG,5.66,45.0,wrist,5v5,0,0,0,0,0,1,85,-4,blocked-shot,28.02,1
2025020915,2026-02-25,69,8480014,WPG,29.15,30.96,snap,5v5,0,0,0,0,0,1,64,-15,faceoff,89.0,0
2025020915,2026-02-25,78,8482149,WPG,11.4,52.13,backhand,5v5,0,0,0,0,0,1,82,-9,hit,69.64,0
2025020915,2026-02-25,81,8479425,VAN,53.76,18.43,slap,5v5,0,0,0,0,0,1,38,-17,takeaway,34.71,0
2025020915,2026-02-25,86,8476460,WPG,29.41,54.69,wrist,5v5,0,0,0,0,0,1,72,24,hit,43.86,0
2025020915,2026-02-25,90,8483499,VAN,43.14,44.06,wrist,5v5,0,0,0,0,0,1,58,30,hit,41.44,0
2025020915,2026-02-25,91,8483499,VAN,23.41,19.98,tip-in,5v5,0,1,0,0,0,1,67,-8,missed-shot,43.14,0
2025020915,2026-02-25,95,8475169,VAN,32.56,42.51,snap,5v5,0,0,0,0,0,1,65,22,blocked-shot,48.38,0
2025020915,2026-02-25,98,8483510,WPG,70.83,30.55,slap,5v5,0,0,0,0,0,1,28,-36,giveaway,89.55,0
2025020915,2026-02-25,100,8481535,VAN,17.12,6.71,snap,5v5,0,0,0,0,0,1,72,-2,giveaway,59.91,0
2025020915,2026-02-25,101,8479378,WPG,69.34,33.23,slap,5v5,0,1,0,0,0,1,31,38,missed-shot,17.12,0
2025020915,2026-02-25,107,8480014,WPG,23.43,39.81,tip-in,5v5,0,0,0,0,0,1,71,-15,faceoff,29.73,0
2025020915,2026-02-25,109,8483510,WPG,27.78,59.74,wrist,5v5,0,0,0,0,0,1,75,24,blocked-shot,34.06,0
2025020915,2026-02-25,112,8478444,VAN,86.01,23.29,slap,5v5,0,0,0,0,0,1,10,34,faceoff,29.73,0
2025020915,2026-02-25,116,8478398,WPG,44.42,31.18,wrist,5v5,0,0,0,0,0,2,51,23,faceoff,89.0,0
2025020915,2026-02-25,117,8476927,VAN,50.99,25.56,wrist,5v5,0,1,0,0,0,2,43,22,shot-on-goal,44.42,0
2025020915,2026-02-25,120,8475169,VAN,37.12,27.26,wrist,5v5,0,0,0,0,1,2,56,17,faceoff,29.73,1
2025020915,2026-02-25,141,8481043,WPG,8.06,82.87,wrist,5v5,0,0,0,0,0,2,88,8,hit,10.63,0
2025020915,2026-02-25,142,8479378,WPG,50.7,22.01,slap,5v5,0,1,0,0,0,2,42,19,missed-shot,8.06,0
2025020915,2026-02-25,145,8479378,WPG,53.67,26.57,slap,5v5,0,0,0,0,0,2,41,24,faceoff,29.73,0
2025020915,2026-02-25,148,8476331,WPG,25.24,56.31,wrist,5v5,0,0,0,0,0,2,75,-21,faceoff,29.73,0
2025020915,2026-02-25,151,8482149,WPG,17.03,3.37,wrist,5v5,0,0,0,0,0,2,72,1,blocked-shot,13.15,0
2025020915,2026-02-25,157,8481535,VAN,42.58,9.46,wrist,5v5,0,0,0,0,0,2,47,-7,faceoff,29.73,0
2025020915,2026-02-25,158,8481024,VAN,25.08,85.43,wrist,5v5,0,1,0,0,0,2,87,-25,shot-on-goal,42.58,0
2025020915,2026-02-25,159,8483510,WPG,11.05,84.81,wrist,5v5,0,1,0,0,0,2,88,-11,missed-shot,25.08,0
2025020915,2026-02-25,160,8481572,WPG,55.66,17.78,snap,5v5,0,1,0,0,0,2,36,17,missed-shot,11.05,0
2025020915,2026-02-25,166,8476392,WPG,6.0,0.0,tip-in,5v5,0,0,0,0,0,2,83,0,giveaway,23.77,0
2025020915,2026-02-25,170,8476331,WPG,34.93,76.76,wrist,5v5,0,0,0,0,0,2,81,-34,blocked-shot,19.72,0
2025020915,2026-02-25,176,8479378,WPG,58.69,8.82,slap,5v4,1,0,0,0,0,2,31,9,faceoff,29.73,0
2025020915,2026-02-25,177,8474679,WPG,37.12,27.26,wrist,5v4,1,1,0,0,0,2,56,-17,missed-shot,58.69,0
2025020915,2026-02-25,182,8479378,WPG,13.6,53.97,snap,5v5,0,0,0,0,0,2,81,11,giveaway,94.02,0
2025020915,2026-02-25,188,8478398,WPG,25.5,41.82,snap,5v4,1,0,0,0,0,2,70,-17,faceoff,29.73,0
2025020915,2026-02-25,189,8476460,WPG,38.42,38.66,slap,5v4,1,1,0,0,0,2,59,24,missed-shot,25.5,0
2025020915,2026-02-25,190,8482149,WPG,11.18,63.43,wrist,5v4,1,1,0,0,0,2,84,10,shot-on-goal,38.42,0
2025020915,2026-02-25,191,8479378,WPG,47.04,2.44,slap,5v4,1,1,0,0,0,2,42,2,missed-shot,11.18,0
2025020915,2026-02-25,193,8481572,WPG,60.84,25.3,wrist,5v4,1,0,0,0,0,2,34,26,giveaway,59.2,0
2025020915,2026-02-25,196,8474679,WPG,10.77,21.8,wrist,5v5,0,0,0,0,0,2,79,-4,faceoff,29.73,0
2025020915,2026-02-25,197,8474679,WPG,8.94,89.28,wrist,5v5,0,1,0,0,0,2,93,-8,shot-on-goal,10.77,0
2025020915,2026-02-25,203,8483510,WPG,55.23,47.94,wrist,5v5,0,0,0,0,0,2,52,-41,blocked-shot,28.07,0
2025020915,2026-02-25,206,8480014,WPG,3.61,33.69,tip-in,5v5,0,0,0,0,0,2,86,2,faceoff,29.73,1
2025020915,2026-02-25,208,8475169,VAN,5.83,30.96,wrist,5v5,0,0,0,0,0,2,84,3,faceoff,89.0,0
2025020915,2026-02-25,224,8479425,VAN,59.0,0.0,wrist,5v5,0,0,0,0,0,3,30,0,hit,56.59,0
2025020915,2026-02-25,233,8484798,VAN,48.51,8.3,wrist,5v5,0,0,0,0,0,3,41,-7,faceoff,29.73,0
2025020915,2026-02-25,244,8481024,VAN,19.24,81.03,wrist,5v5,0,0,0,0,0,3,86,-19,hit,55.9,0
2025020915,2026-02-25,248,8483678,VAN,59.48,16.61,wrist,5v5,0,0,0,0,0,3,32,17,faceoff,29.73,0
2025020915,2026-02-25,249,8479425,VAN,41.11,18.43,wrist,5v5,0,1,0,0,0,3,50,-13,shot-on-goal,59.48,0
2025020915,2026-02-25,252,8480014,WPG,11.18,10.3,snap,5v5,0,0,0,0,0,3,78,2,giveaway,66.0,0
2025020915,2026-02-25,253,8478398,WPG,14.87,42.27,backhand,5v5,0,1,0,0,0,3,78,-10,missed-shot,11.18,0
2025020915,2026-02-25,254,8476460,WPG,50.48,33.69,slap,5v5,0,1,0,0,0,3,47,28,shot-on-goal,14.87,0
2025020915,2026-02-25,264,8481535,VAN,26.4,52.7,wrist,5v5,0,0,0,0,0,3,73,21,faceoff,29.73,0
2025020915,2026-02-25,272,8483678,VAN,68.0,28.07,snap,5v5,0,0,0,0,0,3,29,32,giveaway,69.12,0
2025020915,2026-02-25,278,8476392,WPG,24.19,29.74,wrist,5v5,0,0,0,0,0,3,68,-12,blocked-shot,17.09,0
2025020915,2026-02-25,282,8474679,WPG,42.72,57.43,wrist,5v5,0,0,0,0,0,3,66,36,hit,78.39,0
2025020915,2026-02-25,285,8483499,VAN,30.41,27.41,wrist,5v5,0,0,0,0,0,3,62,-14,faceoff,29.73,0
2025020915,2026-02-25,287,8477969,VAN,73.06,30.43,slap,5v5,0,0,0,0,0,3,26,37,blocked-shot,12.53,0
2025020915,2026-02-25,294,8479425,VAN,50.0,0.0,wrist,5v4,1,0,0,0,0,3,39,0,blocked-shot,36.06,0
2025020915,2026-02-25,296,8484240,VAN,32.8,37.57,wrist,5v4,1,0,0,0,0,3,63,-20,blocked-shot,40.79,0
2025020915,2026-02-25,299,8479425,VAN,45.28,30.53,slap,5v4,1,0,0,0,0,3,50,23,faceoff,29.73,0
2025020915,2026-02-25,306,8478498,VAN,42.01,38.23,wrist,5v5,0,0,0,0,0,3,56,-26,blocked-shot,49.24,0
2025020915,2026-02-25,313,8483510,WPG,28.43,39.29,wrist,5v5,0,0,0,0,0,3,67,-18,blocked-shot,25.81,0
2025020915,2026-02-25,314,8479425,VAN,44.82,51.34,wrist,5v5,0,1,0,0,0,3,61,35,missed-shot,28.43,0
2025020915,2026-02-25,315,8478856,VAN,31.3,26.57,wrist,5v5,0,1,0,0,0,3,61,14,shot-on-goal,44.82,0
2025020915,2026-02-25,316,8480014,WPG,28.23,22.93,wrist,5v5,0,1,0,0,0,3,63,11,shot-on-goal,31.3,0
2025020915,2026-02-25,319,8482149,WPG,35.0,53.13,wrist,5v5,0,0,0,0,0,3,68,28,faceoff,29.73,0
2025020915,2026-02-25,321,8480113,WPG,6.71,89.05,wrist,5v5,0,0,0,0,0,3,92,6,blocked-shot,17.72,0
2025020915,2026-02-25,324,8476927,VAN,34.44,25.82,snap,5v5,0,0,0,0,0,3,58,15,faceoff,29.73,0
2025020915,2026-02-25,325,8478856,VAN,8.25,14.04,wrist,5v5,0,1,0,0,0,3,81,-2,shot-on-goal,34.44,0
2025020915,2026-02-25,332,8476460,WPG,34.79,18.43,wrist,3v3,0,0,0,0,0,4,56,-11,faceoff,89.0,0
2025020915,2026-02-25,333,8478398,WPG,12.04,48.37,wrist,3v3,0,1,0,0,0,4,81,-9,shot-on-goal,34.79,0
2025020915,2026-02-25,334,8478444,VAN,18.44,12.53,wrist,3v3,0,1,0,0,0,4,71,4,shot-on-goal,12.04,0
2025020915,2026-02-25,335,8480049,WPG,24.76,46.64,wrist,3v3,0,1,0,0,0,4,72,18,shot-on-goal,18.44,0
2025020915,2026-02-25,336,8482149,WPG,20.25,20.22,snap,3v3,0,1,0,0,1,4,70,7,shot-on-goal,24.76,1
2025020916,2026-02-25,4,8475188,VGK,68.54,23.2,wrist,5v5,0,0,0,0,0,1,26,27,hit,40.02,0
2025020916,2026-02-25,7,8476438,VGK,28.84,56.31,snap,5v5,0,0,0,0,0,1,73,24,hit,89.89,0
2025020916,2026-02-25,11,8481527,VGK,65.46,18.71,wrist,5v5,0,0,0,0,0,1,27,-21,giveaway,20.88,0
2025020916,2026-02-25,18,8475188,VGK,22.2,35.84,backhand,5v5,0,0,0,0,0,1,71,-13,faceoff,29.73,0
2025020916,2026-02-25,19,8475188,VGK,11.4,52.13,wrist,5v5,0,1,0,0,0,1,82,-9,shot-on-goal,22.2,0
2025020916,2026-02-25,21,8477964,VGK,18.6,36.25,tip-in,5v5,0,0,0,0,0,1,74,11,blocked-shot,12.17,0
2025020916,2026-02-25,23,8474563,LAK,44.2,37.65,snap,5v5,0,0,0,0,0,1,54,-27,hit,12.73,0
2025020916,2026-02-25,27,8477998,LAK,18.6,53.75,tip-in,5v5,0,0,0,0,0,1,78,15,blocked-shot,8.54,0
2025020916,2026-02-25,28,8483808,LAK,29.7,45.0,wrist,5v5,0,1,0,0,0,1,68,21,missed-shot,18.6,0
2025020916,2026-02-25,29,8476438,VGK,15.81,18.43,tip-in,5v5,0,1,0,0,0,1,74,5,missed-shot,29.7,0
2025020916,2026-02-25,33,8478468,VGK,72.4,32.59,wrist,5v5,0,0,0,0,0,1,28,39,giveaway,46.32,0
2025020916,2026-02-25,37,8477960,LAK,33.62,30.38,wrist,5v5,0,0,0,0,0,1,60,-17,blocked-shot,11.18,0
2025020916,2026-02-25,42,8476438,VGK,32.45,33.69,snap,5v5,0,0,0,0,0,1,62,18,hit,20.12,0
2025020916,2026-02-25,45,8476881,VGK,44.38,67.48,wrist,5v5,0,0,0,0,0,1,72,41,faceoff,29.73,0
2025020916,2026-02-25,48,8481532,LAK,15.56,45.0,wrist,5v5,0,0,0,0,0,1,78,11,faceoff,29.73,0
2025020916,2026-02-25,49,8477998,LAK,10.3,60.95,backhand,5v5,0,1,0,0,0,1,84,-9,missed-shot,15.56,0
2025020916,2026-02-25,52,8481532,LAK,33.6,36.53,snap,5v5,0,0,0,0,0,1,62,20,faceoff,29.73,0
2025020916,2026-02-25,56,8481604,VGK,14.87,70.35,wrist,5v5,0,0,0,0,1,1,84,-14,blocked-shot,16.55,1
2025020916,2026-02-25,65,8476881,VGK,7.07,8.13,deflected,5v5,0,0,0,0,0,1,82,1,giveaway,60.8,0
2025020916,2026-02-25,73,8477960,LAK,30.23,34.22,slap,5v4,1,0,0,0,0,1,64,-17,faceoff,29.73,0
2025020916,2026-02-25,74,8478550,LAK,40.0,36.87,slap,5v4,1,1,0,0,0,1,57,24,shot-on-goal,30.23,0
2025020916,2026-02-25,75,8482124,LAK,23.19,7.43,deflected,5v4,1,1,0,0,0,1,66,3,missed-shot,40.0,1
2025020916,2026-02-25,77,8483890,VGK,35.36,28.74,wrist,5v5,0,0,0,0,0,1,58,17,faceoff,89.0,0
2025020916,2026-02-25,78,8477018,VGK,72.4,32.59,wrist,5v5,0,1,0,0,0,1,28,39,shot-on-goal,35.36,0
2025020916,2026-02-25,85,8475188,VGK,34.53,10.01,wrist,5v5,0,0,0,0,0,1,55,6,hit,63.25,0
2025020916,2026-02-25,86,8482726,LAK,30.87,65.1,backhand,5v5,0,1,0,0,0,1,76,-28,shot-on-goal,34.53,0
2025020916,2026-02-25,90,8482155,LAK,43.28,49.69,backhand,5v5,0,0,0,0,0,1,61,33,giveaway,34.93,0
2025020916,2026-02-25,97,8476881,VGK,43.74,10.54,snap,5v5,0,0,0,0,0,2,46,8,faceoff,89.0,0
2025020916,2026-02-25,99,8477964,VGK,24.6,26.57,wrist,5v5,0,0,0,0,0,2,67,-11,hit,45.62,0
2025020916,2026-02-25,102,8478468,VGK,64.51,19.0,wrist,5v5,0,0,0,0,0,2,28,21,hit,12.04,0
2025020916,2026-02-25,106,8482125,VGK,46.62,22.71,wrist,5v5,0,0,0,0,0,2,46,-18,faceoff,89.0,0
2025020916,2026-02-25,109,8474563,LAK,62.03,20.77,wrist,5v5,0,0,0,0,0,2,31,22,faceoff,29.73,0
2025020916,2026-02-25,112,8481604,VGK,26.31,81.25,wrist,5v5,0,0,0,0,0,2,85,26,hit,14.21,0
2025020916,2026-02-25,113,8481604,VGK,26.93,58.67,wrist,5v5,0,1,0,0,0,2,75,23,shot-on-goal,26.31,0
2025020916,2026-02-25,114,8477018,VGK,66.65,27.72,wrist,5v5,0,1,0,0,0,2,30,31,missed-shot,26.93,0
2025020916,2026-02-25,122,8477964,VGK,38.29,49.24,wrist,5v5,0,0,0,0,0,2,64,-29,hit,29.07,0
2025020916,2026-02-25,133,8481604,VGK,43.46,23.03,wrist,5v5,0,0,0,0,0,2,49,-17,giveaway,10.82,0
2025020916,2026-02-25,134,8481133,VGK,36.06,56.31,wrist,5v5,0,1,0,0,0,2,69,30,shot-on-goal,43.46,0
2025020916,2026-02-25,136,8482155,LAK,19.42,11.89,tip-in,5v5,0,0,0,0,0,2,70,-4,blocked-shot,40.0,0
2025020916,2026-02-25,137,8477960,LAK,7.28,15.95,deflected,5v5,0,1,0,0,0,2,82,-2,shot-on-goal,19.42,0
2025020916,2026-02-25,148,8475188,VGK,55.47,27.95,slap,5v5,0,0,0,0,0,2,40,26,faceoff,29.73,0
2025020916,2026-02-25,164,8482124,LAK,66.19,26.95,wrist,4v5,0,0,0,0,0,2,30,30,takeaway,63.06,0
2025020916,2026-02-25,165,8482125,VGK,29.7,45.0,wrist,5v4,1,1,0,0,0,2,68,21,shot-on-goal,66.19,0
2025020916,2026-02-25,170,8477960,LAK,18.87,32.01,snap,5v5,0,0,0,0,1,2,73,10,hit,50.25,1
2025020916,2026-02-25,180,8479639,VGK,53.85,15.07,slap,5v5,0,0,0,0,0,2,37,-14,giveaway,49.52,0
2025020916,2026-02-25,181,8478550,LAK,9.85,66.04,wrist,5v5,0,1,0,0,0,2,85,-9,missed-shot,53.85,0
2025020916,2026-02-25,187,8475188,VGK,64.4,36.16,slap,5v5,0,0,0,0,0,2,37,38,hit,24.74,0
2025020916,2026-02-25,188,8476438,VGK,9.22,12.53,bat,5v5,0,1,0,0,0,2,80,-2,shot-on-goal,64.4,0
2025020916,2026-02-25,195,8481133,VGK,22.09,5.19,backhand,5v5,0,0,0,0,0,2,67,2,hit,35.06,0
2025020916,2026-02-25,199,8479675,LAK,9.22,40.6,wrist,5v5,0,0,0,0,0,3,82,6,faceoff,89.0,0
2025020916,2026-02-25,201,8482124,LAK,22.02,39.47,wrist,5v5,0,0,0,0,0,3,72,-14,blocked-shot,41.05,0
2025020916,2026-02-25,204,8482155,LAK,20.81,35.22,tip-in,5v5,0,0,0,0,0,3,72,12,faceoff,29.73,0
2025020916,2026-02-25,207,8479639,VGK,59.64,34.76,wrist,5v5,0,0,0,0,0,3,40,-34,blocked-shot,46.01,0
2025020916,2026-02-25,210,8476438,VGK,39.66,33.69,wrist,5v5,0,0,0,0,0,3,56,-22,faceoff,29.73,0
2025020916,2026-02-25,211,8477960,LAK,41.11,48.95,slap,5v5,0,1,0,0,0,3,62,31,missed-shot,39.66,0
2025020916,2026-02-25,215,8478397,VGK,39.81,11.59,slap,5v5,0,0,0,0,0,3,50,8,faceoff,29.73,0
2025020916,2026-02-25,216,8477964,VGK,11.18,63.43,wrist,5v5,0,1,0,0,0,3,84,-10,shot-on-goal,39.81,0
2025020916,2026-02-25,217,8476881,VGK,59.41,36.1,slap,5v5,0,1,0,0,0,3,41,-35,missed-shot,11.18,0
2025020916,2026-02-25,218,8478397,VGK,24.76,46.64,snap,5v5,0,1,0,0,0,3,72,-18,missed-shot,59.41,0
2025020916,2026-02-25,226,8476879,LAK,48.84,42.51,wrist,5v5,0,0,0,0,0,3,53,-33,blocked-shot,28.02,0
2025020916,2026-02-25,227,8479998,LAK,24.17,24.44,deflected,5v5,0,1,0,0,0,3,67,-10,missed-shot,48.84,0
2025020916,2026-02-25,228,8479998,LAK,10.3,60.95,wrist,5v5,0,1,0,0,0,3,84,-9,missed-shot,24.17,0
2025020916,2026-02-25,230,8478550,LAK,34.71,11.63,wrist,5v5,0,0,0,0,0,3,55,-7,hit,64.2,0
2025020916,2026-02-25,233,8478550,LAK,31.4,37.23,snap,5v5,0,0,0,0,0,3,64,-19,faceoff,29.73,0
2025020916,2026-02-25,243,8482155,LAK,11.4,37.87,wrist,5v5,0,0,0,0,0,3,80,-7,hit,12.53,0
2025020916,2026-02-25,246,8483890,VGK,26.91,41.99,snap,5v5,0,0,0,0,0,3,69,-18,faceoff,29.73,0
2025020916,2026-02-25,247,8476925,VGK,13.42,63.43,backhand,5v5,0,1,0,0,0,3,83,-12,missed-shot,26.91,1
2025020916,2026-02-25,253,8478468,VGK,42.49,26.57,snap,5v5,0,0,0,0,0,3,51,19,blocked-shot,49.24,0
2025020916,2026-02-25,254,8482125,VGK,66.04,32.01,wrist,5v5,0,1,0,0,0,3,33,35,shot-on-goal,42.49,0
2025020916,2026-02-25,255,8485251,VGK,6.4,51.34,wrist,5v5,0,1,0,0,0,3,85,-5,shot-on-goal,66.04,0
2025020916,2026-02-25,256,8481133,VGK,44.01,21.32,snap,5v5,0,1,0,0,0,3,48,-16,shot-on-goal,6.4,0
2025020916,2026-02-25,257,8482125,VGK,10.3,60.95,wrist,5v5,0,1,0,0,0,3,84,9,missed-shot,44.01,0
2025020916,2026-02-25,260,8476438,VGK,30.53,31.61,snap,5v5,0,0,0,0,1,3,63,-16,blocked-shot,36.12,1
2025020916,2026-02-25,264,8475191,VGK,15.0,53.13,backhand,5v5,0,0,0,0,2,3,80,-12,hit,27.46,1
2025020916,2026-02-25,269,8482124,LAK,9.22,49.4,wrist,5v5,0,0,0,0,-1,3,83,7,faceoff,72.42,1
2025020916,2026-02-25,280,8481604,VGK,6.4,51.34,wrist,5v4,1,0,0,0,2,3,85,-5,blocked-shot,24.76,1
2025020916,2026-02-25,285,8478550,LAK,42.49,26.57,wrist,6v5,1,0,0,0,0,3,51,19,blocked-shot,69.12,0
2025020916,2026-02-25,289,8481604,VGK,94.34,21.12,wrist,5v6,0,0,0,1,0,3,1,-34,blocked-shot,17.46,0
2025020916,2026-02-25,293,8482730,LAK,53.01,1.08,slap,6v5,1,0,0,0,-1,3,36,1,blocked-shot,10.0,1
2025020916,2026-02-25,298,8477964,VGK,67.12,33.45,wrist,5v6,0,0,0,1,2,3,33,37,hit,53.04,1
2025020917,2026-02-25,2,8478458,EDM,21.4,37.41,snap,5v5,0,0,0,0,1,1,72,13,faceoff,89.0,1
2025020917,2026-02-25,4,8479705,ANA,17.69,42.71,backhand,5v5,0,0,0,0,0,1,76,-12,faceoff,89.0,0
2025020917,2026-02-25,6,8476885,ANA,64.14,30.96,slap,5v5,0,0,0,0,0,1,34,-33,delayed-penalty,89.0,0
2025020917,2026-02-25,10,8482745,ANA,31.58,10.95,slap,5v4,1,0,0,0,0,1,58,-6,giveaway,55.61,0
2025020917,2026-02-25,11,8473986,ANA,12.81,38.66,tip-in,5v4,1,1,0,0,0,1,79,8,missed-shot,31.58,0
2025020917,2026-02-25,14,8480803,EDM,36.4,15.95,wrist,5v5,0,0,0,0,0,1,54,10,hit,31.14,0
2025020917,2026-02-25,19,8477508,EDM,49.52,43.36,snap,5v5,0,0,0,0,0,1,53,-34,hit,37.66,0
2025020917,2026-02-25,20,8479365,EDM,32.25,29.74,snap,5v5,0,1,0,0,0,1,61,-16,missed-shot,49.52,0
2025020917,2026-02-25,27,8482178,ANA,26.42,60.52,snap,5v5,0,0,0,0,0,1,76,-23,hit,70.24,0
2025020917,2026-02-25,31,8477934,EDM,53.82,35.17,snap,5v5,0,0,0,0,0,1,45,-31,hit,37.11,0
2025020917,2026-02-25,34,8477508,EDM,14.87,19.65,tip-in,5v5,0,0,0,0,0,1,75,-5,faceoff,29.73,0
2025020917,2026-02-25,37,8484153,ANA,47.68,9.66,snap,5v5,0,0,0,0,0,1,42,8,giveaway,44.27,0
2025020917,2026-02-25,39,8473986,ANA,9.43,57.99,tip-in,5v5,0,0,0,0,0,1,84,8,hit,47.17,0
2025020917,2026-02-25,43,8476454,EDM,39.32,7.31,snap,5v5,0,0,0,0,0,1,50,5,giveaway,54.04,0
2025020917,2026-02-25,44,8476454,EDM,9.06,6.34,snap,5v5,0,1,0,0,2,1,80,1,missed-shot,39.32,1
2025020917,2026-02-25,47,8477934,EDM,34.93,13.24,wrist,5v5,0,0,0,0,0,1,55,8,takeaway,43.46,0
2025020917,2026-02-25,48,8483512,EDM,22.36,26.57,snap,5v5,0,1,0,0,0,1,69,-10,shot-on-goal,34.93,0
2025020917,2026-02-25,52,8482178,ANA,37.48,43.92,slap,5v5,0,0,0,0,-1,1,62,-26,giveaway,10.0,1
2025020917,2026-02-25,56,8476885,ANA,13.93,21.04,snap,5v5,0,0,0,0,0,1,76,-5,takeaway,46.53,0
2025020917,2026-02-25,65,8475184,ANA,19.92,17.53,snap,5v4,1,0,0,0,0,1,70,6,blocked-shot,45.28,0
2025020917,2026-02-25,66,8483445,ANA,21.1,58.57,snap,5v4,1,1,0,0,0,1,78,-18,shot-on-goal,19.92,0
2025020917,2026-02-25,67,8480068,ANA,68.01,36.03,wrist,5v4,1,1,0,0,0,1,34,40,shot-on-goal,21.1,0
2025020917,2026-02-25,70,8482745,ANA,15.13,7.59,wrist,5v4,1,0,0,0,0,1,74,2,faceoff,29.73,0
2025020917,2026-02-25,71,8483490,ANA,53.49,20.81,wrist,5v4,1,1,0,0,0,1,39,19,missed-shot,15.13,0
2025020917,2026-02-25,80,8481617,EDM,20.12,26.57,wrist,5v5,0,0,0,0,0,1,71,-9,giveaway,5.0,0
2025020917,2026-02-25,87,8475786,EDM,5.1,11.31,tip-in,5v5,0,0,0,0,0,1,84,1,hit,70.0,0
2025020917,2026-02-25,92,8480068,ANA,6.0,0.0,tip-in,5v5,0,0,0,0,0,1,83,0,giveaway,10.77,0
2025020917,2026-02-25,93,8483512,EDM,25.81,54.46,wrist,5v5,0,1,0,0,0,1,74,21,shot-on-goal,6.0,0
2025020917,2026-02-25,98,8475786,EDM,8.25,14.04,tip-in,5v4,1,0,0,0,0,1,81,-2,faceoff,29.73,0
2025020917,2026-02-25,102,8478402,EDM,26.91,41.99,snap,5v4,1,0,0,0,0,2,69,-18,faceoff,89.0,0
2025020917,2026-02-25,108,8478013,EDM,62.2,4.61,slap,5v4,1,0,0,0,0,2,27,5,faceoff,29.73,0
2025020917,2026-02-25,113,8484153,ANA,15.52,14.93,tip-in,5v4,1,0,0,0,0,2,74,-4,faceoff,29.73,0
2025020917,2026-02-25,114,8482745,ANA,27.59,46.47,wrist,5v4,1,1,0,0,0,2,70,-20,shot-on-goal,15.52,0
2025020917,2026-02-25,117,8484153,ANA,31.38,22.48,wrist,5v4,1,0,0,0,0,2,60,-12,takeaway,47.42,0
2025020917,2026-02-25,118,8473986,ANA,7.62,23.2,wrist,5v4,1,1,0,0,0,2,82,3,shot-on-goal,31.38,1
2025020917,2026-02-25,120,8481605,ANA,46.1,40.6,slap,5v5,0,0,0,0,0,2,54,30,faceoff,89.0,0
2025020917,2026-02-25,132,8478402,EDM,16.49,89.64,snap,5v5,0,0,0,0,0,2,93,16,faceoff,29.73,0
2025020917,2026-02-25,133,8476454,EDM,6.71,63.43,deflected,5v5,0,1,0,0,0,2,86,6,missed-shot,16.49,0
2025020917,2026-02-25,138,8478424,ANA,51.62,8.91,snap,5v5,0,0,0,0,0,2,38,8,blocked-shot,22.47,0
2025020917,2026-02-25,139,8473986,ANA,31.76,61.82,snap,5v5,0,1,0,0,0,2,74,-28,missed-shot,51.62,0
2025020917,2026-02-25,140,8478458,EDM,29.07,49.18,snap,5v5,0,1,0,0,0,2,70,-22,missed-shot,31.76,0
2025020917,2026-02-25,147,8476885,ANA,58.25,34.51,slap,5v5,0,0,0,0,0,2,41,-33,giveaway,18.03,0
2025020917,2026-02-25,152,8475786,EDM,5.39,68.2,tip-in,5v5,0,0,0,0,0,2,87,5,giveaway,50.48,0
2025020917,2026-02-25,157,8481617,EDM,31.06,3.69,snap,5v5,0,0,0,0,0,2,58,-2,faceoff,29.73,0
2025020917,2026-02-25,162,8479365,EDM,7.81,50.19,wrist,5v5,0,0,0,0,0,2,84,6,hit,8.0,0
2025020917,2026-02-25,163,8484762,ANA,32.2,25.77,wrist,5v5,0,1,0,0,0,2,60,14,shot-on-goal,7.81,0
2025020917,2026-02-25,167,8480068,ANA,44.94,57.72,wrist,5v5,0,0,0,0,0,2,65,38,hit,81.12,0
2025020917,2026-02-25,169,8480803,EDM,25.96,15.64,wrist,5v5,0,0,0,0,0,2,64,-7,hit,25.71,0
2025020917,2026-02-25,170,8476454,EDM,18.03,70.56,snap,5v5,0,1,0,0,0,2,83,17,missed-shot,25.96,0
2025020917,2026-02-25,171,8480834,EDM,44.05,2.6,snap,5v5,0,1,0,0,0,2,45,-2,shot-on-goal,18.03,0
2025020917,2026-02-25,173,8481617,EDM,32.7,23.43,snap,5v5,0,0,0,0,0,2,59,-13,hit,33.06,0
2025020917,2026-02-25,179,8475462,ANA,61.29,28.24,wrist,5v5,0,0,0,0,0,2,35,-29,faceoff,29.73,0
2025020917,2026-02-25,182,8482745,ANA,29.7,45.0,snap,5v4,1,0,0,0,0,2,68,21,faceoff,29.73,0
2025020917,2026-02-25,185,8483445,ANA,36.36,58.5,snap,5v4,1,0,0,0,0,2,70,-31,hit,69.4,0
2025020917,2026-02-25,189,8475218,EDM,43.05,30.74,slap,5v5,0,0,0,0,0,2,52,22,giveaway,17.03,0
2025020917,2026-02-25,190,8478233,EDM,48.85,22.89,slap,5v5,0,1,0,0,0,2,44,19,missed-shot,43.05,0
2025020917,2026-02-25,191,8475786,EDM,7.07,8.13,tip-in,5v5,0,1,0,0,1,2,82,1,missed-shot,48.85,1
2025020917,2026-02-25,193,8476454,EDM,31.0,0.0,snap,5v5,0,0,0,0,0,2,58,0,faceoff,89.0,0
2025020917,2026-02-25,194,8480803,EDM,7.28,74.05,wrist,5v5,0,1,0,0,2,2,87,-7,missed-shot,31.0,1
2025020917,2026-02-25,203,8473986,ANA,44.28,64.59,snap,5v5,0,0,0,0,0,3,70,40,giveaway,12.04,0
2025020917,2026-02-25,207,8477934,EDM,18.03,33.69,tip-in,5v5,0,0,0,0,0,3,74,10,faceoff,29.73,0
2025020917,2026-02-25,211,8476885,ANA,12.81,38.66,backhand,5v5,0,0,0,0,0,3,79,8,blocked-shot,14.32,0
2025020917,2026-02-25,212,8484153,ANA,9.22,12.53,wrist,5v5,0,1,0,0,-1,3,80,-2,shot-on-goal,12.81,1
2025020917,2026-02-25,217,8478424,ANA,57.38,41.47,tip-in,5v5,0,0,0,0,0,3,46,38,hit,81.12,0
2025020917,2026-02-25,222,8482803,ANA,58.67,29.62,snap,5v5,0,0,0,0,0,3,38,29,faceoff,29.73,1
2025020917,2026-02-25,227,8478402,EDM,6.71,26.57,wrist,5v5,0,0,0,0,0,3,83,3,hit,20.12,0
2025020917,2026-02-25,230,8477934,EDM,8.54,69.44,tip-in,5v4,1,0,0,0,0,3,86,8,faceoff,29.73,0
2025020917,2026-02-25,232,8482803,ANA,11.4,74.74,backhand,4v5,0,0,0,0,0,3,86,11,blocked-shot,12.17,0
2025020917,2026-02-25,233,8481617,EDM,5.83,30.96,tip-in,5v4,1,1,0,0,0,3,84,-3,shot-on-goal,11.4,0
2025020917,2026-02-25,234,8483512,EDM,10.63,41.19,wrist,5v4,1,1,0,0,1,3,81,-7,shot-on-goal,5.83,1
2025020917,2026-02-25,237,8478233,EDM,12.37,14.04,snap,5v5,0,0,0,0,0,3,77,-3,hit,87.66,0
2025020917,2026-02-25,239,8484762,ANA,27.31,23.75,snap,5v5,0,0,0,0,0,3,64,-11,hit,26.25,1
2025020917,2026-02-25,257,8483512,EDM,21.93,24.23,wrist,5v5,0,0,0,0,0,3,69,9,blocked-shot,14.76,0
2025020917,2026-02-25,261,8482178,ANA,43.86,46.85,slap,5v5,0,0,0,0,0,3,59,-32,blocked-shot,25.0,0
2025020917,2026-02-25,264,8483490,ANA,56.08,31.14,snap,5v5,0,0,0,0,0,3,41,29,faceoff,29.73,0
2025020917,2026-02-25,266,8474641,EDM,35.36,8.13,snap,5v5,0,0,0,0,0,3,54,5,giveaway,53.49,0
2025020917,2026-02-25,272,8478424,ANA,58.05,10.92,wrist,5v5,0,0,0,0,0,3,32,11,blocked-shot,6.32,0
2025020917,2026-02-25,282,8480803,EDM,36.62,34.99,slap,5v5,0,0,0,0,0,3,59,-21,faceoff,29.73,0
2025020917,2026-02-25,283,8475218,EDM,48.27,39.96,slap,5v5,0,1,0,0,0,3,52,31,shot-on-goal,36.62,0
2025020917,2026-02-25,287,8483512,EDM,88.46,10.42,wrist,5v5,0,0,0,0,0,3,2,-16,blocked-shot,16.64,0
2025020917,2026-02-25,294,8473986,ANA,13.6,53.97,snap,5v5,0,0,0,0,0,3,81,11,giveaway,72.56,0
2025020917,2026-02-25,298,8480834,EDM,55.32,40.6,snap,5v5,0,0,0,0,0,3,47,-36,hit,12.81,0
2025020917,2026-02-25,301,8478233,EDM,41.87,49.84,slap,5v5,0,0,0,0,0,3,62,-32,faceoff,29.73,0
2025020917,2026-02-25,304,8481617,EDM,43.93,48.69,snap,5v5,0,0,0,0,0,3,60,-33,faceoff,29.73,0
2025020917,2026-02-25,306,8478402,EDM,9.22,12.53,tip-in,5v5,0,0,0,0,0,3,80,-2,hit,26.93,0
2025020917,2026-02-25,308,8475786,EDM,9.43,57.99,backhand,5v5,0,0,0,0,0,3,84,8,giveaway,27.0,0
2025020917,2026-02-25,313,8483445,ANA,7.28,74.05,wrist,5v5,0,0,0,0,1,3,87,-7,blocked-shot,10.63,1
2025020917,2026-02-25,317,8473986,ANA,46.65,59.04,wrist,5v4,1,0,0,0,0,3,65,40,faceoff,29.73,0
2025020917,2026-02-25,318,8484762,ANA,8.06,60.26,backhand,5v4,1,1,0,0,0,3,85,7,shot-on-goal,46.65,0
2025021001,2026-03-08,4,8478864,MIN,39.2,37.75,wrist,5v5,0,0,0,0,0,1,58,24,faceoff,29.73,0
2025021001,2026-03-08,5,8478864,MIN,57.01,37.87,snap,5v5,0,1,0,0,0,1,44,35,shot-on-goal,39.2,0
2025021001,2026-03-08,13,8475172,COL,16.64,32.74,tip-in,5v4,1,0,0,0,0,1,75,-9,takeaway,54.82,0
2025021001,2026-03-08,14,8475172,COL,7.21,56.31,snap,5v4,1,1,0,0,0,1,85,-6,shot-on-goal,16.64,0
2025021001,2026-03-08,16,8480039,COL,33.42,51.07,slap,5v4,1,0,0,0,0,1,68,26,blocked-shot,18.79,0
2025021001,2026-03-08,17,8480039,COL,18.03,33.69,snap,5v4,1,1,0,0,0,1,74,10,missed-shot,33.42,0
2025021001,2026-03-08,21,8478038,COL,54.12,16.09,wrist,5v4,1,0,0,0,0,1,37,-15,blocked-shot,37.05,0
2025021001,2026-03-08,22,8474567,MIN,62.63,19.59,wrist,5v5,0,1,0,0,0,1,30,21,shot-on-goal,54.12,0
2025021001,2026-03-08,27,8478462,COL,13.42,26.57,snap,5v5,0,0,0,0,0,1,77,6,giveaway,21.93,0
2025021001,2026-03-08,29,8480039,COL,27.78,30.26,wrist,5v5,0,0,0,0,0,1,65,-14,hit,42.06,0
2025021001,2026-03-08,33,8483525,MIN,29.68,32.62,wrist,5v5,0,0,0,0,0,1,64,-16,blocked-shot,54.08,0
2025021001,2026-03-08,34,8483525,MIN,10.0,53.13,wrist,5v5,0,1,0,0,0,1,83,-8,shot-on-goal,29.68,0
2025021001,2026-03-08,41,8477501,COL,32.76,58.74,backhand,5v5,0,0,0,0,0,1,72,-28,hit,17.0,0
2025021001,2026-03-08,42,8479525,COL,50.61,52.22,wrist,5v5,0,1,0,0,0,1,58,40,missed-shot,32.76,0
2025021001,2026-03-08,44,8484258,COL,39.36,27.22,wrist,6v5,1,0,0,0,0,1,54,-18,delayed-penalty,89.0,0
2025021001,2026-03-08,49,8477492,COL,43.05,2.66,wrist,5v4,1,0,0,0,0,1,46,2,faceoff,29.73,0
2025021001,2026-03-08,50,8475172,COL,24.7,21.37,snap,5v4,1,1,0,0,0,1,66,9,missed-shot,43.05,0
2025021001,2026-03-08,53,8470613,COL,46.32,13.74,slap,5v4,1,0,0,0,0,1,44,-11,giveaway,90.87,0
2025021001,2026-03-08,54,8477501,COL,78.77,8.03,wrist,5v5,0,1,0,0,0,1,11,11,missed-shot,46.32,0
2025021001,2026-03-08,59,8481641,COL,13.6,36.03,snap,5v5,0,0,0,0,0,1,78,-8,giveaway,59.46,0
2025021001,2026-03-08,62,8478462,COL,43.86,46.85,snap,5v5,0,0,0,0,0,1,59,-32,faceoff,29.73,0
2025021001,2026-03-08,67,8480800,MIN,55.8,36.25,wrist,5v5,0,0,0,0,0,1,44,33,faceoff,29.73,0
2025021001,2026-03-08,68,8477492,COL,27.46,33.11,wrist,5v5,0,1,0,0,0,1,66,15,missed-shot,55.8,0
2025021001,2026-03-08,69,8475172,COL,9.85,23.96,snap,5v5,0,1,0,0,0,1,80,4,shot-on-goal,27.46,0
2025021001,2026-03-08,71,8477446,MIN,56.86,34.25,wrist,5v5,0,0,0,0,0,1,42,32,blocked-shot,10.05,0
2025021001,2026-03-08,81,8473422,MIN,22.83,28.81,backhand,5v5,0,0,0,0,0,1,69,-11,takeaway,42.72,0
2025021001,2026-03-08,89,8480800,MIN,45.22,54.9,wrist,5v5,0,0,0,0,0,1,63,37,faceoff,29.73,0
2025021001,2026-03-08,90,8478864,MIN,62.1,14.93,wrist,5v5,0,1,0,0,0,1,29,-16,missed-shot,45.22,0
2025021001,2026-03-08,95,8477492,COL,8.6,54.46,wrist,5v5,0,0,0,0,0,1,84,-7,hit,22.47,0
2025021001,2026-03-08,97,8477492,COL,15.0,89.62,wrist,5v5,0,0,0,0,0,1,89,-15,blocked-shot,33.24,0
2025021001,2026-03-08,102,8474567,MIN,67.2,36.53,wrist,5v5,0,0,0,0,0,1,35,-40,blocked-shot,44.05,0
2025021001,2026-03-08,106,8484258,COL,51.24,5.6,wrist,5v5,0,0,0,0,0,1,38,5,blocked-shot,46.17,0
2025021001,2026-03-08,107,8481641,COL,17.03,40.24,wrist,5v5,0,1,0,0,0,1,76,-11,shot-on-goal,51.24,0
2025021001,2026-03-08,111,8481557,MIN,22.83,28.81,wrist,5v5,0,0,0,0,0,1,69,-11,hit,65.0,0
2025021001,2026-03-08,113,8483525,MIN,24.19,7.13,snap,5v5,0,0,0,0,0,1,65,-3,hit,34.13,0
2025021001,2026-03-08,119,8477446,MIN,44.78,60.57,snap,5v5,0,0,0,0,0,1,67,-39,faceoff,29.73,0
2025021001,2026-03-08,124,8478038,COL,9.06,6.34,tip-in,5v5,0,0,0,0,0,2,80,1,giveaway,63.98,0
2025021001,2026-03-08,127,8480039,COL,35.74,17.93,slap,5v5,0,0,0,0,0,2,55,-11,faceoff,29.73,0
2025021001,2026-03-08,135,8480039,COL,36.4,20.92,snap,5v4,1,0,0,0,0,2,55,13,giveaway,43.19,0
2025021001,2026-03-08,136,8484149,COL,7.62,23.2,wrap-around,5v4,1,1,0,0,0,2,82,3,missed-shot,36.4,0
2025021001,2026-03-08,139,8482947,COL,18.44,40.6,backhand,5v5,0,0,0,0,0,2,75,-12,blocked-shot,24.76,0
2025021001,2026-03-08,141,8480448,COL,41.3,6.95,wrist,5v5,0,0,0,0,0,2,48,5,hit,37.85,0
2025021001,2026-03-08,145,8481557,MIN,18.44,40.6,wrist,5v4,1,0,0,0,0,2,75,-12,faceoff,29.73,0
2025021001,2026-03-08,150,8480448,COL,31.76,28.18,snap,4v5,0,0,0,0,0,2,61,15,faceoff,29.73,0
2025021001,2026-03-08,152,8475765,MIN,20.52,46.97,backhand,5v4,1,0,0,0,0,2,75,-15,hit,36.22,0
2025021001,2026-03-08,154,8475172,COL,38.48,24.57,snap,5v5,0,0,0,0,0,2,54,16,giveaway,49.52,0
2025021001,2026-03-08,155,8477492,COL,39.62,42.95,slap,5v5,0,1,0,0,0,2,60,27,shot-on-goal,38.48,0
2025021001,2026-03-08,156,8475692,MIN,13.6,17.1,wrist,5v5,0,1,0,0,0,2,76,-4,missed-shot,39.62,0
2025021001,2026-03-08,157,8475692,MIN,9.0,0.0,backhand,5v5,0,1,0,0,0,2,80,0,shot-on-goal,13.6,0
2025021001,2026-03-08,158,8475692,MIN,17.03,89.66,backhand,5v5,0,1,0,0,0,2,90,17,shot-on-goal,9.0,0
2025021001,2026-03-08,159,8478864,MIN,58.14,3.95,wrist,5v5,0,1,0,0,0,2,31,4,shot-on-goal,17.03,0
2025021001,2026-03-08,162,8477492,COL,19.21,38.66,wrist,5v5,0,0,0,0,0,2,74,12,giveaway,55.58,0
2025021001,2026-03-08,166,8475765,MIN,34.71,48.5,wrist,5v5,0,0,0,0,0,2,66,-26,hit,39.05,0
2025021001,2026-03-08,167,8476463,MIN,59.67,13.57,wrist,5v5,0,1,0,0,0,2,31,14,shot-on-goal,34.71,0
2025021001,2026-03-08,169,8479525,COL,46.23,38.85,slap,5v5,0,0,0,0,0,2,53,29,blocked-shot,42.15,0
2025021001,2026-03-08,171,8476312,COL,20.25,32.91,tip-in,5v5,0,0,0,0,0,2,72,-11,hit,48.6,0
2025021001,2026-03-08,173,8477492,COL,15.0,36.87,tip-in,5v5,0,0,0,0,0,2,77,9,giveaway,45.79,0
2025021001,2026-03-08,174,8479525,COL,40.0,36.87,slap,5v5,0,1,0,0,0,2,57,24,shot-on-goal,15.0,0
2025021001,2026-03-08,181,8477492,COL,21.93,43.15,snap,5v5,0,0,0,0,1,2,73,-15,faceoff,29.73,1
2025021001,2026-03-08,183,8484149,COL,37.12,27.26,slap,5v5,0,0,0,0,0,2,56,-17,faceoff,89.0,0
2025021001,2026-03-08,186,8477451,MIN,55.73,9.29,slap,5v5,0,0,0,0,0,2,34,-9,faceoff,29.73,0
2025021001,2026-03-08,190,8478136,MIN,26.31,8.75,tip-in,5v5,0,0,0,0,0,2,63,-4,hit,58.8,0
2025021001,2026-03-08,191,8475765,MIN,68.88,27.68,wrist,5v5,0,1,0,0,0,2,28,32,missed-shot,26.31,0
2025021001,2026-03-08,194,8479525,COL,8.25,14.04,wrist,5v5,0,0,0,0,0,2,81,2,giveaway,40.8,0
2025021001,2026-03-08,197,8481557,MIN,60.02,10.56,slap,5v5,0,0,0,0,0,2,30,11,hit,35.01,0
2025021001,2026-03-08,201,8481557,MIN,53.0,0.0,wrist,5v5,0,0,0,0,0,2,36,0,hit,38.08,0
2025021001,2026-03-08,205,8478493,MIN,42.06,18.0,wrist,5v5,0,0,0,0,0,2,49,13,hit,19.24,0
2025021001,2026-03-08,206,8482122,MIN,59.36,32.62,wrist,5v5,0,1,0,0,0,2,39,32,shot-on-goal,42.06,0
2025021001,2026-03-08,207,8481553,MIN,11.4,89.36,wrist,5v5,0,1,0,0,0,2,96,9,shot-on-goal,59.36,0
2025021001,2026-03-08,209,8477451,MIN,41.76,73.3,wrist,5v5,0,0,0,0,0,2,77,-40,takeaway,38.08,0
2025021001,2026-03-08,213,8478508,MIN,14.0,0.0,backhand,5v5,0,0,0,0,0,2,75,0,blocked-shot,20.0,0
2025021001,2026-03-08,214,8483525,MIN,7.81,50.19,backhand,5v5,0,1,0,0,0,2,84,-6,shot-on-goal,14.0,0
2025021001,2026-03-08,219,8478038,COL,52.84,29.48,wrist,5v5,0,0,0,0,0,2,43,-26,giveaway,66.03,0
2025021001,2026-03-08,223,8478864,MIN,94.94,23.59,wrist,5v5,0,0,0,0,0,3,2,-38,faceoff,89.0,0
2025021001,2026-03-08,224,8481553,MIN,22.14,18.43,backhand,5v5,0,1,0,0,0,3,68,7,missed-shot,94.94,0
2025021001,2026-03-08,227,8481557,MIN,57.14,4.01,wrist,5v5,0,0,0,0,0,3,32,-4,faceoff,29.73,0
2025021001,2026-03-08,231,8474567,MIN,34.44,64.18,wrist,5v5,0,0,0,0,0,3,74,-31,hit,9.22,0
2025021001,2026-03-08,237,8478462,COL,9.06,6.34,backhand,5v5,0,0,0,0,0,3,80,-1,hit,43.86,0
2025021001,2026-03-08,240,8477446,MIN,8.6,35.54,backhand,5v5,0,0,0,0,0,3,82,-5,hit,43.46,0
2025021001,2026-03-08,241,8475172,COL,48.8,44.17,wrist,5v5,0,1,0,0,0,3,54,-34,shot-on-goal,8.6,0
2025021001,2026-03-08,244,8479525,COL,10.0,36.87,tip-in,5v5,0,0,0,0,0,3,81,6,faceoff,29.73,0
2025021001,2026-03-08,249,8478864,MIN,40.82,30.96,wrist,5v4,1,0,0,0,0,3,54,-21,faceoff,29.73,1
2025021001,2026-03-08,252,8476463,MIN,48.1,43.32,wrist,5v5,0,0,0,0,0,3,54,33,giveaway,94.43,0
2025021001,2026-03-08,267,8477492,COL,8.06,60.26,backhand,5v4,1,0,0,0,0,3,85,7,blocked-shot,27.78,0
2025021001,2026-03-08,268,8480039,COL,36.88,40.6,slap,5v4,1,1,0,0,0,3,61,24,shot-on-goal,8.06,0
2025021001,2026-03-08,269,8481477,MIN,21.21,8.13,wrist,4v5,0,1,0,0,1,3,68,-3,shot-on-goal,36.88,1
2025021001,2026-03-08,273,8480448,COL,52.89,15.35,slap,5v5,0,0,0,0,0,3,38,-14,blocked-shot,31.06,0
2025021001,2026-03-08,277,8477451,MIN,36.88,12.53,slap,5v5,0,0,0,0,0,3,53,-8,hit,49.2,0
2025021001,2026-03-08,279,8480069,COL,61.13,15.17,wrist,6v5,1,0,0,0,0,3,30,-16,delayed-penalty,89.0,0
2025021001,2026-03-08,283,8477492,COL,38.95,29.2,slap,5v4,1,0,0,0,0,3,55,19,faceoff,29.73,0
2025021001,2026-03-08,284,8477492,COL,32.56,47.49,slap,5v4,1,1,0,0,0,3,67,24,shot-on-goal,38.95,0
2025021001,2026-03-08,287,8480039,COL,8.0,0.0,between-legs,5v4,1,0,0,0,0,3,81,0,faceoff,29.73,0
2025021001,2026-03-08,288,8475754,COL,8.0,0.0,wrist,5v4,1,1,0,0,0,3,81,0,shot-on-goal,8.0,0
2025021001,2026-03-08,289,8480039,COL,31.14,42.4,snap,5v4,1,1,0,0,0,3,66,21,missed-shot,8.0,0
2025021001,2026-03-08,294,8478462,COL,12.37,14.04,tip-in,5v5,0,0,0,0,0,3,77,3,giveaway,61.62,1
2025021001,2026-03-08,300,8477446,MIN,13.0,22.62,snap,5v5,0,0,0,0,0,3,77,-5,hit,9.22,0
2025021001,2026-03-08,309,8481557,MIN,7.28,74.05,tip-in,5v4,1,0,0,0,0,3,87,-7,faceoff,29.73,0
2025021001,2026-03-08,310,8478493,MIN,22.09,5.19,tip-in,5v4,1,1,0,0,0,3,67,-2,shot-on-goal,7.28,0
2025021001,2026-03-08,311,8481553,MIN,32.25,29.74,wrist,5v4,1,1,0,0,0,3,61,-16,missed-shot,22.09,0
2025021001,2026-03-08,312,8474716,MIN,14.87,19.65,snap,5v4,1,1,0,0,0,3,75,-5,shot-on-goal,32.25,0
2025021001,2026-03-08,323,8480039,COL,28.07,4.09,wrist,3v3,0,0,0,0,0,4,61,-2,takeaway,30.07,0
2025021001,2026-03-08,324,8480069,COL,9.22,49.4,backhand,3v3,0,1,0,0,0,4,83,7,missed-shot,28.07,0
2025021001,2026-03-08,325,8475172,COL,29.41,17.82,snap,3v3,0,1,0,0,0,4,61,9,missed-shot,9.22,0
2025021001,2026-03-08,326,8475172,COL,24.6,26.57,wrist,3v3,0,1,0,0,0,4,67,-11,shot-on-goal,29.41,0
2025021001,2026-03-08,327,8481553,MIN,20.52,43.03,wrist,3v3,0,1,0,0,0,4,74,-14,shot-on-goal,24.6,0
2025021001,2026-03-08,334,8480800,MIN,46.62,22.71,wrist,4v3,1,0,0,0,0,4,46,-18,blocked-shot,21.21,0
2025021001,2026-03-08,335,8478864,MIN,40.26,14.38,slap,4v3,1,1,0,0,0,4,50,10,missed-shot,46.62,0
2025021001,2026-03-08,339,8475692,MIN,8.94,26.57,wrist,1v0,1,0,0,0,0,5,81,4,period-start,89.0,0
2025021001,2026-03-08,340,8477501,COL,6.71,26.57,wrist,1v0,1,1,0,0,0,5,83,3,missed-shot,8.94,1
2025021001,2026-03-08,341,8481557,MIN,10.0,0.0,wrist,1v0,1,1,0,0,0,5,79,0,goal,6.71,1
2025021001,2026-03-08,342,8480039,COL,7.62,66.8,backhand,1v0,1,1,0,0,0,5,86,7,goal,10.0,0
2025021001,2026-03-08,343,8478864,MIN,13.04,4.4,wrist,1v0,1,1,0,0,0,5,76,-1,shot-on-goal,7.62,0
2025021001,2026-03-08,344,8475172,COL,9.22,49.4,backhand,1v0,1,1,0,0,0,5,83,-7,shot-on-goal,13.04,0
2025021001,2026-03-08,345,8475765,MIN,14.04,4.09,wrist,1v0,1,1,0,0,0,5,75,-1,shot-on-goal,9.22,0
2025021001,2026-03-08,346,8477492,COL,8.06,7.13,wrist,1v0,1,1,0,0,0,5,81,1,shot-on-goal,14.04,1
2025021002,2026-03-08,3,8478569,PIT,13.93,68.96,wrist,5v5,0,0,0,0,0,1,84,-13,blocked-shot,12.53,0
2025021002,2026-03-08,7,8477507,BOS,94.37,25.75,wrist,5v5,0,0,0,0,0,1,4,-41,giveaway,91.0,0
2025021002,2026-03-08,13,8482993,PIT,45.61,52.13,wrist,5v5,0,0,0,0,0,1,61,36,takeaway,44.78,0
2025021002,2026-03-08,14,8479325,BOS,89.0,25.99,wrist,5v5,0,1,0,0,0,1,9,39,missed-shot,45.61,0
2025021002,2026-03-08,21,8480980,PIT,13.6,17.1,tip-in,5v5,0,0,0,0,0,1,76,-4,giveaway,42.06,0
2025021002,2026-03-08,23,8478569,PIT,48.6,36.63,wrist,5v5,0,0,0,0,0,1,50,-29,giveaway,53.01,0
2025021002,2026-03-08,24,8481481,PIT,6.4,38.66,wrist,5v5,0,1,0,0,0,1,84,4,shot-on-goal,48.6,0
2025021002,2026-03-08,26,8482511,BOS,11.66,30.96,wrist,5v5,0,0,0,0,0,1,79,-6,hit,45.19,0
2025021002,2026-03-08,28,8474578,PIT,52.35,6.58,wrist,5v5,0,0,0,0,0,1,37,-6,giveaway,17.69,0
2025021002,2026-03-08,36,8482475,PIT,37.36,15.52,snap,5v5,0,0,0,0,0,1,53,10,faceoff,29.73,0
2025021002,2026-03-08,42,8479325,BOS,23.02,2.49,wrist,5v4,1,0,0,0,0,1,66,-1,takeaway,37.54,0
2025021002,2026-03-08,43,8479325,BOS,54.23,5.29,wrist,5v4,1,1,0,0,0,1,35,5,missed-shot,23.02,0
2025021002,2026-03-08,45,8479325,BOS,40.01,1.43,slap,5v4,1,0,0,0,0,1,49,-1,hit,39.05,0
2025021002,2026-03-08,46,8477956,BOS,22.02,50.53,wrist,5v4,1,1,0,0,0,1,75,17,shot-on-goal,40.01,0
2025021002,2026-03-08,48,8478401,BOS,29.21,51.95,snap,5v4,1,0,0,0,1,1,71,-23,takeaway,26.91,1
2025021002,2026-03-08,57,8481725,PIT,38.42,51.34,wrist,5v5,0,0,0,0,0,1,65,30,blocked-shot,34.06,0
2025021002,2026-03-08,58,8479999,BOS,33.62,59.62,slap,5v5,0,1,0,0,0,1,72,-29,shot-on-goal,38.42,0
2025021002,2026-03-08,65,8479999,BOS,8.6,35.54,deflected,5v5,0,0,0,0,0,1,82,5,blocked-shot,33.62,0
2025021002,2026-03-08,68,8475810,PIT,6.32,18.43,tip-in,5v5,0,0,0,0,0,1,83,2,faceoff,89.0,0
2025021002,2026-03-08,71,8477496,BOS,28.28,45.0,wrist,5v5,0,0,0,0,0,1,69,-20,blocked-shot,19.65,0
2025021002,2026-03-08,73,8482177,BOS,8.0,0.0,tip-in,5v5,0,0,0,0,0,1,81,0,giveaway,53.91,0
2025021002,2026-03-08,75,8479591,BOS,54.49,42.77,wrist,5v5,0,0,0,0,0,1,49,37,giveaway,66.07,0
2025021002,2026-03-08,77,8481481,PIT,43.0,0.0,wrist,5v5,0,0,0,0,0,1,46,0,hit,17.49,0
2025021002,2026-03-08,78,8480980,PIT,17.2,35.54,tip-in,5v5,0,1,0,0,0,1,75,-10,shot-on-goal,43.0,0
2025021002,2026-03-08,80,8480980,PIT,31.06,56.82,wrist,5v5,0,0,0,0,0,1,72,26,takeaway,32.45,0
2025021002,2026-03-08,82,8476854,BOS,55.08,3.12,slap,5v5,0,0,0,0,0,1,34,3,takeaway,32.28,0
2025021002,2026-03-08,87,8482993,PIT,55.17,43.53,wrist,5v5,0,0,0,0,0,1,49,-38,hit,88.54,0
2025021002,2026-03-08,89,8482993,PIT,26.4,65.38,wrist,5v5,0,0,0,0,0,1,78,24,giveaway,67.23,0
2025021002,2026-03-08,90,8481725,PIT,9.22,12.53,wrist,5v5,0,1,0,0,0,1,80,-2,shot-on-goal,26.4,0
2025021002,2026-03-08,93,8478569,PIT,22.8,15.26,snap,5v5,0,0,0,0,0,1,67,-6,giveaway,63.79,0
2025021002,2026-03-08,94,8477956,BOS,65.28,5.27,tip-in,5v5,0,1,0,0,0,1,24,6,shot-on-goal,22.8,0
2025021002,2026-03-08,97,8474578,PIT,49.82,38.48,slap,5v5,0,0,0,0,0,1,50,31,faceoff,29.73,0
2025021002,2026-03-08,98,8480980,PIT,30.02,60.02,wrist,5v5,0,1,0,0,0,1,74,-26,missed-shot,49.82,0
2025021002,2026-03-08,113,8480355,BOS,11.05,5.19,tip-in,5v5,0,0,0,0,0,2,78,1,faceoff,29.73,0
2025021002,2026-03-08,116,8482177,BOS,23.85,33.02,wrist,5v5,0,0,0,0,0,2,69,13,faceoff,29.73,0
2025021002,2026-03-08,127,8474578,PIT,28.46,18.43,snap,5v5,0,0,0,0,0,2,62,9,giveaway,35.06,0
2025021002,2026-03-08,130,8479591,BOS,37.48,9.21,wrist,5v5,0,0,0,0,0,2,52,-6,giveaway,44.78,0
2025021002,2026-03-08,136,8474578,PIT,41.59,27.18,wrist,4v4,0,0,0,0,0,2,52,19,hit,47.8,0
2025021002,2026-03-08,137,8479987,BOS,43.05,2.66,wrist,4v4,0,1,0,0,0,2,46,2,shot-on-goal,41.59,0
2025021002,2026-03-08,139,8475810,PIT,42.19,31.43,wrist,4v4,0,0,0,0,0,2,53,22,blocked-shot,33.38,0
2025021002,2026-03-08,141,8479398,PIT,18.03,33.69,wrist,4v4,0,0,0,0,0,2,74,10,hit,44.72,0
2025021002,2026-03-08,142,8481725,PIT,41.11,18.43,snap,5v5,0,1,0,0,0,2,50,-13,shot-on-goal,18.03,0
2025021002,2026-03-08,146,8478401,BOS,14.14,45.0,backhand,5v5,0,0,0,0,2,2,79,-10,hit,17.49,1
2025021002,2026-03-08,154,8471724,PIT,45.28,59.47,wrist,5v5,0,0,0,0,0,2,66,-39,blocked-shot,11.0,0
2025021002,2026-03-08,156,8479369,BOS,62.39,6.44,wrist,5v5,0,0,0,0,0,2,27,-7,takeaway,44.78,0
2025021002,2026-03-08,159,8474578,PIT,8.06,29.74,tip-in,5v5,0,0,0,0,0,2,82,4,faceoff,29.73,0
2025021002,2026-03-08,161,8474578,PIT,24.76,46.64,wrist,5v5,0,0,0,0,0,2,72,18,blocked-shot,33.0,0
2025021002,2026-03-08,162,8474578,PIT,8.6,54.46,wrist,5v5,0,1,0,0,0,2,84,7,shot-on-goal,24.76,0
2025021002,2026-03-08,164,8477956,BOS,6.32,71.57,backhand,5v5,0,0,0,0,3,2,87,-6,giveaway,14.14,1
2025021002,2026-03-08,166,8479999,BOS,45.34,41.42,wrist,5v5,0,0,0,0,0,2,55,30,faceoff,89.0,0
2025021002,2026-03-08,170,8475810,PIT,18.0,89.68,wrist,5v5,0,0,0,0,0,2,89,18,giveaway,17.0,0
2025021002,2026-03-08,171,8476483,PIT,6.08,9.46,tip-in,5v5,0,1,0,0,0,2,83,-1,missed-shot,18.0,0
2025021002,2026-03-08,182,8482475,PIT,32.65,27.35,wrist,5v3,1,0,0,0,-2,2,60,15,giveaway,22.09,1
2025021002,2026-03-08,184,8485414,PIT,28.64,24.78,slap,5v4,1,0,0,0,0,2,63,-12,faceoff,89.0,0
2025021002,2026-03-08,186,8481219,BOS,62.17,11.13,wrist,4v5,0,0,0,0,0,2,28,-12,blocked-shot,9.49,0
2025021002,2026-03-08,193,8478450,PIT,37.01,1.55,wrist,5v5,0,0,0,0,0,2,52,-1,takeaway,11.66,0
2025021002,2026-03-08,195,8479369,BOS,35.47,40.43,wrist,5v5,0,0,0,0,0,2,62,-23,hit,84.97,0
2025021002,2026-03-08,199,8480980,PIT,52.5,17.74,wrist,5v5,0,0,0,0,0,2,39,16,faceoff,29.73,0
2025021002,2026-03-08,202,8481481,PIT,6.4,38.66,wrist,5v5,0,0,0,0,0,2,84,-4,blocked-shot,60.54,0
2025021002,2026-03-08,209,8482993,PIT,31.4,37.23,wrist,5v5,0,0,0,0,0,2,64,-19,giveaway,41.23,0
2025021002,2026-03-08,216,8485414,PIT,55.36,16.8,slap,5v5,0,0,0,0,0,2,36,-16,hit,7.62,0
2025021002,2026-03-08,226,8478401,BOS,24.33,9.46,wrist,5v4,1,0,0,0,0,3,65,4,faceoff,89.0,0
2025021002,2026-03-08,227,8479987,BOS,23.6,53.62,wrist,5v4,1,1,0,0,0,3,75,19,shot-on-goal,24.33,0
2025021002,2026-03-08,230,8479987,BOS,67.08,26.57,wrist,5v4,1,0,0,0,0,3,29,30,faceoff,29.73,0
2025021002,2026-03-08,234,8471724,PIT,36.12,41.63,wrist,4v5,0,0,0,0,0,3,62,-24,giveaway,26.68,0
2025021002,2026-03-08,241,8477507,BOS,38.83,78.11,wrist,5v5,0,0,0,0,0,3,81,38,hit,9.22,0
2025021002,2026-03-08,244,8479325,BOS,57.01,1.01,wrist,5v5,0,0,0,0,0,3,32,-1,blocked-shot,19.65,0
2025021002,2026-03-08,245,8481725,PIT,15.52,14.93,backhand,5v5,0,1,0,0,0,3,74,-4,missed-shot,57.01,0
2025021002,2026-03-08,247,8482993,PIT,7.21,33.69,tip-in,5v5,0,0,0,0,0,3,83,4,takeaway,15.65,0
2025021002,2026-03-08,249,8478569,PIT,25.0,73.74,wrist,5v5,0,0,0,0,0,3,82,-24,hit,67.42,0
2025021002,2026-03-08,252,8478854,PIT,60.88,14.26,wrist,5v5,0,0,0,0,0,3,30,15,faceoff,29.73,0
2025021002,2026-03-08,254,8477507,BOS,47.17,32.01,wrist,5v5,0,0,0,0,0,3,49,25,giveaway,40.31,0
2025021002,2026-03-08,255,8480980,PIT,21.63,33.69,backhand,5v5,0,1,0,0,-1,3,71,12,shot-on-goal,47.17,1
2025021002,2026-03-08,257,8477511,PIT,14.76,28.3,backhand,5v5,0,0,0,0,0,3,76,-7,faceoff,89.0,1
2025021002,2026-03-08,268,8478401,BOS,19.24,27.9,wrist,5v5,0,0,0,0,1,3,72,9,hit,16.64,1
2025021002,2026-03-08,270,8482470,PIT,55.23,5.19,wrist,5v5,0,0,0,0,0,3,34,5,faceoff,89.0,0
2025021002,2026-03-08,273,8474578,PIT,33.14,5.19,wrist,5v5,0,0,0,0,0,3,56,-3,giveaway,19.0,0
2025021002,2026-03-08,276,8479591,BOS,20.1,89.71,wrist,5v5,0,0,0,0,0,3,91,20,giveaway,14.87,0
2025021002,2026-03-08,278,8482475,PIT,6.71,63.43,wrist,5v5,0,0,0,0,0,3,86,-6,takeaway,82.3,0
2025021002,2026-03-08,279,8475810,PIT,58.0,0.0,wrist,5v5,0,1,0,0,0,3,31,0,shot-on-goal,6.71,0
2025021002,2026-03-08,283,8478450,PIT,43.74,10.54,wrist,5v5,0,0,0,0,0,3,46,-8,faceoff,72.42,0
2025021002,2026-03-08,284,8477511,PIT,10.05,5.71,backhand,5v5,0,1,0,0,0,3,79,1,shot-on-goal,43.74,1
2025021002,2026-03-08,286,8478042,BOS,37.54,41.76,wrist,5v5,0,0,0,0,0,3,61,-25,faceoff,89.0,0
2025021002,2026-03-08,288,8478042,BOS,11.31,45.0,tip-in,5v5,0,0,0,0,0,3,81,8,giveaway,49.93,0
2025021002,2026-03-08,292,8478569,PIT,29.73,42.27,wrist,5v5,0,0,0,0,0,3,67,-20,hit,45.18,0
2025021002,2026-03-08,293,8480980,PIT,9.43,32.01,backhand,5v5,0,1,0,0,0,3,81,5,shot-on-goal,29.73,0
2025021002,2026-03-08,302,8479325,BOS,51.2,12.41,wrist,5v4,1,0,0,0,0,3,39,-11,faceoff,29.73,0
2025021002,2026-03-08,303,8474578,PIT,40.5,32.91,wrist,4v5,0,1,0,0,0,3,55,-22,shot-on-goal,51.2,0
2025021002,2026-03-08,306,8475810,PIT,5.1,88.85,wrist,4v5,0,0,0,0,0,3,90,-5,giveaway,31.58,0
2025021002,2026-03-08,307,8475810,PIT,15.81,89.62,wrist,4v5,0,1,0,0,0,3,94,-15,shot-on-goal,5.1,0
2025021002,2026-03-08,308,8474578,PIT,9.22,89.18,wrist,4v5,0,1,0,0,0,3,95,-7,missed-shot,15.81,0
2025021002,2026-03-08,309,8479987,BOS,33.02,35.13,wrist,5v4,1,1,0,0,0,3,62,19,missed-shot,9.22,0
2025021002,2026-03-08,320,8482470,PIT,60.93,23.2,slap,5v5,0,0,0,0,0,3,33,-24,hit,61.07,0
2025021002,2026-03-08,321,8478042,BOS,6.4,51.34,tip-in,5v5,0,1,0,0,0,3,85,5,shot-on-goal,60.93,0
2025021002,2026-03-08,323,8482511,BOS,24.76,43.36,wrist,5v5,0,0,0,0,0,3,71,17,hit,24.04,0
2025021002,2026-03-08,327,8477956,BOS,40.36,41.99,wrist,5v5,0,0,0,0,0,3,59,-27,hit,44.28,0
2025021002,2026-03-08,331,8479591,BOS,9.0,89.36,wrist,5v5,0,0,0,0,0,3,89,9,blocked-shot,32.45,0
2025021002,2026-03-08,338,8478438,PIT,21.59,13.39,snap,3v3,0,0,0,0,1,4,68,-5,faceoff,89.0,1
2025021003,2026-03-08,4,8482097,BUF,41.59,62.82,wrist,5v5,0,0,0,0,0,1,70,-37,blocked-shot,12.0,0
2025021003,2026-03-08,11,8480426,TBL,61.0,0.0,snap,5v5,0,0,0,0,0,1,28,0,blocked-shot,40.16,0
2025021003,2026-03-08,20,8478178,TBL,67.6,29.22,slap,5v5,0,0,0,0,0,1,30,-33,giveaway,68.48,0
2025021003,2026-03-08,32,8481524,BUF,7.28,15.95,wrist,5v3,1,0,0,0,0,1,82,-2,takeaway,21.93,0
2025021003,2026-03-08,33,8481524,BUF,7.21,33.69,wrist,5v3,1,1,0,0,0,1,83,4,shot-on-goal,7.28,0
2025021003,2026-03-08,34,8480064,BUF,45.0,0.0,wrist,5v3,1,1,0,0,0,1,44,0,shot-on-goal,7.21,0
2025021003,2026-03-08,40,8475842,BUF,8.06,7.13,deflected,5v5,0,0,0,0,0,1,81,-1,faceoff,29.73,0
2025021003,2026-03-08,44,8482655,TBL,60.67,8.53,slap,5v5,0,0,0,0,0,1,29,9,hit,24.08,0
2025021003,2026-03-08,46,8479542,TBL,28.02,55.18,snap,5v5,0,0,0,0,0,1,73,-23,hit,84.69,0
2025021003,2026-03-08,47,8478519,TBL,6.71,26.57,backhand,5v5,0,1,0,0,0,1,83,-3,missed-shot,28.02,0
2025021003,2026-03-08,52,8482659,BUF,9.49,71.57,wrist,5v4,1,0,0,0,1,1,86,9,faceoff,29.73,1
2025021003,2026-03-08,60,8481524,BUF,55.44,7.25,wrist,5v5,0,0,0,0,0,1,34,-7,faceoff,29.73,0
2025021003,2026-03-08,72,8475167,TBL,47.8,52.65,snap,4v4,0,0,0,0,0,1,60,38,blocked-shot,29.43,0
2025021003,2026-03-08,73,8478519,TBL,7.81,39.81,deflected,4v4,0,1,0,0,0,1,83,-5,shot-on-goal,47.8,0
2025021003,2026-03-08,74,8480891,BUF,44.94,32.28,wrist,4v4,0,1,0,0,0,1,51,24,missed-shot,7.81,0
2025021003,2026-03-08,78,8476453,TBL,23.19,89.75,snap,4v4,0,0,0,0,0,1,92,23,blocked-shot,30.02,0
2025021003,2026-03-08,97,8475722,BUF,47.42,24.94,wrist,5v5,0,0,0,0,0,1,46,20,faceoff,29.73,0
2025021003,2026-03-08,100,8477416,TBL,10.44,73.3,snap,5v5,0,0,0,0,0,1,86,10,faceoff,29.73,0
2025021003,2026-03-08,101,8479420,BUF,44.28,25.41,snap,5v5,0,1,0,0,0,1,49,-19,shot-on-goal,10.44,0
2025021003,2026-03-08,108,8475167,TBL,46.87,11.07,snap,4v4,0,0,0,0,0,1,43,-9,giveaway,64.03,0
2025021003,2026-03-08,118,8477949,BUF,31.14,47.6,wrist,4v5,0,0,0,0,0,1,68,-23,blocked-shot,29.15,0
2025021003,2026-03-08,119,8478010,TBL,17.46,23.63,snap,5v4,1,1,0,0,0,1,73,-7,shot-on-goal,31.14,0
2025021003,2026-03-08,120,8475167,TBL,57.28,16.22,slap,5v4,1,1,0,0,0,1,34,-16,missed-shot,17.46,0
2025021003,2026-03-08,137,8478178,TBL,41.11,18.43,slap,5v5,0,0,0,0,0,2,50,-13,hit,9.9,0
2025021003,2026-03-08,141,8481522,BUF,32.45,56.31,wrist,5v5,0,0,0,0,0,2,71,27,delayed-penalty,89.0,0
2025021003,2026-03-08,142,8480802,BUF,29.07,49.18,wrist,6v5,1,1,0,0,0,2,70,22,shot-on-goal,32.45,0
2025021003,2026-03-08,144,8480807,BUF,11.0,0.0,tip-in,6v5,1,0,0,0,0,2,78,0,hit,44.28,0
2025021003,2026-03-08,148,8479420,BUF,44.82,38.66,slap,5v4,1,0,0,0,0,2,54,28,faceoff,29.73,0
2025021003,2026-03-08,152,8475722,BUF,26.25,49.64,snap,5v4,1,0,0,0,2,2,72,-20,hit,58.83,1
2025021003,2026-03-08,155,8476453,TBL,13.6,17.1,snap,5v5,0,0,0,0,0,2,76,4,hit,88.24,0
2025021003,2026-03-08,158,8482655,TBL,4.0,0.0,backhand,5v5,0,0,0,0,0,2,85,0,faceoff,29.73,0
2025021003,2026-03-08,165,8477949,BUF,10.82,33.69,tip-in,5v4,1,0,0,0,3,2,80,6,faceoff,29.73,1
2025021003,2026-03-08,167,8477949,BUF,31.91,57.8,wrist,5v4,1,0,0,0,0,2,72,-27,faceoff,89.0,0
2025021003,2026-03-08,168,8483500,BUF,42.94,27.76,snap,5v4,1,1,0,0,0,2,51,-20,shot-on-goal,31.91,0
2025021003,2026-03-08,169,8481524,BUF,55.73,9.29,slap,5v4,1,1,0,0,0,2,34,9,missed-shot,42.94,0
2025021003,2026-03-08,173,8470621,TBL,8.06,29.74,backhand,5v5,0,0,0,0,-2,2,82,-4,hit,95.08,1
2025021003,2026-03-08,175,8480802,BUF,28.02,34.82,wrist,5v5,0,0,0,0,0,2,66,16,faceoff,89.0,0
2025021003,2026-03-08,178,8482659,BUF,41.05,34.08,wrist,5v5,0,0,0,0,0,2,55,23,faceoff,29.73,0
2025021003,2026-03-08,179,8476878,TBL,9.06,83.66,backhand,5v5,0,1,0,0,0,2,88,-9,missed-shot,41.05,0
2025021003,2026-03-08,182,8482671,BUF,57.43,35.07,slap,5v5,0,0,0,0,0,2,42,-33,takeaway,83.19,0
2025021003,2026-03-08,183,8479420,BUF,31.24,39.81,wrist,5v5,0,1,0,0,0,2,65,20,missed-shot,57.43,0
2025021003,2026-03-08,190,8480802,BUF,34.13,58.17,wrist,5v5,0,0,0,0,0,2,71,29,giveaway,50.25,0
2025021003,2026-03-08,191,8475722,BUF,9.22,40.6,wrist,5v5,0,1,0,0,0,2,82,6,shot-on-goal,34.13,0
2025021003,2026-03-08,198,8477949,BUF,11.0,0.0,backhand,4v5,0,0,0,0,3,2,78,0,faceoff,29.73,1
2025021003,2026-03-08,200,8478010,TBL,21.02,2.73,snap,5v4,1,0,0,0,0,2,68,1,faceoff,89.0,0
2025021003,2026-03-08,201,8478178,TBL,43.17,13.39,slap,5v4,1,1,0,0,0,2,47,10,missed-shot,21.02,0
2025021003,2026-03-08,203,8477404,TBL,7.62,66.8,snap,5v4,1,0,0,0,0,2,86,-7,blocked-shot,11.66,0
2025021003,2026-03-08,204,8476453,TBL,41.88,33.31,wrist,5v4,1,1,0,0,-2,2,54,-23,shot-on-goal,7.62,1
2025021003,2026-03-08,206,8480426,TBL,32.65,40.03,snap,5v5,0,0,0,0,0,2,64,-21,faceoff,89.0,0
2025021003,2026-03-08,213,8482097,BUF,19.42,34.51,snap,5v5,0,0,0,0,0,2,73,11,giveaway,47.51,0
2025021003,2026-03-08,214,8480807,BUF,55.87,44.27,wrist,5v5,0,1,0,0,0,2,49,39,missed-shot,19.42,0
2025021003,2026-03-08,217,8482655,TBL,32.56,42.51,snap,5v5,0,0,0,0,0,2,65,22,hit,66.03,0
2025021003,2026-03-08,219,8476878,TBL,23.41,19.98,snap,5v5,0,0,0,0,-1,2,67,8,hit,42.94,1
2025021003,2026-03-08,225,8475842,BUF,29.7,45.0,wrist,5v5,0,0,0,0,0,2,68,-21,blocked-shot,38.47,0
2025021003,2026-03-08,234,8482655,TBL,18.11,6.34,wrist,5v5,0,0,0,0,0,2,71,2,takeaway,61.22,1
2025021003,2026-03-08,236,8474151,TBL,64.64,34.92,snap,5v5,0,0,0,0,0,2,36,37,faceoff,89.0,0
2025021003,2026-03-08,242,8475722,BUF,26.91,48.01,wrist,5v5,0,0,0,0,0,2,71,-20,hit,17.46,0
2025021003,2026-03-08,246,8476826,TBL,9.85,23.96,backhand,5v5,0,0,0,0,0,2,80,4,hit,13.93,0
2025021003,2026-03-08,254,8476878,TBL,30.87,65.1,snap,5v5,0,0,0,0,0,3,76,-28,faceoff,89.0,0
2025021003,2026-03-08,257,8476453,TBL,24.08,48.37,snap,5v5,0,0,0,0,1,3,73,-18,hit,45.49,1
2025021003,2026-03-08,260,8479542,TBL,30.07,3.81,snap,5v5,0,0,0,0,0,3,59,2,hit,22.8,0
2025021003,2026-03-08,265,8481524,BUF,57.31,6.01,wrist,5v5,0,0,0,0,0,3,32,6,giveaway,33.02,0
2025021003,2026-03-08,266,8482097,BUF,9.43,57.99,backhand,5v5,0,1,0,0,0,3,84,8,shot-on-goal,57.31,0
2025021003,2026-03-08,267,8475722,BUF,43.74,10.54,wrist,5v5,0,1,0,0,0,3,46,-8,shot-on-goal,9.43,0
2025021003,2026-03-08,269,8482097,BUF,46.87,33.69,slap,5v5,0,0,0,0,0,3,50,-26,hit,50.04,0
2025021003,2026-03-08,274,8479542,TBL,16.03,3.58,snap,5v5,0,0,0,0,0,3,73,1,faceoff,29.73,0
2025021003,2026-03-08,280,8477416,TBL,33.62,30.38,snap,5v5,0,0,0,0,0,3,60,17,faceoff,29.73,0
2025021003,2026-03-08,281,8478010,TBL,8.06,7.13,wrist,5v5,0,1,0,0,2,3,81,1,shot-on-goal,33.62,1
2025021003,2026-03-08,286,8475842,BUF,34.0,28.07,wrist,5v5,0,0,0,0,-1,3,59,-16,hit,83.19,1
2025021003,2026-03-08,290,8480995,TBL,49.0,0.0,slap,5v5,0,0,0,0,0,3,40,0,faceoff,72.42,0
2025021003,2026-03-08,295,8483500,BUF,53.08,3.24,wrist,5v5,0,0,0,0,0,3,36,-3,hit,49.82,0
2025021003,2026-03-08,296,8477949,BUF,57.98,32.32,snap,5v5,0,1,0,0,0,3,40,-31,shot-on-goal,53.08,0
2025021003,2026-03-08,297,8475167,TBL,61.13,15.17,snap,5v5,0,1,0,0,0,3,30,16,missed-shot,57.98,0
2025021003,2026-03-08,304,8478519,TBL,7.07,8.13,tip-in,5v5,0,0,0,0,0,3,82,-1,faceoff,29.73,0
2025021003,2026-03-08,305,8479542,TBL,17.03,40.24,wrist,5v5,0,1,0,0,2,3,76,11,shot-on-goal,7.07,1
2025021003,2026-03-08,307,8475722,BUF,11.66,30.96,wrist,5v5,0,0,0,0,0,3,79,6,faceoff,89.0,0
2025021003,2026-03-08,310,8478178,TBL,64.64,34.92,wrist,5v5,0,0,0,0,0,3,36,-37,faceoff,72.42,0
2025021003,2026-03-08,311,8480839,BUF,13.0,22.62,wrist,5v5,0,1,0,0,-1,3,77,-5,shot-on-goal,64.64,1
2025021003,2026-03-08,313,8482659,BUF,45.97,44.12,wrist,5v5,0,0,0,0,0,3,56,-32,faceoff,89.0,0
2025021003,2026-03-08,314,8482659,BUF,42.01,51.77,wrist,5v5,0,1,0,0,0,3,63,-33,shot-on-goal,45.97,0
2025021003,2026-03-08,315,8480807,BUF,41.04,46.97,snap,5v5,0,1,0,0,0,3,61,30,shot-on-goal,42.01,0
2025021003,2026-03-08,318,8481524,BUF,55.01,1.04,slap,5v5,0,0,0,0,0,3,34,1,faceoff,29.73,0
2025021003,2026-03-08,319,8482097,BUF,18.36,29.36,wrist,5v5,0,1,0,0,0,3,73,-9,shot-on-goal,55.01,0
2025021003,2026-03-08,326,8479542,TBL,40.31,43.99,snap,5v5,0,0,0,0,0,3,60,28,hit,57.49,0
2025021003,2026-03-08,328,8484145,BUF,8.06,7.13,tip-in,5v5,0,0,0,0,0,3,81,1,hit,26.0,0
2025021003,2026-03-08,329,8479420,BUF,44.29,28.3,slap,5v5,0,1,0,0,0,3,50,-21,shot-on-goal,8.06,0
2025021003,2026-03-08,336,8483447,TBL,13.6,17.1,tip-in,5v5,0,0,0,0,0,3,76,-4,hit,56.73,0
2025021003,2026-03-08,337,8475722,BUF,11.0,0.0,backhand,5v5,0,1,0,0,0,3,78,0,shot-on-goal,13.6,1
2025021003,2026-03-08,339,8483500,BUF,10.63,41.19,wrist,5v5,0,0,0,0,0,3,81,-7,faceoff,89.0,0
2025021003,2026-03-08,341,8481524,BUF,8.25,89.28,wrist,5v5,0,0,0,0,0,3,91,-8,delayed-penalty,89.0,0
2025021003,2026-03-08,346,8475722,BUF,5.39,21.8,tip-in,5v4,1,0,0,0,0,3,84,2,giveaway,59.84,0
2025021003,2026-03-08,347,8482659,BUF,7.81,39.81,wrist,5v4,1,1,0,0,1,3,83,-5,missed-shot,5.39,1
2025021003,2026-03-08,350,8478178,TBL,25.5,64.44,snap,5v5,0,0,0,0,0,3,78,-23,hit,24.33,0
2025021003,2026-03-08,353,8476826,TBL,40.11,4.29,snap,5v5,0,0,0,0,0,3,49,-3,blocked-shot,43.05,0
2025021003,2026-03-08,354,8476826,TBL,44.72,63.43,snap,5v5,0,1,0,0,0,3,69,40,shot-on-goal,40.11,0
2025021003,2026-03-08,358,8476453,TBL,50.25,31.16,snap,6v5,1,0,0,0,0,3,46,-26,faceoff,29.73,0
2025021003,2026-03-08,359,8482659,BUF,59.06,28.3,backhand,5v6,0,1,0,1,0,3,37,28,shot-on-goal,50.25,0
2025021003,2026-03-08,360,8478010,TBL,48.17,48.37,snap,6v5,1,1,0,0,0,3,57,36,missed-shot,59.06,0
2025021004,2026-03-08,4,8476882,CHI,41.73,44.03,backhand,5v5,0,0,0,0,0,1,59,-29,giveaway,74.09,0
2025021004,2026-03-08,8,8481581,DAL,59.94,27.85,snap,5v5,0,0,0,0,0,1,36,28,hit,32.14,0
2025021004,2026-03-08,9,8477444,CHI,25.24,33.69,snap,5v5,0,1,0,0,0,1,68,14,shot-on-goal,59.94,0
2025021004,2026-03-08,12,8474574,DAL,55.97,41.38,snap,5v5,0,0,0,0,0,1,47,-37,faceoff,29.73,0
2025021004,2026-03-08,25,8480027,DAL,28.07,4.09,snap,5v5,0,0,0,0,0,1,61,2,faceoff,29.73,0
2025021004,2026-03-08,32,8481806,CHI,50.22,54.73,snap,5v5,0,0,0,0,0,1,60,-41,hit,23.09,0
2025021004,2026-03-08,35,8477479,CHI,8.94,26.57,tip-in,5v5,0,0,0,0,1,1,81,-4,blocked-shot,18.03,1
2025021004,2026-03-08,37,8480036,DAL,47.13,17.28,slap,5v5,0,0,0,0,0,1,44,14,faceoff,89.0,0
2025021004,2026-03-08,40,8475168,DAL,12.65,18.43,tip-in,5v5,0,0,0,0,0,1,77,4,faceoff,29.73,0
2025021004,2026-03-08,43,8483506,CHI,25.5,25.56,snap,5v5,0,0,0,0,2,1,66,-11,hit,74.06,1
2025021004,2026-03-08,48,8476902,DAL,20.62,67.17,snap,5v5,0,0,0,0,0,1,81,19,blocked-shot,6.4,0
2025021004,2026-03-08,52,8477479,CHI,13.6,17.1,between-legs,5v5,0,0,0,0,0,1,76,4,blocked-shot,22.47,0
2025021004,2026-03-08,59,8484829,DAL,18.38,22.38,tip-in,5v4,1,0,0,0,0,1,72,7,giveaway,45.79,0
2025021004,2026-03-08,60,8484829,DAL,3.61,33.69,tip-in,5v4,1,1,0,0,0,1,86,2,missed-shot,18.38,0
2025021004,2026-03-08,61,8484829,DAL,4.24,45.0,backhand,5v4,1,1,0,0,0,1,86,3,shot-on-goal,3.61,0
2025021004,2026-03-08,64,8481581,DAL,41.59,9.69,wrist,5v4,1,0,0,0,0,1,48,-7,faceoff,29.73,0
2025021004,2026-03-08,66,8480840,DAL,11.18,63.43,backhand,5v5,0,0,0,0,0,1,84,-10,hit,37.12,0
2025021004,2026-03-08,67,8479414,DAL,18.03,3.18,tip-in,5v5,0,1,0,0,-1,1,71,-1,shot-on-goal,11.18,1
2025021004,2026-03-08,77,8478233,CHI,16.12,29.74,deflected,5v5,0,0,0,0,0,1,75,-8,blocked-shot,12.17,0
2025021004,2026-03-08,81,8480036,DAL,47.2,36.38,wrist,5v5,0,0,0,0,0,1,51,28,hit,26.68,0
2025021004,2026-03-08,86,8474574,DAL,50.01,11.53,slap,5v5,0,0,0,0,0,1,40,-10,giveaway,33.54,0
2025021004,2026-03-08,89,8481581,DAL,62.64,16.7,snap,5v5,0,0,0,0,0,1,29,18,faceoff,29.73,0
2025021004,2026-03-08,96,8479351,DAL,53.76,43.49,slap,5v5,0,0,0,0,0,2,50,37,blocked-shot,29.55,0
2025021004,2026-03-08,99,8483450,CHI,21.1,31.43,snap,5v5,0,0,0,0,0,2,71,-11,giveaway,82.01,0
2025021004,2026-03-08,109,8473994,DAL,15.65,89.59,snap,5v5,0,0,0,0,0,2,96,14,blocked-shot,20.0,0
2025021004,2026-03-08,115,8480027,DAL,31.4,52.77,snap,5v5,0,0,0,0,0,2,70,-25,faceoff,29.73,0
2025021004,2026-03-08,118,8480027,DAL,34.0,28.07,snap,5v5,0,0,0,0,0,2,59,16,giveaway,62.13,0
2025021004,2026-03-08,120,8477987,CHI,12.81,51.34,tip-in,5v5,0,0,0,0,0,2,81,-10,giveaway,89.44,0
2025021004,2026-03-08,125,8482740,DAL,8.94,26.57,snap,5v4,1,0,0,0,0,2,81,4,faceoff,29.73,0
2025021004,2026-03-08,128,8480036,DAL,33.54,10.3,snap,5v4,1,0,0,0,0,2,56,-6,faceoff,29.73,0
2025021004,2026-03-08,129,8482740,DAL,20.1,5.71,tip-in,5v4,1,1,0,0,0,2,69,2,shot-on-goal,33.54,0
2025021004,2026-03-08,130,8478047,DAL,32.8,52.43,snap,5v5,0,1,0,0,0,2,69,-26,shot-on-goal,20.1,0
2025021004,2026-03-08,141,8480036,DAL,58.31,22.17,wrist,5v5,0,0,0,0,0,2,35,22,faceoff,29.73,0
2025021004,2026-03-08,146,8481806,CHI,62.18,27.8,slap,5v5,0,0,0,0,0,2,34,-29,blocked-shot,20.0,0
2025021004,2026-03-08,148,8477479,CHI,8.94,63.43,deflected,5v5,0,0,0,0,0,2,85,8,blocked-shot,10.0,0
2025021004,2026-03-08,149,8482145,DAL,22.56,12.8,snap,5v5,0,1,0,0,0,2,67,5,missed-shot,8.94,0
2025021004,2026-03-08,150,8476891,CHI,66.04,32.01,snap,5v5,0,1,0,0,0,2,33,35,shot-on-goal,22.56,0
2025021004,2026-03-08,157,8476278,DAL,18.03,3.18,snap,5v5,0,0,0,0,0,2,71,-1,faceoff,72.42,0
2025021004,2026-03-08,159,8476278,DAL,16.03,89.64,snap,5v5,0,0,0,0,0,2,90,16,blocked-shot,4.24,0
2025021004,2026-03-08,164,8482172,CHI,28.02,55.18,backhand,5v5,0,0,0,0,0,2,73,-23,takeaway,45.19,0
2025021004,2026-03-08,165,8483493,CHI,11.18,26.57,snap,5v5,0,1,0,0,0,2,79,-5,shot-on-goal,28.02,0
2025021004,2026-03-08,168,8482176,CHI,72.4,32.59,wrist,5v5,0,0,0,0,0,2,28,39,takeaway,56.64,0
2025021004,2026-03-08,171,8477454,DAL,17.12,6.71,tip-in,5v5,0,0,0,0,0,2,72,-2,faceoff,29.73,0
2025021004,2026-03-08,173,8477987,CHI,44.0,0.0,snap,5v5,0,0,0,0,0,2,45,0,giveaway,48.83,0
2025021004,2026-03-08,174,8477987,CHI,24.7,21.37,snap,5v5,0,1,0,0,0,2,66,9,missed-shot,44.0,0
2025021004,2026-03-08,177,8484144,CHI,15.3,89.62,snap,5v5,0,0,0,0,0,2,92,-15,faceoff,29.73,0
2025021004,2026-03-08,180,8477479,CHI,30.89,29.05,snap,5v5,0,0,0,0,0,2,62,-15,faceoff,29.73,0
2025021004,2026-03-08,187,8482145,DAL,9.22,40.6,backhand,5v5,0,0,0,0,0,3,82,-6,giveaway,3.16,1
2025021004,2026-03-08,191,8479351,DAL,7.21,56.31,tip-in,5v5,0,0,0,0,0,3,85,6,blocked-shot,34.48,0
2025021004,2026-03-08,192,8473994,DAL,25.55,30.58,tip-in,5v5,0,1,0,0,0,3,67,13,shot-on-goal,7.21,0
2025021004,2026-03-08,195,8481581,DAL,64.14,30.96,slap,5v5,0,0,0,0,0,3,34,33,faceoff,72.42,0
2025021004,2026-03-08,196,8483493,CHI,37.48,46.08,snap,5v5,0,1,0,0,0,3,63,-27,missed-shot,64.14,0
2025021004,2026-03-08,200,8484144,CHI,40.36,48.01,slap,5v5,0,0,0,0,0,3,62,30,hit,15.26,0
2025021004,2026-03-08,204,8482145,DAL,29.68,32.62,snap,5v5,0,0,0,0,0,3,64,16,blocked-shot,15.81,0
2025021004,2026-03-08,222,8475168,DAL,17.89,26.57,snap,5v4,1,0,0,0,0,3,73,8,faceoff,29.73,0
2025021004,2026-03-08,227,8484829,DAL,14.87,47.73,snap,5v4,1,0,0,0,0,3,79,11,blocked-shot,14.21,0
2025021004,2026-03-08,228,8484829,DAL,8.06,7.13,backhand,5v4,1,1,0,0,1,3,81,1,shot-on-goal,14.87,1
2025021004,2026-03-08,230,8479414,DAL,20.52,46.97,snap,5v5,0,0,0,0,0,3,75,-15,faceoff,89.0,0
2025021004,2026-03-08,234,8483493,CHI,18.44,49.4,tip-in,5v5,0,0,0,0,0,3,77,-14,blocked-shot,37.16,0
2025021004,2026-03-08,236,8482740,DAL,45.0,0.0,snap,5v5,0,0,0,0,0,3,44,0,giveaway,51.86,0
2025021004,2026-03-08,241,8473994,DAL,15.56,45.0,backhand,5v5,0,0,0,0,0,3,78,-11,hit,44.28,0
2025021004,2026-03-08,244,8482145,DAL,21.59,76.61,snap,5v5,0,0,0,0,0,3,84,-21,giveaway,74.15,0
2025021004,2026-03-08,252,8476882,CHI,24.41,34.99,snap,5v4,1,0,0,0,0,3,69,14,takeaway,34.01,0
2025021004,2026-03-08,253,8477479,CHI,7.28,15.95,tip-in,5v4,1,1,0,0,0,3,82,-2,shot-on-goal,24.41,0
2025021004,2026-03-08,254,8484144,CHI,23.0,0.0,snap,5v4,1,1,0,0,0,3,66,0,shot-on-goal,7.28,0
2025021004,2026-03-08,255,8483506,CHI,49.01,1.17,snap,5v4,1,1,0,0,0,3,40,1,shot-on-goal,23.0,0
2025021004,2026-03-08,256,8483450,CHI,53.71,24.18,snap,5v5,0,1,0,0,0,3,40,22,shot-on-goal,49.01,0
2025021004,2026-03-08,260,8484144,CHI,55.58,8.28,snap,6v5,1,0,0,0,0,3,34,-8,hit,88.1,1
2025021004,2026-03-08,264,8480036,DAL,23.02,87.51,slap,5v5,0,0,0,0,0,3,88,-23,hit,95.27,0
2025021004,2026-03-08,269,8480036,DAL,15.0,36.87,backhand,3v3,0,0,0,0,1,4,77,-9,faceoff,89.0,1
2025021005,2026-03-08,4,8482110,NJD,25.5,48.18,wrist,5v5,0,0,0,0,0,1,72,19,takeaway,8.54,0
2025021005,2026-03-08,7,8482684,NJD,53.14,19.8,wrist,5v5,0,0,0,0,0,1,39,18,faceoff,29.73,0
2025021005,2026-03-08,12,8481721,NJD,47.13,17.28,wrist,5v5,0,0,0,0,0,1,44,-14,takeaway,43.38,0
2025021005,2026-03-08,15,8483495,NJD,73.78,32.83,wrist,5v5,0,0,0,0,0,1,27,-40,hit,22.14,0
2025021005,2026-03-08,16,8475760,NJD,25.5,64.44,snap,5v5,0,1,0,0,0,1,78,-23,shot-on-goal,73.78,0
2025021005,2026-03-08,20,8481542,DET,50.01,1.15,wrist,5v5,0,0,0,0,0,1,39,1,faceoff,29.73,0
2025021005,2026-03-08,23,8479337,DET,40.31,43.99,wrist,5v5,0,0,0,0,0,1,60,-28,hit,18.79,0
2025021005,2026-03-08,24,8481542,DET,69.97,30.96,wrist,5v5,0,1,0,0,1,1,29,-36,shot-on-goal,40.31,1
2025021005,2026-03-08,30,8481721,NJD,80.13,29.12,wrist,5v5,0,0,0,0,0,1,19,39,giveaway,52.0,0
2025021005,2026-03-08,31,8482078,DET,13.89,89.52,wrist,5v5,0,1,0,0,0,1,96,-12,shot-on-goal,80.13,0
2025021005,2026-03-08,32,8482078,DET,7.28,89.18,wrist,5v5,0,1,0,0,0,1,91,-7,missed-shot,13.89,0
2025021005,2026-03-08,33,8482762,DET,24.41,34.99,slap,5v5,0,1,0,0,0,1,69,-14,shot-on-goal,7.28,0
2025021005,2026-03-08,39,8482110,NJD,17.89,63.43,wrist,4v5,0,0,0,0,0,1,81,-16,giveaway,81.3,0
2025021005,2026-03-08,42,8477015,NJD,17.89,26.57,wrist,4v5,0,0,0,0,0,1,73,-8,faceoff,29.73,0
2025021005,2026-03-08,47,8481559,NJD,16.03,89.64,snap,5v5,0,0,0,0,0,1,90,16,blocked-shot,25.3,0
2025021005,2026-03-08,48,8481559,NJD,32.2,53.84,wrist,5v5,0,1,0,0,0,1,70,26,shot-on-goal,16.03,0
2025021005,2026-03-08,51,8480192,NJD,73.25,32.17,wrist,5v5,0,0,0,0,0,1,27,-39,giveaway,27.89,0
2025021005,2026-03-08,59,8481542,DET,46.1,3.73,wrist,5v5,0,0,0,0,0,1,43,-3,blocked-shot,21.47,0
2025021005,2026-03-08,60,8474141,DET,30.68,19.03,snap,5v5,0,1,0,0,0,1,60,-10,missed-shot,46.1,0
2025021005,2026-03-08,65,8481559,NJD,28.32,47.86,wrist,5v4,1,0,0,0,0,1,70,21,faceoff,29.73,0
2025021005,2026-03-08,66,8477015,NJD,6.08,9.46,tip-in,5v4,1,1,0,0,0,1,83,-1,shot-on-goal,28.32,0
2025021005,2026-03-08,67,8481721,NJD,29.73,42.27,snap,5v4,1,1,0,0,0,1,67,20,missed-shot,6.08,0
2025021005,2026-03-08,70,8479992,DET,31.38,22.48,snap,4v4,0,0,0,0,0,1,60,12,faceoff,29.73,0
2025021005,2026-03-08,74,8481542,DET,44.28,6.48,snap,5v4,1,0,0,0,0,1,45,5,hit,82.3,0
2025021005,2026-03-08,77,8474037,DET,11.18,10.3,tip-in,5v4,1,0,0,0,0,1,78,-2,faceoff,29.73,0
2025021005,2026-03-08,78,8474037,DET,9.43,32.01,tip-in,5v4,1,1,0,0,0,1,81,5,missed-shot,11.18,0
2025021005,2026-03-08,79,8481542,DET,51.35,6.71,wrist,5v4,1,1,0,0,0,1,38,-6,missed-shot,9.43,0
2025021005,2026-03-08,81,8478891,DET,65.22,35.64,wrist,5v5,0,0,0,0,0,1,36,-38,takeaway,41.59,0
2025021005,2026-03-08,85,8475279,DET,43.93,41.31,slap,5v5,0,0,0,0,0,1,56,29,hit,43.91,0
2025021005,2026-03-08,87,8482078,DET,19.42,11.89,slap,5v5,0,0,0,0,0,1,70,-4,blocked-shot,37.05,0
2025021005,2026-03-08,88,8483464,DET,27.02,2.12,slap,5v5,0,1,0,0,0,1,62,1,missed-shot,19.42,0
2025021005,2026-03-08,91,8484794,DET,21.02,64.65,wrist,5v5,0,0,0,0,0,1,80,-19,faceoff,72.42,0
2025021005,2026-03-08,92,8482762,DET,20.25,57.09,wrist,5v5,0,1,0,0,0,1,78,17,shot-on-goal,21.02,0
2025021005,2026-03-08,100,8479337,DET,11.05,89.48,wrist,5v5,0,0,0,0,0,2,90,-11,takeaway,68.43,0
2025021005,2026-03-08,104,8476462,NJD,47.17,21.12,slap,5v4,1,0,0,0,0,2,45,17,blocked-shot,22.67,0
2025021005,2026-03-08,109,8476462,NJD,33.84,34.16,wrist,5v4,1,0,0,0,0,2,61,19,blocked-shot,27.46,0
2025021005,2026-03-08,113,8478414,NJD,39.96,58.3,slap,5v5,0,0,0,0,0,2,68,34,faceoff,29.73,0
2025021005,2026-03-08,116,8475455,NJD,58.42,6.88,slap,5v5,0,0,0,0,0,2,31,-7,faceoff,29.73,0
2025021005,2026-03-08,117,8474037,DET,28.16,73.5,snap,5v5,0,1,0,0,0,2,81,27,shot-on-goal,58.42,0
2025021005,2026-03-08,121,8478414,NJD,51.62,44.22,wrist,5v5,0,0,0,0,0,2,52,36,blocked-shot,28.86,0
2025021005,2026-03-08,125,8478891,DET,27.66,40.6,backhand,5v5,0,0,0,0,0,2,68,18,giveaway,48.01,0
2025021005,2026-03-08,126,8477015,NJD,28.0,0.0,snap,5v5,0,1,0,0,0,2,61,0,shot-on-goal,27.66,0
2025021005,2026-03-08,130,8474037,DET,12.04,48.37,tip-in,5v4,1,0,0,0,2,2,81,-9,faceoff,29.73,1
2025021005,2026-03-08,132,8484471,DET,22.85,66.8,wrist,5v5,0,0,0,0,0,2,80,21,faceoff,89.0,0
2025021005,2026-03-08,136,8483495,NJD,53.08,3.24,wrist,5v5,0,0,0,0,0,2,36,-3,blocked-shot,26.31,0
2025021005,2026-03-08,137,8479407,NJD,35.51,32.35,slap,5v5,0,1,0,0,0,2,59,-19,shot-on-goal,53.08,0
2025021005,2026-03-08,140,8481721,NJD,11.18,26.57,deflected,5v5,0,0,0,0,0,2,79,5,blocked-shot,18.44,0
2025021005,2026-03-08,144,8480879,DET,49.74,30.17,wrist,5v5,0,0,0,0,0,2,46,-25,giveaway,54.23,0
2025021005,2026-03-08,150,8481559,NJD,51.0,28.07,wrist,5v5,0,0,0,0,0,2,44,-24,hit,30.27,0
2025021005,2026-03-08,153,8484794,DET,41.48,15.38,snap,5v5,0,0,0,0,0,2,49,-11,hit,11.31,0
2025021005,2026-03-08,156,8484177,NJD,29.68,32.62,snap,5v5,0,0,0,0,0,2,64,-16,hit,97.58,0
2025021005,2026-03-08,158,8481607,DET,37.95,71.57,wrist,5v5,0,0,0,0,0,2,77,36,giveaway,82.0,0
2025021005,2026-03-08,161,8474141,DET,43.14,45.94,wrist,5v5,0,0,0,0,0,2,59,31,faceoff,29.73,0
2025021005,2026-03-08,169,8475760,NJD,62.2,36.5,wrist,4v5,0,0,0,0,0,2,39,-37,giveaway,23.19,0
2025021005,2026-03-08,171,8475753,DET,28.18,27.47,snap,5v4,1,0,0,0,0,2,64,-13,giveaway,86.65,0
2025021005,2026-03-08,175,8475279,DET,68.51,33.69,wrist,5v5,0,0,0,0,0,2,32,38,giveaway,57.69,0
2025021005,2026-03-08,179,8476462,NJD,38.28,56.73,slap,5v5,0,0,0,0,0,2,68,-32,blocked-shot,30.36,0
2025021005,2026-03-08,181,8481032,NJD,9.49,18.43,tip-in,5v5,0,0,0,0,0,2,80,3,giveaway,76.69,0
2025021005,2026-03-08,182,8483495,NJD,35.38,42.71,snap,5v5,0,1,0,0,0,2,63,-24,missed-shot,9.49,0
2025021005,2026-03-08,185,8482110,NJD,11.7,19.98,wrist,5v5,0,0,0,0,0,2,78,4,faceoff,29.73,0
2025021005,2026-03-08,187,8482110,NJD,12.53,61.39,wrist,5v5,0,0,0,0,0,2,83,-11,giveaway,49.5,0
2025021005,2026-03-08,190,8482684,NJD,23.35,80.13,wrist,5v5,0,0,0,0,0,2,85,23,hit,17.0,0
2025021005,2026-03-08,197,8477429,DET,17.69,47.29,backhand,4v4,0,0,0,0,0,3,77,-13,faceoff,89.0,0
2025021005,2026-03-08,200,8475753,DET,58.94,14.74,snap,4v4,0,0,0,0,0,3,32,15,blocked-shot,15.52,0
2025021005,2026-03-08,207,8480192,NJD,51.97,11.09,snap,5v5,0,0,0,0,0,3,38,-10,hit,48.41,0
2025021005,2026-03-08,211,8482684,NJD,56.65,20.67,wrist,5v5,0,0,0,0,0,3,36,20,giveaway,14.87,0
2025021005,2026-03-08,215,8475753,DET,94.24,19.2,backhand,5v5,0,0,0,0,0,3,0,-31,hit,76.85,0
2025021005,2026-03-08,218,8479337,DET,46.24,21.57,snap,5v5,0,0,0,0,0,3,46,17,faceoff,29.73,0
2025021005,2026-03-08,221,8480879,DET,59.64,34.76,wrist,5v5,0,0,0,0,0,3,40,-34,faceoff,29.73,0
2025021005,2026-03-08,225,8480879,DET,59.01,0.97,slap,5v5,0,0,0,0,0,3,30,1,blocked-shot,46.1,0
2025021005,2026-03-08,230,8477015,NJD,25.08,4.57,backhand,5v5,0,0,0,0,0,3,64,-2,faceoff,72.42,0
2025021005,2026-03-08,233,8481559,NJD,24.21,51.71,wrist,5v5,0,0,0,0,0,3,74,19,hit,65.6,0
2025021005,2026-03-08,239,8483495,NJD,43.46,23.03,wrist,5v5,0,0,0,0,0,3,49,-17,blocked-shot,25.61,0
2025021005,2026-03-08,240,8482684,NJD,29.97,25.71,wrist,5v5,0,1,0,0,0,3,62,13,missed-shot,43.46,0
2025021005,2026-03-08,255,8477429,DET,16.0,0.0,tip-in,5v5,0,0,0,0,0,3,73,0,faceoff,29.73,0
2025021005,2026-03-08,259,8476462,NJD,50.61,52.22,wrist,5v5,0,0,0,0,0,3,58,-40,blocked-shot,35.74,0
2025021005,2026-03-08,261,8481542,DET,56.08,3.07,snap,5v5,0,0,0,0,0,3,33,-3,giveaway,64.2,0
2025021005,2026-03-08,262,8479942,DET,15.81,55.3,snap,5v5,0,1,0,0,3,3,80,-13,shot-on-goal,56.08,1
2025021005,2026-03-08,271,8484471,DET,8.06,7.13,backhand,5v5,0,0,0,0,0,3,81,1,giveaway,6.0,0
2025021005,2026-03-08,272,8484471,DET,4.12,14.04,backhand,5v5,0,1,0,0,0,3,85,1,shot-on-goal,8.06,0
2025021005,2026-03-08,277,8479407,NJD,53.85,21.8,wrist,5v5,0,0,0,0,0,3,39,20,faceoff,29.73,0
2025021005,2026-03-08,281,8484177,NJD,50.09,3.43,slap,5v5,0,0,0,0,0,3,39,-3,faceoff,29.73,0
2025021005,2026-03-08,282,8476462,NJD,57.43,35.07,snap,5v5,0,1,0,0,0,3,42,-33,shot-on-goal,50.09,0
2025021005,2026-03-08,289,8477429,DET,14.21,50.71,wrist,5v4,1,0,0,0,0,3,80,11,giveaway,64.41,0
2025021005,2026-03-08,292,8484794,DET,51.09,49.76,wrist,5v5,0,0,0,0,0,3,56,-39,takeaway,81.88,0
2025021005,2026-03-08,295,8482684,NJD,33.42,38.93,slap,5v5,0,0,0,0,0,3,63,-21,blocked-shot,10.0,0
2025021005,2026-03-08,298,8481721,NJD,42.72,16.31,wrist,5v5,0,0,0,0,0,3,48,-12,faceoff,29.73,0
2025021005,2026-03-08,299,8475760,NJD,9.22,49.4,tip-in,5v5,0,1,0,0,0,3,83,7,shot-on-goal,42.72,0
2025021005,2026-03-08,301,8474141,DET,35.81,35.91,wrist,5v5,0,0,0,0,0,3,60,-21,takeaway,33.06,0
2025021006,2026-03-08,2,8476885,ANA,48.01,54.32,snap,5v5,0,0,0,0,0,1,61,-39,faceoff,89.0,0
2025021006,2026-03-08,4,8483516,STL,66.19,26.95,wrist,5v5,0,0,0,0,0,1,30,30,blocked-shot,7.21,0
2025021006,2026-03-08,7,8482803,ANA,26.68,12.99,backhand,5v5,0,0,0,0,0,1,63,6,giveaway,69.12,0
2025021006,2026-03-08,8,8479385,STL,21.21,8.13,wrist,5v5,0,1,0,0,0,1,68,3,shot-on-goal,26.68,0
2025021006,2026-03-08,16,8481605,ANA,55.36,16.8,slap,5v4,1,0,0,0,0,1,36,16,faceoff,29.73,0
2025021006,2026-03-08,17,8484153,ANA,18.6,36.25,snap,5v4,1,1,0,0,0,1,74,11,missed-shot,55.36,0
2025021006,2026-03-08,18,8482090,STL,19.03,89.7,wrist,4v5,0,1,0,0,0,1,90,19,shot-on-goal,18.6,0
2025021006,2026-03-08,20,8482733,STL,41.63,65.9,wrist,4v5,0,0,0,0,0,1,72,38,giveaway,74.3,0
2025021006,2026-03-08,21,8480023,STL,8.06,7.13,wrist,5v5,0,1,0,0,0,1,81,1,shot-on-goal,41.63,0
2025021006,2026-03-08,22,8480023,STL,8.06,7.13,snap,5v5,0,1,0,0,0,1,81,1,shot-on-goal,8.06,0
2025021006,2026-03-08,23,8480023,STL,5.39,21.8,snap,5v5,0,1,0,0,0,1,84,2,shot-on-goal,8.06,0
2025021006,2026-03-08,24,8482089,STL,18.11,6.34,tip-in,5v5,0,1,0,0,0,1,71,-2,shot-on-goal,5.39,0
2025021006,2026-03-08,25,8479385,STL,5.0,53.13,snap,5v5,0,1,0,0,0,1,86,4,missed-shot,18.11,0
2025021006,2026-03-08,30,8482178,ANA,62.61,26.57,slap,5v5,0,0,0,0,0,1,33,-28,faceoff,29.73,0
2025021006,2026-03-08,36,8479385,STL,13.0,22.62,tip-in,5v5,0,0,0,0,0,1,77,-5,faceoff,29.73,0
2025021006,2026-03-08,38,8481006,STL,32.89,19.54,wrist,5v5,0,0,0,0,0,1,58,-11,hit,56.22,0
2025021006,2026-03-08,50,8480023,STL,31.58,10.95,snap,5v4,1,0,0,0,0,1,58,6,faceoff,29.73,0
2025021006,2026-03-08,52,8482077,STL,9.9,45.0,snap,5v4,1,0,0,0,0,1,82,-7,giveaway,47.71,0
2025021006,2026-03-08,56,8482803,ANA,63.51,33.44,wrist,5v5,0,0,0,0,0,1,36,35,hit,29.07,0
2025021006,2026-03-08,57,8477494,STL,33.62,59.62,snap,5v5,0,1,0,0,0,1,72,29,missed-shot,63.51,0
2025021006,2026-03-08,60,8481598,STL,61.98,17.85,snap,5v5,0,0,0,0,0,1,30,-19,faceoff,29.73,0
2025021006,2026-03-08,64,8484153,ANA,13.45,41.99,snap,5v4,1,0,0,0,0,1,79,-9,giveaway,35.01,0
2025021006,2026-03-08,67,8482733,STL,29.15,84.09,snap,4v5,0,0,0,0,0,1,86,29,faceoff,29.73,0
2025021006,2026-03-08,69,8483490,ANA,51.87,19.13,snap,6v5,1,0,0,0,0,1,40,17,delayed-penalty,89.0,0
2025021006,2026-03-08,74,8477402,STL,8.94,63.43,wrist,4v5,0,0,0,0,0,1,85,-8,faceoff,29.73,0
2025021006,2026-03-08,84,8482089,STL,33.24,43.78,snap,5v5,0,0,0,0,0,1,65,23,giveaway,33.11,0
2025021006,2026-03-08,87,8484164,STL,16.12,60.26,backhand,5v5,0,0,0,0,0,1,81,-14,hit,5.39,0
2025021006,2026-03-08,89,8483490,ANA,47.54,14.62,snap,5v5,0,0,0,0,0,1,43,12,takeaway,41.98,0
2025021006,2026-03-08,93,8484762,ANA,58.22,4.93,slap,5v5,0,0,0,0,0,1,31,5,blocked-shot,48.3,0
2025021006,2026-03-08,103,8482516,STL,33.97,47.39,wrist,5v5,0,0,0,0,0,2,66,-25,faceoff,72.42,0
2025021006,2026-03-08,107,8482090,STL,34.66,43.83,snap,5v5,0,0,0,0,0,2,64,24,hit,75.17,0
2025021006,2026-03-08,110,8480068,ANA,38.21,47.12,snap,5v5,0,0,0,0,0,2,63,28,giveaway,62.51,0
2025021006,2026-03-08,111,8482090,STL,54.2,37.5,snap,5v5,0,1,0,0,0,2,46,-33,shot-on-goal,38.21,0
2025021006,2026-03-08,114,8482516,STL,61.72,26.98,slap,5v5,0,0,0,0,0,2,34,-28,faceoff,89.0,0
2025021006,2026-03-08,117,8484164,STL,10.05,5.71,tip-in,5v5,0,0,0,0,0,2,79,1,faceoff,29.73,0
2025021006,2026-03-08,121,8479385,STL,35.85,30.14,snap,5v5,0,0,0,0,1,2,58,-18,blocked-shot,19.7,1
2025021006,2026-03-08,125,8480459,STL,43.14,44.06,wrist,5v5,0,0,0,0,0,2,58,-30,hit,10.44,0
2025021006,2026-03-08,126,8477402,STL,10.3,29.05,backhand,5v5,0,1,0,0,0,2,80,-5,shot-on-goal,43.14,0
2025021006,2026-03-08,132,8479705,ANA,16.4,37.57,tip-in,5v5,0,0,0,0,0,2,76,-10,hit,39.46,0
2025021006,2026-03-08,137,8484762,ANA,38.83,11.89,snap,5v4,1,0,0,0,0,2,51,-8,takeaway,34.01,0
2025021006,2026-03-08,141,8485512,ANA,10.82,33.69,tip-in,5v5,0,0,0,0,0,2,80,-6,faceoff,29.73,0
2025021006,2026-03-08,142,8477527,ANA,14.04,4.09,tip-in,5v5,0,1,0,0,0,2,75,-1,shot-on-goal,10.82,0
2025021006,2026-03-08,143,8485512,ANA,32.65,27.35,tip-in,5v5,0,1,0,0,0,2,60,15,missed-shot,14.04,0
2025021006,2026-03-08,146,8483490,ANA,31.4,37.23,snap,4v5,0,0,0,0,0,2,64,19,faceoff,29.73,0
2025021006,2026-03-08,149,8482077,STL,37.7,21.8,snap,5v4,1,0,0,0,0,2,54,-14,faceoff,29.73,0
2025021006,2026-03-08,150,8482077,STL,42.01,38.23,slap,5v4,1,1,0,0,0,2,56,-26,missed-shot,37.7,0
2025021006,2026-03-08,153,8477494,STL,36.24,39.4,slap,5v4,1,0,0,0,2,2,61,-23,faceoff,29.73,1
2025021006,2026-03-08,158,8481605,ANA,27.66,12.53,snap,5v5,0,0,0,0,0,2,62,6,faceoff,29.73,0
2025021006,2026-03-08,159,8482745,ANA,9.9,45.0,wrist,5v5,0,1,0,0,0,2,82,7,missed-shot,27.66,0
2025021006,2026-03-08,163,8483516,STL,27.02,38.99,snap,5v5,0,0,0,0,3,2,68,-17,hit,87.66,1
2025021006,2026-03-08,168,8476897,STL,41.88,33.31,wrist,5v5,0,0,0,0,0,2,54,-23,giveaway,82.86,0
2025021006,2026-03-08,170,8477402,STL,27.17,6.34,wrist,5v5,0,0,0,0,0,2,62,-3,hit,26.93,0
2025021006,2026-03-08,171,8480459,STL,9.06,6.34,tip-in,5v5,0,1,0,0,0,2,80,1,shot-on-goal,27.17,0
2025021006,2026-03-08,172,8475718,STL,70.33,29.85,snap,5v5,0,1,0,0,0,2,28,-35,missed-shot,9.06,0
2025021006,2026-03-08,173,8480459,STL,17.69,42.71,snap,5v5,0,1,0,0,0,2,76,-12,missed-shot,70.33,0
2025021006,2026-03-08,175,8485512,ANA,8.6,35.54,backhand,5v5,0,0,0,0,0,2,82,-5,giveaway,22.2,0
2025021006,2026-03-08,178,8475462,ANA,24.21,51.71,snap,5v5,0,0,0,0,0,2,74,-19,faceoff,29.73,0
2025021006,2026-03-08,179,8475462,ANA,36.4,69.08,wrist,5v5,0,1,0,0,0,2,76,-34,shot-on-goal,24.21,0
2025021006,2026-03-08,186,8482745,ANA,54.49,47.23,snap,5v5,0,0,0,0,0,2,52,40,hit,67.8,0
2025021006,2026-03-08,189,8475184,ANA,32.0,0.0,snap,5v5,0,0,0,0,0,2,57,0,faceoff,29.73,0
2025021006,2026-03-08,192,8476885,ANA,50.48,33.69,slap,5v5,0,0,0,0,0,2,47,-28,faceoff,29.73,0
2025021006,2026-03-08,202,8484762,ANA,36.01,1.59,snap,4v4,0,0,0,0,0,2,53,1,faceoff,29.73,0
2025021006,2026-03-08,206,8482077,STL,20.0,0.0,slap,4v4,0,0,0,0,0,2,69,0,hit,55.17,0
2025021006,2026-03-08,219,8482089,STL,31.78,12.72,snap,5v5,0,0,0,0,0,3,58,-7,giveaway,57.31,0
2025021006,2026-03-08,223,8475764,STL,58.9,40.18,wrist,5v5,0,0,0,0,0,3,44,38,giveaway,12.08,0
2025021006,2026-03-08,226,8482090,STL,11.18,26.57,tip-in,5v5,0,0,0,0,0,3,79,-5,blocked-shot,58.6,0
2025021006,2026-03-08,227,8476897,STL,29.21,38.05,snap,5v5,0,1,0,0,0,3,66,-18,missed-shot,11.18,0
2025021006,2026-03-08,229,8476897,STL,55.11,11.51,slap,5v5,0,0,0,0,0,3,35,-11,blocked-shot,30.87,0
2025021006,2026-03-08,233,8479705,ANA,51.35,6.71,wrist,5v5,0,0,0,0,0,3,38,6,hit,55.9,0
2025021006,2026-03-08,234,8475462,ANA,41.77,47.91,snap,5v5,0,1,0,0,0,3,61,-31,missed-shot,51.35,0
2025021006,2026-03-08,236,8482077,STL,45.79,31.61,slap,5v5,0,0,0,0,0,3,50,24,blocked-shot,31.83,0
2025021006,2026-03-08,237,8483445,ANA,31.38,30.65,slap,5v5,0,1,0,0,0,3,62,-16,missed-shot,45.79,0
2025021006,2026-03-08,241,8479385,STL,33.29,32.74,wrist,5v5,0,0,0,0,0,3,61,-18,blocked-shot,23.35,0
2025021006,2026-03-08,242,8482803,ANA,34.21,74.74,snap,5v5,0,1,0,0,0,3,80,33,shot-on-goal,33.29,0
2025021006,2026-03-08,243,8485512,ANA,29.07,26.57,tip-in,5v5,0,1,0,0,0,3,63,13,shot-on-goal,34.21,0
2025021006,2026-03-08,244,8484762,ANA,59.48,27.0,wrist,5v5,0,1,0,0,0,3,36,27,missed-shot,29.07,0
2025021006,2026-03-08,250,8484762,ANA,9.85,23.96,tip-in,5v4,1,0,0,0,0,3,80,-4,hit,91.39,0
2025021006,2026-03-08,252,8476885,ANA,58.94,14.74,snap,5v5,0,0,0,0,0,3,32,-15,hit,34.23,0
2025021006,2026-03-08,254,8482089,STL,22.63,45.0,wrist,5v5,0,0,0,0,0,3,73,16,hit,45.97,0
2025021006,2026-03-08,255,8473986,ANA,16.64,32.74,tip-in,5v5,0,1,0,0,0,3,75,-9,shot-on-goal,22.63,0
2025021006,2026-03-08,257,8480068,ANA,52.89,15.35,snap,5v5,0,0,0,0,0,3,38,-14,blocked-shot,27.59,0
2025021006,2026-03-08,258,8483516,STL,24.35,70.82,snap,5v5,0,1,0,0,0,3,81,-23,missed-shot,52.89,0
2025021006,2026-03-08,259,8484164,STL,5.0,53.13,wrist,5v5,0,1,0,0,0,3,86,4,shot-on-goal,24.35,0
2025021006,2026-03-08,262,8482733,STL,63.32,21.3,wrist,5v5,0,0,0,0,0,3,30,23,faceoff,29.73,0
2025021006,2026-03-08,266,8483490,ANA,37.44,34.11,snap,5v5,0,0,0,0,0,3,58,21,hit,24.02,0
2025021006,2026-03-08,275,8483516,STL,34.13,5.04,slap,5v5,0,0,0,0,0,3,55,-3,faceoff,29.73,0
2025021006,2026-03-08,279,8482089,STL,19.0,0.0,snap,5v5,0,0,0,0,0,3,70,0,blocked-shot,21.54,0
2025021006,2026-03-08,281,8479385,STL,28.64,24.78,slap,5v5,0,0,0,0,0,3,63,-12,blocked-shot,17.03,0
2025021006,2026-03-08,284,8485512,ANA,44.78,66.3,wrist,5v5,0,0,0,0,0,3,71,-41,faceoff,29.73,0
2025021006,2026-03-08,288,8475798,ANA,30.61,51.63,snap,6v5,1,0,0,0,0,3,70,24,blocked-shot,37.64,0
2025021006,2026-03-08,291,8483445,ANA,42.15,22.31,snap,6v5,1,0,0,0,0,3,50,16,faceoff,29.73,0
2025021006,2026-03-08,292,8481605,ANA,38.33,15.12,slap,6v5,1,1,0,0,0,3,52,10,missed-shot,42.15,0
2025021006,2026-03-08,293,8482090,STL,74.22,14.04,snap,5v6,0,1,0,1,0,3,17,18,missed-shot,38.33,0
2025021006,2026-03-08,294,8475184,ANA,34.66,43.83,snap,6v5,1,1,0,0,0,3,64,24,missed-shot,74.22,0
2025021006,2026-03-08,299,8480459,STL,57.07,11.11,wrist,5v6,0,0,0,1,4,3,33,11,hit,85.01,1
2025021006,2026-03-08,307,8482178,ANA,63.6,36.69,snap,5v5,0,0,0,0,0,3,38,-38,giveaway,26.48,0
2025021007,2026-03-08,2,8477498,EDM,33.38,81.38,wrist,5v5,0,0,0,0,0,1,84,33,faceoff,89.0,0
2025021007,2026-03-08,8,8476473,EDM,67.12,28.47,slap,5v5,0,0,0,0,0,1,30,-32,giveaway,28.86,0
2025021007,2026-03-08,9,8477953,EDM,30.61,38.37,snap,5v5,0,1,0,0,0,1,65,-19,shot-on-goal,67.12,0
2025021007,2026-03-08,18,8477450,EDM,23.41,19.98,wrist,4v5,0,0,0,0,0,1,67,8,takeaway,58.82,0
2025021007,2026-03-08,21,8476454,EDM,82.76,11.85,wrist,4v5,0,0,0,0,0,1,8,-17,faceoff,29.73,0
2025021007,2026-03-08,26,8480803,EDM,35.78,26.57,snap,5v5,0,0,0,0,0,1,57,16,takeaway,28.44,0
2025021007,2026-03-08,28,8475786,EDM,10.77,21.8,backhand,5v5,0,0,0,0,0,1,79,4,hit,48.27,0
2025021007,2026-03-08,43,8476473,EDM,50.21,44.19,wrist,5v5,0,0,0,0,0,1,53,-35,faceoff,29.73,0
2025021007,2026-03-08,45,8481617,EDM,13.0,67.38,snap,5v5,0,0,0,0,0,1,84,-12,blocked-shot,5.66,0
2025021007,2026-03-08,46,8477447,VGK,60.46,34.22,wrist,5v5,0,1,0,0,0,1,39,-34,missed-shot,13.0,0
2025021007,2026-03-08,47,8475188,VGK,46.69,46.74,slap,5v5,0,1,0,0,0,1,57,34,missed-shot,60.46,0
2025021007,2026-03-08,48,8483890,VGK,8.06,7.13,tip-in,5v5,0,1,0,0,0,1,81,1,missed-shot,46.69,0
2025021007,2026-03-08,54,8478403,VGK,36.07,43.88,wrist,5v5,0,0,0,0,0,1,63,25,hit,57.63,0
2025021007,2026-03-08,55,8477964,VGK,11.66,59.04,deflected,5v5,0,1,0,0,0,1,83,10,shot-on-goal,36.07,0
2025021007,2026-03-08,58,8478396,VGK,62.65,24.52,slap,5v5,0,0,0,0,0,1,32,26,faceoff,29.73,0
2025021007,2026-03-08,64,8481604,VGK,22.36,26.57,tip-in,5v5,0,0,0,0,0,1,69,-10,faceoff,29.73,0
2025021007,2026-03-08,71,8481604,VGK,22.14,18.43,snap,5v5,0,0,0,0,0,1,68,-7,hit,53.76,0
2025021007,2026-03-08,72,8478483,VGK,6.4,51.34,backhand,5v5,0,1,0,0,0,1,85,-5,shot-on-goal,22.14,0
2025021007,2026-03-08,79,8477447,VGK,54.82,38.33,wrist,5v5,0,0,0,0,0,1,46,-34,faceoff,29.73,0
2025021007,2026-03-08,81,8476881,VGK,24.19,7.13,tip-in,5v5,0,0,0,0,0,1,65,3,blocked-shot,38.08,0
2025021007,2026-03-08,82,8482062,VGK,11.66,30.96,tip-in,5v5,0,1,0,0,0,1,79,6,shot-on-goal,24.19,0
2025021007,2026-03-08,83,8476438,VGK,25.96,15.64,tip-in,5v5,0,1,0,0,0,1,64,-7,missed-shot,11.66,0
2025021007,2026-03-08,85,8475786,EDM,21.21,81.87,wrist,5v5,0,0,0,0,0,1,86,-21,giveaway,86.31,0
2025021007,2026-03-08,86,8478402,EDM,13.6,17.1,backhand,5v5,0,1,0,0,0,1,76,-4,missed-shot,21.21,0
2025021007,2026-03-08,89,8481604,VGK,48.47,21.8,slap,5v5,0,0,0,0,0,1,44,18,blocked-shot,29.41,0
2025021007,2026-03-08,90,8478013,EDM,14.87,89.59,wrist,5v5,0,1,0,0,0,1,94,14,missed-shot,48.47,0
2025021007,2026-03-08,92,8475188,VGK,40.61,38.0,slap,5v5,0,0,0,0,0,1,57,-25,hit,6.0,0
2025021007,2026-03-08,97,8477498,EDM,49.25,5.83,wrist,5v5,0,0,0,0,0,1,40,-5,hit,58.08,0
2025021007,2026-03-08,100,8478458,EDM,7.07,8.13,backhand,5v5,0,0,0,0,0,1,82,-1,blocked-shot,11.7,0
2025021007,2026-03-08,103,8477964,VGK,30.81,54.25,snap,5v5,0,0,0,0,0,1,71,25,faceoff,29.73,0
2025021007,2026-03-08,111,8478483,VGK,26.4,37.3,wrist,5v5,0,0,0,0,0,2,68,-16,blocked-shot,45.69,0
2025021007,2026-03-08,116,8478403,VGK,21.26,48.81,snap,5v5,0,0,0,0,0,2,75,16,blocked-shot,14.87,0
2025021007,2026-03-08,117,8483890,VGK,7.21,33.69,wrist,5v5,0,1,0,0,0,2,83,4,shot-on-goal,21.26,0
2025021007,2026-03-08,118,8476454,EDM,26.25,72.26,wrist,5v5,0,1,0,0,0,2,81,-25,shot-on-goal,7.21,0
2025021007,2026-03-08,122,8482703,EDM,5.66,45.0,deflected,5v5,0,0,0,0,0,2,85,-4,blocked-shot,10.82,0
2025021007,2026-03-08,123,8479365,EDM,5.0,0.0,snap,5v5,0,1,0,0,0,2,84,0,missed-shot,5.66,0
2025021007,2026-03-08,124,8479365,EDM,5.39,21.8,wrist,5v5,0,1,0,0,1,2,84,-2,shot-on-goal,5.0,1
2025021007,2026-03-08,128,8476925,VGK,31.06,33.18,tip-in,5v5,0,0,0,0,0,2,63,-17,faceoff,89.0,0
2025021007,2026-03-08,129,8482062,VGK,10.63,48.81,backhand,5v5,0,1,0,0,0,2,82,-8,shot-on-goal,31.06,0
2025021007,2026-03-08,138,8480834,EDM,47.43,55.3,wrist,5v5,0,0,0,0,0,2,62,-39,blocked-shot,7.21,0
2025021007,2026-03-08,141,8479365,EDM,23.85,33.02,tip-in,5v5,0,0,0,0,0,2,69,-13,faceoff,29.73,0
2025021007,2026-03-08,154,8476454,EDM,11.7,19.98,tip-in,5v5,0,0,0,0,0,2,78,-4,hit,17.09,0
2025021007,2026-03-08,159,8478434,VGK,8.49,45.0,backhand,5v5,0,0,0,0,0,2,83,6,faceoff,29.73,0
2025021007,2026-03-08,160,8475188,VGK,39.0,67.38,wrist,5v5,0,1,0,0,0,2,74,36,missed-shot,8.49,0
2025021007,2026-03-08,161,8475786,EDM,23.0,0.0,backhand,5v5,0,1,0,0,0,2,66,0,missed-shot,39.0,0
2025021007,2026-03-08,162,8477447,VGK,59.21,4.84,snap,5v5,0,1,0,0,0,2,30,-5,missed-shot,23.0,0
2025021007,2026-03-08,166,8478403,VGK,29.55,66.04,wrist,5v4,1,0,0,0,0,2,77,27,faceoff,29.73,0
2025021007,2026-03-08,167,8481604,VGK,30.02,29.98,wrist,5v4,1,1,0,0,0,2,63,-15,shot-on-goal,29.55,0
2025021007,2026-03-08,169,8476881,VGK,19.1,47.12,wrist,5v4,1,0,0,0,0,2,76,-14,takeaway,38.01,0
2025021007,2026-03-08,172,8478396,VGK,56.61,17.47,snap,5v5,0,0,0,0,0,2,35,-17,faceoff,72.42,1
2025021007,2026-03-08,174,8475343,VGK,31.62,18.43,deflected,5v5,0,0,0,0,0,2,59,10,faceoff,89.0,0
2025021007,2026-03-08,180,8477964,VGK,14.32,24.78,wrist,5v5,0,0,0,0,0,2,76,6,blocked-shot,23.77,0
2025021007,2026-03-08,187,8478403,VGK,38.33,7.5,wrist,5v5,0,0,0,0,0,2,51,-5,blocked-shot,27.86,0
2025021007,2026-03-08,191,8481604,VGK,33.29,57.26,snap,5v5,0,0,0,0,0,2,71,28,hit,39.96,0
2025021007,2026-03-08,194,8481604,VGK,14.0,89.59,bat,5v5,0,0,0,0,0,2,89,14,faceoff,29.73,0
2025021007,2026-03-08,195,8476881,VGK,7.07,45.0,wrist,5v5,0,1,0,0,0,2,84,-5,missed-shot,14.0,0
2025021007,2026-03-08,196,8478397,VGK,58.01,35.88,slap,5v5,0,1,0,0,0,2,42,-34,missed-shot,7.07,0
2025021007,2026-03-08,204,8477953,EDM,33.53,17.35,wrist,5v5,0,0,0,0,0,3,57,10,hit,17.89,0
2025021007,2026-03-08,207,8480803,EDM,65.19,20.66,slap,5v5,0,0,0,0,0,3,28,-23,faceoff,29.73,0
2025021007,2026-03-08,209,8483890,VGK,42.94,27.76,snap,5v5,0,0,0,0,0,3,51,-20,giveaway,66.71,0
2025021007,2026-03-08,210,8478396,VGK,64.82,38.11,wrist,5v5,0,1,0,0,0,3,38,40,shot-on-goal,42.94,0
2025021007,2026-03-08,215,8481617,EDM,39.2,5.86,wrist,5v5,0,0,0,0,1,3,50,4,delayed-penalty,89.0,1
2025021007,2026-03-08,226,8477447,VGK,92.11,20.99,wrist,5v5,0,0,0,0,0,3,3,33,hit,31.78,0
2025021007,2026-03-08,228,8478397,VGK,41.59,62.82,wrist,5v5,0,0,0,0,0,3,70,-37,hit,11.18,0
2025021007,2026-03-08,232,8482703,EDM,10.82,33.69,tip-in,5v5,0,0,0,0,0,3,80,6,hit,68.8,0
2025021007,2026-03-08,244,8475343,VGK,6.08,9.46,tip-in,5v5,0,0,0,0,0,3,83,1,faceoff,29.73,0
2025021007,2026-03-08,250,8477447,VGK,43.97,17.2,wrist,5v5,0,0,0,0,0,3,47,-13,blocked-shot,16.28,0
2025021007,2026-03-08,256,8478402,EDM,29.0,0.0,wrist,4v4,0,0,0,0,0,3,60,0,faceoff,29.73,0
2025021007,2026-03-08,258,8477934,EDM,13.42,26.57,backhand,4v4,0,0,0,0,2,3,77,6,giveaway,36.06,1
2025021007,2026-03-08,260,8477447,VGK,30.53,58.39,wrist,4v4,0,0,0,0,0,3,73,26,faceoff,89.0,0
2025021007,2026-03-08,263,8477934,EDM,6.71,63.43,tip-in,4v4,0,0,0,0,0,3,86,-6,faceoff,29.73,0
2025021007,2026-03-08,264,8477934,EDM,4.47,88.57,backhand,4v4,0,1,0,0,0,3,91,4,missed-shot,6.71,0
2025021007,2026-03-08,265,8481604,VGK,42.64,39.29,wrist,4v4,0,1,0,0,0,3,56,-27,missed-shot,4.47,0
2025021007,2026-03-08,266,8483890,VGK,35.9,12.88,wrist,5v5,0,1,0,0,0,3,54,-8,shot-on-goal,42.64,0
2025021007,2026-03-08,284,8477934,EDM,8.06,29.74,backhand,5v5,0,0,0,0,0,3,82,-4,faceoff,29.73,0
2025021007,2026-03-08,288,8476454,EDM,32.02,38.66,snap,5v4,1,0,0,0,0,3,64,20,faceoff,29.73,0
2025021007,2026-03-08,289,8478402,EDM,10.2,89.43,wrist,5v4,1,1,0,0,0,3,91,10,shot-on-goal,32.02,0
2025021007,2026-03-08,291,8478403,VGK,20.0,36.87,wrist,4v5,0,0,0,0,-1,3,73,-12,giveaway,20.25,1
2025021007,2026-03-08,298,8477953,EDM,27.02,2.12,wrist,5v6,0,0,0,1,2,3,62,-1,blocked-shot,38.08,1
2025021007,2026-03-08,303,8476881,VGK,22.2,7.77,backhand,5v5,0,0,0,0,0,3,67,-3,faceoff,89.0,0
2025020828,2026-03-09,5,8479675,LAK,23.19,89.75,wrist,4v5,0,0,0,0,0,1,92,-23,faceoff,29.73,0
2025020828,2026-03-09,6,8480893,CBJ,9.06,6.34,wrap-around,5v4,1,1,0,0,0,1,80,-1,shot-on-goal,23.19,0
2025020828,2026-03-09,7,8480893,CBJ,7.81,50.19,wrist,5v4,1,1,0,0,0,1,84,6,shot-on-goal,9.06,0
2025020828,2026-03-09,8,8478460,CBJ,71.2,29.45,wrist,5v4,1,1,0,0,0,1,27,35,missed-shot,7.81,0
2025020828,2026-03-09,10,8482660,CBJ,22.36,10.3,tip-in,5v4,1,0,0,0,0,1,67,4,giveaway,85.42,0
2025020828,2026-03-09,11,8482660,CBJ,15.65,26.57,wrist,5v4,1,1,0,0,0,1,75,7,missed-shot,22.36,0
2025020828,2026-03-09,14,8478460,CBJ,43.01,35.54,slap,5v4,1,0,0,0,0,1,54,-25,faceoff,29.73,0
2025020828,2026-03-09,15,8480893,CBJ,40.46,39.99,slap,5v4,1,1,0,0,0,1,58,26,shot-on-goal,43.01,0
2025020828,2026-03-09,18,8478975,CBJ,31.06,33.18,slap,5v4,1,0,0,0,0,1,63,-17,faceoff,29.73,0
2025020828,2026-03-09,19,8482660,CBJ,30.53,58.39,slap,5v4,1,1,0,0,0,1,73,-26,shot-on-goal,31.06,0
2025020828,2026-03-09,24,8477960,LAK,41.79,21.04,slap,5v5,0,0,0,0,0,1,50,-15,takeaway,53.91,0
2025020828,2026-03-09,25,8471685,LAK,15.0,0.0,wrist,5v5,0,1,0,0,0,1,74,0,shot-on-goal,41.79,0
2025020828,2026-03-09,26,8479671,CBJ,40.46,39.99,snap,5v5,0,1,0,0,0,1,58,26,missed-shot,15.0,0
2025020828,2026-03-09,27,8479371,CBJ,54.71,18.1,wrist,5v5,0,1,0,0,0,1,37,17,shot-on-goal,40.46,0
2025020828,2026-03-09,28,8475790,CBJ,58.26,39.43,wrist,5v5,0,1,0,0,0,1,44,-37,shot-on-goal,54.71,0
2025020828,2026-03-09,36,8480893,CBJ,33.97,47.39,snap,5v5,0,0,0,0,0,1,66,-25,hit,58.0,0
2025020828,2026-03-09,37,8476872,LAK,6.71,26.57,snap,5v5,0,1,0,0,1,1,83,3,shot-on-goal,33.97,1
2025020828,2026-03-09,39,8478500,CBJ,55.08,15.8,slap,5v5,0,0,0,0,0,1,36,15,faceoff,89.0,0
2025020828,2026-03-09,42,8482660,CBJ,65.51,31.26,slap,5v5,0,0,0,0,0,1,33,34,hit,97.58,0
2025020828,2026-03-09,43,8475790,CBJ,58.31,22.17,slap,5v5,0,1,0,0,0,1,35,-22,shot-on-goal,65.51,0
2025020828,2026-03-09,46,8474563,LAK,59.06,28.3,slap,5v5,0,0,0,0,0,1,37,-28,faceoff,29.73,0
2025020828,2026-03-09,47,8479998,LAK,13.04,32.47,tip-in,5v5,0,1,0,0,0,1,78,-7,shot-on-goal,59.06,0
2025020828,2026-03-09,51,8479675,LAK,43.14,44.06,snap,5v5,0,0,0,0,0,1,58,-30,blocked-shot,28.64,0
2025020828,2026-03-09,52,8482155,LAK,53.37,12.99,slap,5v5,0,1,0,0,0,1,37,12,shot-on-goal,43.14,0
2025020828,2026-03-09,53,8476432,CBJ,40.52,15.75,snap,5v5,0,1,0,0,0,1,50,-11,missed-shot,53.37,0
2025020828,2026-03-09,57,8475208,LAK,31.14,42.4,snap,5v5,0,0,0,0,0,1,66,21,faceoff,29.73,0
2025020828,2026-03-09,58,8478460,CBJ,42.54,66.45,wrist,5v5,0,1,0,0,0,1,72,-39,shot-on-goal,31.14,0
2025020828,2026-03-09,61,8478550,LAK,36.69,17.45,wrist,5v5,0,0,0,0,2,1,54,11,giveaway,14.87,1
2025020828,2026-03-09,80,8477497,CBJ,12.17,9.46,tip-in,5v5,0,0,0,0,0,1,77,-2,blocked-shot,19.1,0
2025020828,2026-03-09,81,8478856,CBJ,15.81,71.57,wrist,5v5,0,1,0,0,-1,1,84,-15,shot-on-goal,12.17,1
2025020828,2026-03-09,88,8476923,CBJ,58.31,30.96,tip-in,5v5,0,0,0,0,0,1,39,-30,hit,38.28,0
2025020828,2026-03-09,106,8482730,LAK,54.08,3.18,wrist,5v5,0,0,0,0,0,2,35,3,hit,34.01,0
2025020828,2026-03-09,113,8481532,LAK,18.6,36.25,tip-in,5v5,0,0,0,0,0,2,74,11,blocked-shot,52.15,0
2025020828,2026-03-09,114,8476432,CBJ,40.31,60.26,wrist,5v5,0,1,0,0,0,2,69,35,missed-shot,18.6,0
2025020828,2026-03-09,121,8479371,CBJ,63.16,23.32,wrist,5v5,0,0,0,0,0,2,31,-25,faceoff,29.73,0
2025020828,2026-03-09,125,8480893,CBJ,33.06,3.47,snap,5v5,0,0,0,0,0,2,56,-2,giveaway,73.82,0
2025020828,2026-03-09,127,8482155,LAK,82.73,26.57,wrist,5v5,0,0,0,0,0,2,15,-37,giveaway,69.97,0
2025020828,2026-03-09,134,8477960,LAK,45.88,20.41,snap,5v4,1,0,0,0,0,2,46,-16,blocked-shot,21.93,0
2025020828,2026-03-09,135,8482155,LAK,12.37,14.04,tip-in,5v4,1,1,0,0,0,2,77,3,missed-shot,45.88,0
2025020828,2026-03-09,136,8477960,LAK,9.9,45.0,wrist,5v4,1,1,0,0,0,2,82,-7,missed-shot,12.37,0
2025020828,2026-03-09,137,8478550,LAK,21.95,30.07,snap,5v4,1,1,0,0,0,2,70,-11,shot-on-goal,9.9,0
2025020828,2026-03-09,139,8483406,LAK,47.63,39.04,slap,5v4,1,0,0,0,0,2,52,30,blocked-shot,20.4,0
2025020828,2026-03-09,140,8475208,LAK,63.6,16.44,wrist,5v5,0,1,0,0,0,2,28,18,missed-shot,47.63,0
2025020828,2026-03-09,144,8478460,CBJ,45.18,27.7,slap,5v4,1,0,0,0,0,2,49,-21,faceoff,29.73,0
2025020828,2026-03-09,145,8482155,LAK,60.31,40.29,wrist,4v5,0,1,0,0,0,2,43,39,missed-shot,45.18,0
2025020828,2026-03-09,148,8478500,CBJ,58.05,10.92,slap,5v4,1,0,0,0,0,2,32,-11,giveaway,16.4,0
2025020828,2026-03-09,149,8476923,CBJ,47.17,32.01,slap,5v4,1,1,0,0,0,2,49,25,missed-shot,58.05,0
2025020828,2026-03-09,150,8482660,CBJ,28.3,32.01,wrist,5v5,0,1,0,0,0,2,65,-15,shot-on-goal,47.17,0
2025020828,2026-03-09,153,8476441,LAK,69.86,23.63,slap,5v5,0,0,0,0,0,2,25,28,faceoff,29.73,0
2025020828,2026-03-09,161,8483485,CBJ,37.7,68.2,backhand,5v5,0,0,0,0,0,2,75,-35,faceoff,29.73,1
2025020828,2026-03-09,168,8482124,LAK,19.85,40.91,wrist,5v5,0,0,0,0,0,2,74,13,takeaway,76.06,0
2025020828,2026-03-09,171,8478856,CBJ,24.76,46.64,snap,5v5,0,0,0,0,1,2,72,-18,faceoff,29.73,1
2025020828,2026-03-09,173,8481532,LAK,16.76,17.35,tip-in,5v5,0,0,0,0,0,2,73,5,faceoff,89.0,0
2025020828,2026-03-09,177,8471685,LAK,8.54,20.56,wrist,5v5,0,0,0,0,0,2,81,3,giveaway,88.07,0
2025020828,2026-03-09,178,8471685,LAK,8.49,45.0,wrist,5v5,0,1,0,0,0,2,83,6,shot-on-goal,8.54,0
2025020828,2026-03-09,179,8476879,LAK,43.97,17.2,slap,5v5,0,1,0,0,0,2,47,-13,missed-shot,8.49,0
2025020828,2026-03-09,181,8471685,LAK,5.0,0.0,deflected,5v5,0,0,0,0,0,2,84,0,blocked-shot,10.63,0
2025020828,2026-03-09,182,8477960,LAK,12.81,38.66,snap,5v5,0,1,0,0,0,2,79,-8,shot-on-goal,5.0,1
2025020828,2026-03-09,190,8479675,LAK,7.07,45.0,tip-in,5v5,0,0,0,0,0,2,84,5,faceoff,89.0,0
2025020828,2026-03-09,196,8476441,LAK,53.04,2.16,slap,5v5,0,0,0,0,0,2,36,-2,faceoff,29.73,0
2025020828,2026-03-09,202,8476872,LAK,14.76,28.3,deflected,5v5,0,0,0,0,0,2,76,-7,faceoff,29.73,0
2025020828,2026-03-09,210,8479675,LAK,23.6,53.62,wrist,5v5,0,0,0,0,0,2,75,19,faceoff,72.42,0
2025020828,2026-03-09,218,8482730,LAK,59.41,6.77,snap,5v5,0,0,0,0,0,2,30,-7,hit,31.02,0
2025020828,2026-03-09,219,8478550,LAK,55.17,43.53,wrist,5v5,0,1,0,0,0,2,49,-38,missed-shot,59.41,0
2025020828,2026-03-09,222,8474563,LAK,70.33,29.85,wrist,5v5,0,0,0,0,0,2,28,-35,faceoff,29.73,0
2025020828,2026-03-09,231,8471685,LAK,32.57,17.88,wrist,5v4,1,0,0,0,0,3,58,10,faceoff,89.0,0
2025020828,2026-03-09,234,8471685,LAK,41.19,5.57,snap,5v4,1,0,0,0,0,3,48,-4,faceoff,29.73,0
2025020828,2026-03-09,237,8482124,LAK,40.31,46.01,snap,5v4,1,0,0,0,0,3,61,-29,faceoff,29.73,0
2025020828,2026-03-09,239,8482730,LAK,58.01,35.88,snap,5v4,1,0,0,0,0,3,42,34,blocked-shot,24.04,0
2025020828,2026-03-09,248,8476441,LAK,52.2,20.17,slap,5v5,0,0,0,0,0,3,40,18,giveaway,80.13,0
2025020828,2026-03-09,251,8482660,CBJ,44.55,45.91,snap,5v5,0,0,0,0,0,3,58,-32,faceoff,29.73,0
2025020828,2026-03-09,254,8477497,CBJ,93.98,20.56,wrist,5v5,0,0,0,0,0,3,1,33,blocked-shot,13.15,0
2025020828,2026-03-09,257,8480806,CBJ,18.6,36.25,tip-in,5v5,0,0,0,0,0,3,74,-11,giveaway,40.31,0
2025020828,2026-03-09,260,8478500,CBJ,62.63,19.59,wrist,5v5,0,0,0,0,0,3,30,-21,faceoff,29.73,0
2025020828,2026-03-09,265,8476923,CBJ,56.46,22.93,wrist,5v5,0,0,0,0,0,3,37,22,blocked-shot,16.28,0
2025020828,2026-03-09,266,8478856,CBJ,41.18,60.95,wrist,5v5,0,1,0,0,0,3,69,-36,missed-shot,56.46,0
2025020828,2026-03-09,275,8482124,LAK,34.21,52.13,snap,5v5,0,0,0,0,0,3,68,27,blocked-shot,30.59,0
2025020828,2026-03-09,278,8476879,LAK,59.48,27.0,wrist,5v5,0,0,0,0,0,3,36,-27,faceoff,29.73,0
2025020828,2026-03-09,281,8475208,LAK,60.44,16.34,snap,5v5,0,0,0,0,0,3,31,17,faceoff,29.73,0
2025020828,2026-03-09,285,8475208,LAK,27.51,19.09,snap,5v5,0,0,0,0,1,3,63,9,hit,12.04,1
2025020828,2026-03-09,289,8476923,CBJ,51.89,25.08,slap,5v5,0,0,0,0,0,3,42,-22,takeaway,30.0,0
2025020828,2026-03-09,297,8480806,CBJ,35.81,54.09,wrist,4v5,0,0,0,0,0,3,68,29,faceoff,29.73,0
2025020828,2026-03-09,302,8481532,LAK,7.21,56.31,backhand,5v5,0,0,0,0,0,3,85,6,giveaway,10.82,0
2025020828,2026-03-09,310,8484166,CBJ,40.5,20.22,snap,5v5,0,0,0,0,0,3,51,-14,delayed-penalty,89.0,0
2025020828,2026-03-09,315,8478460,CBJ,53.16,16.39,slap,5v4,1,0,0,0,0,3,38,-15,hit,63.41,0
2025020828,2026-03-09,318,8480893,CBJ,39.41,35.71,slap,5v4,1,0,0,0,0,3,57,23,faceoff,29.73,0
2025020828,2026-03-09,321,8480893,CBJ,32.02,38.66,snap,5v4,1,0,0,0,0,3,64,20,faceoff,29.73,1
2025020828,2026-03-09,325,8478550,LAK,33.11,64.98,slap,5v5,0,0,0,0,0,3,75,30,faceoff,29.73,0
2025020828,2026-03-09,331,8477960,LAK,36.8,42.8,slap,3v3,0,0,0,0,0,4,62,-25,faceoff,89.0,0
2025020828,2026-03-09,332,8482124,LAK,33.24,46.22,slap,3v3,0,1,0,0,0,4,66,-24,shot-on-goal,36.8,0
2025020828,2026-03-09,333,8477960,LAK,42.19,31.43,slap,3v3,0,1,0,0,1,4,53,22,missed-shot,33.24,1
2025021008,2026-03-09,5,8481525,NYR,68.8,32.54,slap,5v5,0,0,0,0,0,1,31,37,hit,40.26,0
2025021008,2026-03-09,6,8483690,NYR,9.06,6.34,wrist,5v5,0,1,0,0,1,1,80,-1,shot-on-goal,68.8,1
2025021008,2026-03-09,8,8479336,PHI,30.36,17.24,snap,5v5,0,0,0,0,0,1,60,9,faceoff,89.0,0
2025021008,2026-03-09,12,8478454,PHI,65.0,22.62,snap,5v5,0,0,0,0,0,1,29,-25,hit,12.53,0
2025021008,2026-03-09,27,8482109,NYR,29.73,42.27,snap,5v5,0,0,0,0,0,1,67,-20,hit,51.86,0
2025021008,2026-03-09,28,8476459,NYR,16.28,10.62,wrist,5v5,0,1,0,0,0,1,73,-3,shot-on-goal,29.73,0
2025021008,2026-03-09,29,8482073,NYR,51.74,48.92,wrist,5v5,0,1,0,0,0,1,55,-39,shot-on-goal,16.28,0
2025021008,2026-03-09,30,8478439,PHI,14.14,8.13,wrist,5v5,0,1,0,0,0,1,75,2,shot-on-goal,51.74,0
2025021008,2026-03-09,36,8476372,PHI,58.14,26.57,wrist,5v5,0,0,0,0,0,1,37,26,faceoff,72.42,0
2025021008,2026-03-09,44,8481789,NYR,44.41,7.77,wrist,5v5,0,0,0,0,0,1,45,6,hit,32.02,0
2025021008,2026-03-09,47,8482109,NYR,29.83,50.44,slap,5v5,0,0,0,0,0,1,70,-23,faceoff,29.73,0
2025021008,2026-03-09,52,8477499,PHI,35.23,34.59,wrist,5v5,0,0,0,0,0,1,60,-20,faceoff,29.73,0
2025021008,2026-03-09,53,8479336,PHI,8.06,82.87,wrist,5v5,0,1,0,0,0,1,88,8,shot-on-goal,35.23,0
2025021008,2026-03-09,60,8483731,PHI,40.05,2.86,snap,5v5,0,0,0,0,0,1,49,2,faceoff,29.73,0
2025021008,2026-03-09,61,8481546,PHI,46.1,65.66,snap,5v5,0,1,0,0,0,1,70,-42,shot-on-goal,40.05,0
2025021008,2026-03-09,63,8480015,PHI,19.42,34.51,snap,5v5,0,0,0,0,0,1,73,11,hit,18.25,0
2025021008,2026-03-09,73,8476459,NYR,23.35,9.87,snap,5v5,0,0,0,0,2,1,66,4,hit,13.6,1
2025021008,2026-03-09,75,8483731,PHI,45.0,36.87,snap,5v5,0,0,0,0,0,1,53,27,faceoff,89.0,0
2025021008,2026-03-09,76,8482877,NYR,45.28,46.79,wrist,5v5,0,1,0,0,0,1,58,-33,missed-shot,45.0,0
2025021008,2026-03-09,84,8477839,NYR,37.59,28.61,wrist,5v4,1,0,0,0,0,1,56,18,hit,66.4,0
2025021008,2026-03-09,91,8481533,PHI,43.01,35.54,slap,5v4,1,0,0,0,0,1,54,25,faceoff,29.73,0
2025021008,2026-03-09,92,8482142,PHI,41.98,12.38,snap,5v4,1,1,0,0,0,1,48,9,shot-on-goal,43.01,0
2025021008,2026-03-09,96,8482109,NYR,8.0,0.0,tip-in,5v4,1,0,0,0,0,1,81,0,faceoff,29.73,0
2025021008,2026-03-09,98,8476389,NYR,25.63,20.56,snap,5v4,1,0,0,0,0,1,65,-9,giveaway,10.82,0
2025021008,2026-03-09,99,8482109,NYR,24.33,9.46,slap,5v4,1,1,0,0,3,1,65,4,shot-on-goal,25.63,1
2025021008,2026-03-09,106,8480015,PHI,21.02,25.35,backhand,5v5,0,0,0,0,0,2,70,9,giveaway,83.26,0
2025021008,2026-03-09,109,8484387,PHI,58.08,2.96,wrist,5v5,0,0,0,0,0,2,31,3,faceoff,29.73,0
2025021008,2026-03-09,112,8478882,NYR,59.91,14.5,wrist,5v5,0,0,0,0,0,2,31,15,faceoff,29.73,0
2025021008,2026-03-09,118,8476372,PHI,59.44,12.63,slap,5v5,0,0,0,0,0,2,31,13,faceoff,29.73,0
2025021008,2026-03-09,123,8480015,PHI,14.32,24.78,tip-in,5v4,1,0,0,0,0,2,76,6,faceoff,29.73,0
2025021008,2026-03-09,124,8482142,PHI,45.04,2.54,slap,5v4,1,1,0,0,0,2,44,2,shot-on-goal,14.32,0
2025021008,2026-03-09,125,8484387,PHI,2.24,63.43,wrist,5v4,1,1,0,0,-2,2,88,-2,shot-on-goal,45.04,1
2025021008,2026-03-09,127,8483731,PHI,10.82,56.31,wrist,5v5,0,0,0,0,0,2,83,-9,faceoff,89.0,0
2025021008,2026-03-09,130,8477380,NYR,42.45,46.91,wrist,5v5,0,0,0,0,0,2,60,-31,faceoff,29.73,0
2025021008,2026-03-09,135,8483731,PHI,48.3,27.1,snap,5v5,0,0,0,0,0,2,46,-22,blocked-shot,46.1,0
2025021008,2026-03-09,139,8481525,NYR,66.37,30.82,slap,5v5,0,0,0,0,0,2,32,34,delayed-penalty,89.0,0
2025021008,2026-03-09,144,8476389,NYR,27.73,25.64,wrist,5v4,1,0,0,0,0,2,64,-12,faceoff,29.73,0
2025021008,2026-03-09,145,8484210,NYR,8.6,35.54,wrist,5v4,1,1,0,0,3,2,82,5,shot-on-goal,27.73,1
2025021008,2026-03-09,149,8484210,NYR,36.14,14.42,snap,5v5,0,0,0,0,0,2,54,9,giveaway,31.02,0
2025021008,2026-03-09,153,8478882,NYR,47.63,39.04,wrist,5v5,0,0,0,0,0,2,52,30,hit,10.3,0
2025021008,2026-03-09,154,8483731,PHI,24.76,46.64,snap,5v5,0,1,0,0,0,2,72,18,missed-shot,47.63,0
2025021008,2026-03-09,155,8477989,PHI,40.31,23.39,wrist,5v5,0,1,0,0,0,2,52,-16,shot-on-goal,24.76,0
2025021008,2026-03-09,157,8477499,PHI,22.67,41.42,snap,5v5,0,0,0,0,0,2,72,-15,takeaway,57.28,0
2025021008,2026-03-09,158,8480001,NYR,45.18,27.7,slap,5v5,0,1,0,0,0,2,49,21,shot-on-goal,22.67,0
2025021008,2026-03-09,161,8476461,PHI,34.41,35.54,wrist,5v5,0,0,0,0,0,2,61,-20,faceoff,29.73,0
2025021008,2026-03-09,163,8477380,NYR,23.71,27.65,wrist,5v5,0,0,0,0,0,2,68,-11,blocked-shot,4.12,0
2025021008,2026-03-09,165,8482157,NYR,12.17,9.46,wrist,5v5,0,0,0,0,0,2,77,-2,blocked-shot,11.05,0
2025021008,2026-03-09,167,8476372,PHI,66.03,35.13,snap,5v5,0,0,0,0,0,2,35,38,giveaway,66.24,0
2025021008,2026-03-09,170,8482109,NYR,28.02,2.05,snap,5v5,0,0,0,0,0,2,61,1,giveaway,25.0,0
2025021008,2026-03-09,175,8477989,PHI,33.84,34.16,snap,5v5,0,0,0,0,0,2,61,-19,faceoff,29.73,0
2025021008,2026-03-09,178,8482142,PHI,63.32,21.3,snap,5v5,0,0,0,0,0,2,30,-23,faceoff,29.73,0
2025021008,2026-03-09,181,8478439,PHI,18.03,3.18,tip-in,5v5,0,0,0,0,0,2,71,-1,faceoff,29.73,0
2025021008,2026-03-09,190,8482877,NYR,37.59,61.39,wrist,5v5,0,0,0,0,0,2,71,-33,blocked-shot,32.57,0
2025021008,2026-03-09,195,8476389,NYR,31.02,1.85,slap,5v4,1,0,0,0,0,2,58,-1,faceoff,29.73,0
2025021008,2026-03-09,196,8476459,NYR,16.97,45.0,wrist,5v4,1,1,0,0,4,2,77,12,shot-on-goal,31.02,1
2025021008,2026-03-09,202,8481789,NYR,26.0,0.0,tip-in,5v5,0,0,0,0,5,2,63,0,hit,39.05,1
2025021008,2026-03-09,204,8481704,NYR,25.96,15.64,tip-in,5v5,0,0,0,0,0,2,64,-7,faceoff,89.0,0
2025021008,2026-03-09,205,8481726,NYR,30.89,29.05,wrist,5v5,0,1,0,0,0,2,62,15,missed-shot,25.96,0
2025021008,2026-03-09,209,8478882,NYR,59.94,27.85,wrist,5v5,0,0,0,0,0,3,36,28,faceoff,89.0,0
2025021008,2026-03-09,219,8482142,PHI,45.54,8.84,slap,5v4,1,0,0,0,0,3,44,-7,hit,44.78,0
2025021008,2026-03-09,220,8477948,PHI,53.01,1.08,slap,5v4,1,1,0,0,0,3,36,-1,missed-shot,45.54,0
2025021008,2026-03-09,221,8477499,PHI,70.72,33.47,slap,5v5,0,1,0,0,0,3,30,-39,missed-shot,53.01,0
2025021008,2026-03-09,231,8481525,NYR,33.12,61.11,wrist,5v5,0,0,0,0,0,3,73,29,hit,49.58,0
2025021008,2026-03-09,234,8484210,NYR,33.54,26.57,wrist,5v5,0,0,0,0,0,3,59,15,faceoff,29.73,0
2025021008,2026-03-09,238,8478454,PHI,61.1,21.1,snap,5v5,0,0,0,0,0,3,32,-22,hit,61.07,0
2025021008,2026-03-09,243,8478454,PHI,56.09,11.31,slap,5v5,0,0,0,0,0,3,34,-11,faceoff,72.42,0
2025021008,2026-03-09,244,8476372,PHI,43.42,51.55,wrist,5v5,0,1,0,0,0,3,62,34,shot-on-goal,56.09,0
2025021008,2026-03-09,247,8477499,PHI,67.12,24.66,slap,5v5,0,0,0,0,0,3,28,-28,takeaway,58.59,0
2025021008,2026-03-09,250,8478840,NYR,35.9,12.88,snap,5v5,0,0,0,0,0,3,54,-8,takeaway,33.06,0
2025021008,2026-03-09,257,8481546,PHI,21.93,43.15,deflected,5v5,0,0,0,0,0,3,73,15,faceoff,29.73,0
2025021008,2026-03-09,260,8476372,PHI,58.52,19.98,wrist,5v5,0,0,0,0,0,3,34,20,giveaway,43.01,0
2025021008,2026-03-09,261,8476822,PHI,22.85,23.2,backhand,5v5,0,1,0,0,0,3,68,9,shot-on-goal,58.52,0
2025021008,2026-03-09,262,8476822,PHI,8.25,14.04,wrist,5v5,0,1,0,0,0,3,81,2,shot-on-goal,22.85,0
2025021008,2026-03-09,263,8476461,PHI,22.8,15.26,wrist,5v5,0,1,0,0,0,3,67,6,shot-on-goal,8.25,0
2025021008,2026-03-09,265,8484387,PHI,50.49,7.97,wrist,5v5,0,0,0,0,0,3,39,7,hit,51.86,0
2025021008,2026-03-09,268,8478454,PHI,62.17,11.13,slap,5v5,0,0,0,0,0,3,28,-12,faceoff,29.73,0
2025021008,2026-03-09,272,8481546,PHI,59.94,27.85,snap,5v5,0,0,0,0,0,3,36,28,giveaway,48.84,0
2025021008,2026-03-09,274,8476461,PHI,16.55,25.02,snap,5v5,0,0,0,0,-4,3,74,7,hit,29.27,1
2025021008,2026-03-09,278,8482142,PHI,59.62,22.69,snap,5v5,0,0,0,0,0,3,34,23,faceoff,29.73,0
2025021008,2026-03-09,281,8484142,PHI,27.78,59.74,snap,5v5,0,0,0,0,0,3,75,24,faceoff,29.73,0
2025021008,2026-03-09,289,8476372,PHI,62.24,23.68,snap,5v5,0,0,0,0,0,3,32,25,faceoff,29.73,0
2025021008,2026-03-09,293,8478439,PHI,55.9,10.3,wrist,5v5,0,0,0,0,0,3,34,10,giveaway,67.6,0
2025021009,2026-03-09,4,8480860,CGY,43.27,33.69,snap,5v5,0,0,0,0,0,1,53,24,faceoff,72.42,0
2025021009,2026-03-09,7,8478440,WSH,85.09,19.93,wrist,5v5,0,0,0,0,0,1,9,29,faceoff,29.73,0
2025021009,2026-03-09,10,8480796,WSH,61.91,31.12,snap,5v5,0,0,0,0,0,1,36,32,faceoff,89.0,0
2025021009,2026-03-09,11,8482148,WSH,18.03,33.69,snap,5v5,0,1,0,0,1,1,74,-10,shot-on-goal,61.91,1
2025021009,2026-03-09,26,8476880,WSH,7.21,33.69,tip-in,5v4,1,0,0,0,0,1,83,4,faceoff,29.73,0
2025021009,2026-03-09,27,8476399,CGY,10.3,29.05,tip-in,4v5,0,1,0,0,0,1,80,-5,missed-shot,7.21,0
2025021009,2026-03-09,28,8481068,CGY,33.0,89.83,wrist,4v5,0,1,0,0,0,1,89,33,shot-on-goal,10.3,0
2025021009,2026-03-09,31,8483573,WSH,22.67,41.42,snap,5v5,0,0,0,0,0,1,72,-15,blocked-shot,29.53,0
2025021009,2026-03-09,36,8482148,WSH,25.32,9.09,snap,5v5,0,0,0,0,0,1,64,4,hit,26.31,0
2025021009,2026-03-09,37,8479066,CGY,36.4,37.18,snap,5v5,0,1,0,0,0,1,60,22,missed-shot,25.32,0
2025021009,2026-03-09,41,8477810,CGY,62.2,36.5,snap,5v5,0,0,0,0,0,1,39,37,blocked-shot,9.06,0
2025021009,2026-03-09,46,8481656,WSH,7.28,15.95,tip-in,5v5,0,0,0,0,0,1,82,2,hit,15.26,0
2025021009,2026-03-09,47,8476880,WSH,25.0,73.74,snap,5v5,0,1,0,0,2,1,82,24,missed-shot,7.28,1
2025021009,2026-03-09,64,8484860,CGY,41.73,45.97,snap,5v5,0,0,0,0,0,1,60,30,giveaway,20.4,0
2025021009,2026-03-09,68,8482148,WSH,45.12,12.8,snap,5v5,0,0,0,0,0,1,45,-10,faceoff,29.73,0
2025021009,2026-03-09,78,8479066,CGY,47.8,37.35,snap,5v5,0,0,0,0,0,1,51,-29,hit,51.0,0
2025021009,2026-03-09,84,8478440,WSH,84.1,2.73,tip-in,5v5,0,0,0,0,0,1,5,-4,blocked-shot,19.21,0
2025021009,2026-03-09,85,8478440,WSH,9.22,40.6,snap,5v5,0,1,0,0,0,1,82,-6,shot-on-goal,84.1,0
2025021009,2026-03-09,87,8479520,WSH,20.25,32.91,backhand,5v5,0,0,0,0,0,1,72,-11,blocked-shot,20.62,0
2025021009,2026-03-09,88,8482148,WSH,13.45,41.99,tip-in,5v5,0,1,0,0,0,1,79,-9,shot-on-goal,20.25,0
2025021009,2026-03-09,91,8476874,CGY,18.0,0.0,tip-in,5v5,0,0,0,0,0,1,71,0,hit,37.95,0
2025021009,2026-03-09,93,8483609,CGY,56.92,18.43,slap,5v5,0,0,0,0,0,1,35,-18,hit,38.6,0
2025021009,2026-03-09,96,8481580,WSH,28.16,6.12,snap,5v5,0,0,0,0,3,1,61,-3,giveaway,26.0,1
2025021009,2026-03-09,98,8481580,WSH,7.62,66.8,backhand,5v5,0,0,0,0,0,1,86,-7,faceoff,89.0,0
2025021009,2026-03-09,100,8479400,WSH,7.28,15.95,tip-in,5v5,0,0,0,0,0,1,82,-2,blocked-shot,5.83,0
2025021009,2026-03-09,103,8480860,CGY,68.96,29.54,snap,5v5,0,0,0,0,0,1,29,34,takeaway,35.51,0
2025021009,2026-03-09,104,8476399,CGY,38.18,45.0,snap,5v5,0,1,0,0,0,1,62,-27,shot-on-goal,68.96,0
2025021009,2026-03-09,105,8480860,CGY,7.28,74.05,wrist,5v5,0,1,0,0,0,1,87,-7,shot-on-goal,38.18,0
2025021009,2026-03-09,106,8476399,CGY,6.4,88.85,poke,5v5,0,1,0,0,0,1,93,-5,missed-shot,7.28,0
2025021009,2026-03-09,114,8478440,WSH,36.67,11.0,snap,5v5,0,0,0,0,0,2,53,7,takeaway,89.68,0
2025021009,2026-03-09,116,8476880,WSH,40.26,14.38,slap,5v5,0,0,0,0,0,2,50,-10,giveaway,11.4,0
2025021009,2026-03-09,117,8482679,CGY,53.71,28.95,slap,5v5,0,1,0,0,0,2,42,26,missed-shot,40.26,0
2025021009,2026-03-09,118,8482679,CGY,18.03,33.69,snap,5v5,0,1,0,0,0,2,74,10,shot-on-goal,53.71,0
2025021009,2026-03-09,124,8471214,WSH,17.03,3.37,snap,5v5,0,0,0,0,0,2,72,-1,giveaway,8.54,0
2025021009,2026-03-09,125,8482074,CGY,90.87,24.03,snap,5v5,0,1,0,0,0,2,6,37,shot-on-goal,17.03,0
2025021009,2026-03-09,128,8481068,CGY,6.0,89.05,wrap-around,5v5,0,0,0,0,0,2,89,-6,faceoff,29.73,0
2025021009,2026-03-09,129,8483573,WSH,17.72,73.61,snap,5v5,0,1,0,0,0,2,84,17,shot-on-goal,6.0,0
2025021009,2026-03-09,130,8481656,WSH,34.21,52.13,snap,5v5,0,1,0,0,0,2,68,27,shot-on-goal,17.72,0
2025021009,2026-03-09,134,8482088,WSH,7.0,0.0,tip-in,5v5,0,0,0,0,0,2,82,0,hit,29.07,0
2025021009,2026-03-09,135,8482074,CGY,12.81,51.34,snap,5v5,0,1,0,0,0,2,81,10,shot-on-goal,7.0,0
2025021009,2026-03-09,138,8476874,CGY,41.68,30.26,snap,5v5,0,0,0,0,0,2,53,21,faceoff,29.73,0
2025021009,2026-03-09,139,8480873,WSH,24.33,9.46,snap,5v5,0,1,0,0,0,2,65,-4,missed-shot,41.68,0
2025021009,2026-03-09,140,8484860,CGY,23.32,30.96,snap,5v5,0,1,0,0,0,2,69,12,shot-on-goal,24.33,0
2025021009,2026-03-09,145,8483609,CGY,38.42,38.66,wrist,5v5,0,0,0,0,0,2,59,-24,hit,9.22,0
2025021009,2026-03-09,151,8480860,CGY,37.74,32.01,slap,5v5,0,0,0,0,0,2,57,-20,blocked-shot,16.49,0
2025021009,2026-03-09,152,8474150,CGY,45.22,18.03,snap,5v5,0,1,0,0,0,2,46,14,shot-on-goal,37.74,0
2025021009,2026-03-09,154,8482074,CGY,11.0,0.0,snap,5v5,0,0,0,0,0,2,78,0,takeaway,73.25,0
2025021009,2026-03-09,155,8476874,CGY,29.07,40.82,tip-in,5v5,0,1,0,0,0,2,67,-19,missed-shot,11.0,0
2025021009,2026-03-09,158,8477810,CGY,53.41,38.16,snap,5v5,0,0,0,0,0,2,47,33,giveaway,25.3,0
2025021009,2026-03-09,163,8482088,WSH,64.26,20.97,snap,5v5,0,0,0,0,0,2,29,23,blocked-shot,21.19,0
2025021009,2026-03-09,164,8476399,CGY,13.89,30.26,tip-in,5v5,0,1,0,0,0,2,77,7,shot-on-goal,64.26,0
2025021009,2026-03-09,165,8476399,CGY,12.04,48.37,backhand,5v5,0,1,0,0,0,2,81,-9,shot-on-goal,13.89,0
2025021009,2026-03-09,173,8483573,WSH,33.96,13.63,snap,5v5,0,0,0,0,0,2,56,8,faceoff,29.73,0
2025021009,2026-03-09,176,8484860,CGY,25.81,54.46,snap,5v5,0,0,0,0,0,2,74,-21,giveaway,88.57,0
2025021009,2026-03-09,180,8476458,CGY,2.24,26.57,backhand,5v5,0,0,0,0,0,2,87,1,giveaway,57.28,0
2025021009,2026-03-09,181,8476458,CGY,7.62,66.8,snap,5v5,0,1,0,0,0,2,86,-7,missed-shot,2.24,0
2025021009,2026-03-09,182,8484860,CGY,14.76,61.7,snap,5v5,0,1,0,0,-2,2,82,-13,shot-on-goal,7.62,1
2025021009,2026-03-09,185,8480028,CGY,22.2,35.84,snap,5v5,0,0,0,0,0,2,71,-13,hit,20.62,0
2025021009,2026-03-09,191,8476399,CGY,6.08,9.46,snap,4v5,0,0,0,0,-1,2,83,1,faceoff,29.73,1
2025021009,2026-03-09,195,8474150,CGY,44.41,54.16,backhand,4v5,0,0,0,0,0,2,63,-36,blocked-shot,13.04,0
2025021009,2026-03-09,199,8481068,CGY,15.0,0.0,snap,4v5,0,0,0,0,0,2,74,0,takeaway,80.6,1
2025021009,2026-03-09,202,8478463,WSH,7.28,74.05,tip-in,5v4,1,0,0,0,0,2,87,7,hit,36.35,0
2025021009,2026-03-09,203,8478463,WSH,6.4,51.34,backhand,5v4,1,1,0,0,0,2,85,5,shot-on-goal,7.28,0
2025021009,2026-03-09,204,8478911,WSH,5.66,45.0,backhand,5v4,1,1,0,0,0,2,85,-4,missed-shot,6.4,0
2025021009,2026-03-09,215,8476880,WSH,56.09,11.31,snap,5v5,0,0,0,0,0,3,34,11,faceoff,29.73,0
2025021009,2026-03-09,217,8478440,WSH,86.35,28.35,wrist,5v5,0,0,0,0,0,3,13,41,blocked-shot,10.82,0
2025021009,2026-03-09,220,8471214,WSH,37.64,39.61,snap,5v5,0,0,0,0,0,3,60,24,faceoff,29.73,0
2025021009,2026-03-09,227,8479345,WSH,40.0,36.87,slap,5v5,0,0,0,0,0,3,57,-24,blocked-shot,44.92,0
2025021009,2026-03-09,229,8484186,WSH,34.0,28.07,snap,5v5,0,0,0,0,0,3,59,16,takeaway,41.01,0
2025021009,2026-03-09,232,8484186,WSH,14.56,15.95,backhand,5v5,0,0,0,0,0,3,75,-4,faceoff,29.73,0
2025021009,2026-03-09,244,8481580,WSH,21.02,25.35,snap,5v5,0,0,0,0,0,3,70,9,faceoff,29.73,0
2025021009,2026-03-09,245,8479066,CGY,22.85,66.8,snap,5v5,0,1,0,0,0,3,80,21,shot-on-goal,21.02,0
2025021009,2026-03-09,259,8476880,WSH,12.08,24.44,tip-in,5v4,1,0,0,0,0,3,78,5,faceoff,29.73,0
2025021009,2026-03-09,260,8471214,WSH,31.76,61.82,slap,5v4,1,1,0,0,0,3,74,28,shot-on-goal,12.08,0
2025021009,2026-03-09,261,8476399,CGY,43.57,58.13,backhand,4v5,0,1,0,0,0,3,66,-37,missed-shot,31.76,0
2025021009,2026-03-09,262,8481068,CGY,46.04,55.62,snap,4v5,0,1,0,0,0,3,63,38,shot-on-goal,43.57,0
2025021009,2026-03-09,265,8481580,WSH,28.64,24.78,snap,5v4,1,0,0,0,1,3,63,-12,faceoff,29.73,1
2025021009,2026-03-09,267,8482088,WSH,36.89,32.83,snap,5v5,0,0,0,0,2,3,58,-20,faceoff,89.0,1
2025021009,2026-03-09,278,8478440,WSH,7.62,23.2,tip-in,5v5,0,0,0,0,0,3,82,3,blocked-shot,23.77,0
2025021009,2026-03-09,279,8482088,WSH,24.41,55.01,snap,5v5,0,1,0,0,0,3,75,20,missed-shot,7.62,0
2025021009,2026-03-09,284,8480797,CGY,53.26,50.33,snap,5v5,0,0,0,0,0,3,55,41,hit,56.64,0
2025021009,2026-03-09,288,8478440,WSH,60.01,0.95,tip-in,5v5,0,0,0,0,0,3,29,1,hit,74.09,0
2025021009,2026-03-09,290,8481167,CGY,36.67,64.13,snap,5v5,0,0,0,0,0,3,73,-33,giveaway,29.02,0
2025021009,2026-03-09,292,8481068,CGY,55.9,47.17,slap,5v5,0,0,0,0,0,3,51,41,blocked-shot,19.24,0
2025021009,2026-03-09,296,8484768,CGY,41.11,41.05,slap,6v5,1,0,0,0,0,3,58,27,blocked-shot,50.22,0
2025021009,2026-03-09,297,8483573,WSH,35.47,68.5,snap,5v6,0,1,0,1,3,3,76,-33,missed-shot,41.11,1
2025021009,2026-03-09,302,8474150,CGY,19.21,51.34,snap,5v5,0,0,0,0,0,3,77,-15,blocked-shot,19.72,0
2025021009,2026-03-09,303,8482679,CGY,57.0,0.0,snap,5v5,0,1,0,0,0,3,32,0,missed-shot,19.21,0
2025021009,2026-03-09,305,8484186,WSH,7.28,15.95,backhand,5v5,0,0,0,0,4,3,82,2,delayed-penalty,89.0,1
2025021010,2026-03-09,3,8480855,UTA,29.68,32.62,wrist,5v5,0,0,0,0,0,1,64,16,hit,89.01,0
2025021010,2026-03-09,4,8480849,UTA,26.4,52.7,wrist,5v5,0,1,0,0,0,1,73,-21,shot-on-goal,29.68,0
2025021010,2026-03-09,7,8477021,UTA,30.89,29.05,slap,5v5,0,0,0,0,0,1,62,-15,hit,11.7,0
2025021010,2026-03-09,15,8484144,CHI,26.42,29.48,snap,5v5,0,0,0,0,0,1,66,-13,hit,27.66,0
2025021010,2026-03-09,24,8477444,CHI,11.4,52.13,snap,5v4,1,0,0,0,0,1,82,9,takeaway,90.34,0
2025021010,2026-03-09,39,8482175,UTA,30.89,60.95,wrist,5v5,0,0,0,0,0,1,74,-27,blocked-shot,26.4,0
2025021010,2026-03-09,42,8480849,UTA,14.42,33.69,tip-in,5v5,0,0,0,0,1,1,77,-8,faceoff,29.73,1
2025021010,2026-03-09,49,8479343,UTA,11.18,26.57,tip-in,5v5,0,0,0,0,0,1,79,5,faceoff,72.42,0
2025021010,2026-03-09,52,8484144,CHI,29.41,72.18,wrist,5v5,0,0,0,0,0,1,80,-28,faceoff,29.73,0
2025021010,2026-03-09,53,8483506,CHI,38.08,13.67,wrist,5v5,0,1,0,0,0,1,52,-9,missed-shot,29.41,0
2025021010,2026-03-09,59,8483493,CHI,91.92,22.38,backhand,5v5,0,0,0,0,0,1,4,35,blocked-shot,44.91,0
2025021010,2026-03-09,63,8478233,CHI,6.32,18.43,deflected,5v5,0,0,0,0,0,1,83,2,takeaway,70.18,1
2025021010,2026-03-09,65,8484144,CHI,33.84,55.84,slap,5v5,0,0,0,0,0,1,70,28,faceoff,89.0,0
2025021010,2026-03-09,67,8484783,CHI,33.62,22.75,wrist,5v5,0,0,0,0,0,1,58,-13,hit,42.19,0
2025021010,2026-03-09,71,8477021,UTA,43.38,25.97,wrist,5v5,0,0,0,0,0,1,50,-19,giveaway,50.99,0
2025021010,2026-03-09,74,8482699,UTA,11.31,45.0,wrist,5v5,0,0,0,0,1,1,81,-8,faceoff,29.73,1
2025021010,2026-03-09,77,8477021,UTA,29.27,7.85,snap,5v5,0,0,0,0,0,1,60,4,hit,96.77,0
2025021010,2026-03-09,80,8483450,CHI,32.89,19.54,wrist,5v5,0,0,0,0,0,1,58,11,faceoff,29.73,0
2025021010,2026-03-09,81,8476891,CHI,54.82,14.8,wrist,5v5,0,1,0,0,0,1,36,14,shot-on-goal,32.89,0
2025021010,2026-03-09,82,8482176,CHI,54.13,25.14,wrist,5v5,0,1,0,0,0,1,40,-23,shot-on-goal,54.82,0
2025021010,2026-03-09,88,8481624,CHI,17.89,63.43,wrist,5v5,0,0,0,0,0,1,81,16,giveaway,21.19,0
2025021010,2026-03-09,98,8477987,CHI,12.53,28.61,backhand,5v5,0,0,0,0,0,2,78,-6,faceoff,89.0,0
2025021010,2026-03-09,99,8477987,CHI,16.49,75.96,backhand,5v5,0,1,0,0,0,2,85,-16,shot-on-goal,12.53,0
2025021010,2026-03-09,103,8478507,UTA,61.61,35.75,wrist,5v5,0,0,0,0,0,2,39,-36,faceoff,29.73,0
2025021010,2026-03-09,111,8483506,CHI,60.44,16.34,wrist,5v4,1,0,0,0,0,2,31,-17,faceoff,29.73,0
2025021010,2026-03-09,112,8477220,UTA,10.3,60.95,wrist,4v5,0,1,0,0,0,2,84,-9,shot-on-goal,60.44,0
2025021010,2026-03-09,113,8477951,UTA,13.45,41.99,wrist,4v5,0,1,0,0,0,2,79,-9,shot-on-goal,10.3,0
2025021010,2026-03-09,119,8481624,CHI,26.42,29.48,wrist,5v5,0,0,0,0,0,2,66,13,giveaway,67.62,0
2025021010,2026-03-09,120,8481624,CHI,14.32,24.78,wrist,5v5,0,1,0,0,0,2,76,-6,shot-on-goal,26.42,0
2025021010,2026-03-09,121,8481624,CHI,8.94,26.57,wrist,5v5,0,1,0,0,0,2,81,4,missed-shot,14.32,0
2025021010,2026-03-09,126,8483506,CHI,60.03,1.91,wrist,5v4,1,0,0,0,0,2,29,-2,faceoff,29.73,0
2025021010,2026-03-09,127,8484144,CHI,31.24,39.81,wrist,5v4,1,1,0,0,0,2,65,-20,missed-shot,60.03,0
2025021010,2026-03-09,128,8477951,UTA,63.6,36.69,wrist,4v5,0,1,0,0,0,2,38,-38,shot-on-goal,31.24,0
2025021010,2026-03-09,133,8482176,CHI,53.16,16.39,wrist,5v5,0,0,0,0,0,2,38,15,hit,66.61,0
2025021010,2026-03-09,135,8480434,UTA,33.62,22.75,wrist,5v5,0,0,0,0,0,2,58,-13,giveaway,45.18,0
2025021010,2026-03-09,140,8484144,CHI,33.54,26.57,wrist,5v5,0,0,0,0,0,2,59,-15,faceoff,29.73,0
2025021010,2026-03-09,143,8479343,UTA,41.4,37.15,slap,5v5,0,0,0,0,0,2,56,25,faceoff,29.73,0
2025021010,2026-03-09,145,8482699,UTA,28.79,20.32,wrist,5v5,0,0,0,0,0,2,62,-10,hit,38.08,0
2025021010,2026-03-09,149,8476882,CHI,23.41,19.98,wrist,5v5,0,0,0,0,0,2,67,8,hit,27.66,0
2025021010,2026-03-09,152,8484185,CHI,22.8,37.87,slap,5v5,0,0,0,0,0,2,71,-14,faceoff,29.73,0
2025021010,2026-03-09,153,8479619,UTA,26.25,40.36,wrist,5v5,0,1,0,0,0,2,69,17,missed-shot,22.8,0
2025021010,2026-03-09,155,8477346,UTA,53.45,17.42,wrist,5v5,0,0,0,0,0,2,38,-16,hit,19.7,0
2025021010,2026-03-09,160,8484144,CHI,39.4,23.96,wrist,5v5,0,0,0,0,0,2,53,16,giveaway,46.52,0
2025021010,2026-03-09,162,8481568,CHI,61.0,10.39,snap,5v5,0,0,0,0,0,2,29,11,giveaway,41.23,0
2025021010,2026-03-09,166,8477220,UTA,46.01,42.36,slap,5v5,0,0,0,0,0,2,55,31,hit,38.6,0
2025021010,2026-03-09,174,8477444,CHI,5.0,53.13,cradle,5v5,0,0,0,0,0,2,86,4,blocked-shot,26.42,1
2025021010,2026-03-09,178,8481806,CHI,42.19,31.43,wrist,5v5,0,0,0,0,0,2,53,-22,blocked-shot,21.59,0
2025021010,2026-03-09,179,8484144,CHI,17.03,3.37,wrist,5v5,0,1,0,0,0,2,72,1,shot-on-goal,42.19,0
2025021010,2026-03-09,188,8482175,UTA,15.13,7.59,snap,5v5,0,0,0,0,0,2,74,2,takeaway,8.94,0
2025021010,2026-03-09,192,8477951,UTA,30.02,60.02,wrist,5v5,0,0,0,0,0,2,74,26,giveaway,10.0,0
2025021010,2026-03-09,194,8482699,UTA,31.02,69.23,wrist,5v5,0,0,0,0,0,2,78,-29,blocked-shot,45.88,0
2025021010,2026-03-09,203,8478474,UTA,9.85,23.96,wrist,5v4,1,0,0,0,0,3,80,4,blocked-shot,17.46,0
2025021010,2026-03-09,207,8478474,UTA,29.68,32.62,wrist,5v5,0,0,0,0,0,3,64,16,hit,51.86,0
2025021010,2026-03-09,210,8477346,UTA,58.19,19.06,slap,5v5,0,0,0,0,0,3,34,-19,faceoff,29.73,0
2025021010,2026-03-09,214,8478233,CHI,31.95,20.14,wrist,5v5,0,0,0,0,0,3,59,-11,blocked-shot,22.47,0
2025021010,2026-03-09,219,8476891,CHI,59.94,27.85,slap,5v5,0,0,0,0,0,3,36,28,hit,38.83,0
2025021010,2026-03-09,221,8482172,CHI,5.0,36.87,tip-in,5v5,0,0,0,0,0,3,85,3,giveaway,13.45,0
2025021010,2026-03-09,222,8482175,UTA,6.32,71.57,backhand,5v5,0,1,0,0,0,3,87,-6,shot-on-goal,5.0,0
2025021010,2026-03-09,225,8484144,CHI,11.66,30.96,snap,5v5,0,0,0,0,0,3,79,-6,hit,41.15,0
2025021010,2026-03-09,228,8482699,UTA,32.2,36.16,wrist,5v5,0,0,0,0,0,3,63,-19,faceoff,29.73,0
2025021010,2026-03-09,229,8484144,CHI,42.05,2.73,wrist,5v5,0,1,0,0,0,3,47,-2,missed-shot,32.2,0
2025021010,2026-03-09,230,8483506,CHI,51.42,13.5,slap,5v5,0,1,0,0,0,3,39,-12,missed-shot,42.05,0
2025021010,2026-03-09,232,8482175,UTA,18.79,64.8,backhand,5v5,0,0,0,0,0,3,81,-17,takeaway,48.8,0
2025021010,2026-03-09,235,8476882,CHI,55.9,42.83,wrist,5v5,0,0,0,0,0,3,48,38,takeaway,34.18,0
2025021010,2026-03-09,236,8483493,CHI,11.4,89.48,backhand,5v5,0,1,0,0,0,3,92,11,shot-on-goal,55.9,0
2025021010,2026-03-09,237,8476882,CHI,15.62,50.19,wrist,5v5,0,1,0,0,0,3,79,12,missed-shot,11.4,0
2025021010,2026-03-09,242,8482176,CHI,63.01,35.96,slap,5v5,0,0,0,0,0,3,38,37,faceoff,29.73,0
2025021010,2026-03-09,245,8477987,CHI,67.96,32.99,wrist,5v5,0,0,0,0,0,3,32,-37,giveaway,24.7,0
2025021010,2026-03-09,246,8477987,CHI,37.2,36.25,wrist,5v5,0,1,0,0,0,3,59,-22,missed-shot,67.96,0
2025021010,2026-03-09,252,8484144,CHI,19.42,55.49,tip-in,5v5,0,0,0,0,0,3,78,16,giveaway,56.09,0
2025021010,2026-03-09,259,8479619,UTA,32.02,1.79,backhand,5v5,0,0,0,0,0,3,57,1,blocked-shot,31.26,0
2025021010,2026-03-09,265,8477346,UTA,58.46,12.85,wrist,5v5,0,0,0,0,0,3,32,13,faceoff,29.73,0
2025021010,2026-03-09,266,8477346,UTA,54.0,0.0,wrist,5v5,0,1,0,0,0,3,35,0,shot-on-goal,58.46,0
2025021010,2026-03-09,270,8480849,UTA,25.63,20.56,wrist,5v5,0,0,0,0,0,3,65,-9,hit,39.46,0
2025021010,2026-03-09,271,8479977,UTA,13.0,0.0,backhand,5v5,0,1,0,0,0,3,76,0,shot-on-goal,25.63,0
2025021010,2026-03-09,274,8482175,UTA,40.05,2.86,wrist,5v5,0,0,0,0,0,3,49,2,faceoff,29.73,0
2025021010,2026-03-09,279,8482699,UTA,13.89,30.26,wrist,5v5,0,0,0,0,0,3,77,7,takeaway,28.32,0
2025021010,2026-03-09,288,8479343,UTA,28.65,29.25,wrist,3v3,0,0,0,0,0,4,64,-14,faceoff,89.0,0
2025021010,2026-03-09,290,8483431,UTA,28.86,14.04,wrist,3v3,0,0,0,0,0,4,61,7,blocked-shot,28.79,0
2025021010,2026-03-09,295,8476882,CHI,33.29,57.26,slap,4v3,1,0,0,0,0,4,71,-28,faceoff,29.73,0
2025021010,2026-03-09,296,8483493,CHI,34.71,11.63,wrist,4v3,1,1,0,0,1,4,55,7,missed-shot,33.29,1
2025021011,2026-03-09,4,8481535,VAN,9.22,49.4,backhand,5v5,0,0,0,0,0,1,83,7,giveaway,74.33,0
2025021011,2026-03-09,10,8480801,OTT,4.12,14.04,backhand,5v5,0,0,0,0,0,1,85,-1,hit,42.72,0
2025021011,2026-03-09,14,8480208,OTT,30.46,23.2,slap,5v4,1,0,0,0,0,1,61,12,faceoff,29.73,0
2025021011,2026-03-09,15,8482116,OTT,6.32,71.57,wrist,5v4,1,1,0,0,0,1,87,6,shot-on-goal,30.46,0
2025021011,2026-03-09,16,8480801,OTT,42.06,28.39,slap,5v4,1,1,0,0,0,1,52,-20,missed-shot,6.32,0
2025021011,2026-03-09,18,8483499,VAN,15.0,36.87,wrist,4v5,0,0,0,0,0,1,77,9,giveaway,43.14,0
2025021011,2026-03-09,20,8473512,OTT,25.18,83.16,wrist,5v4,1,0,0,0,0,1,86,-25,blocked-shot,14.0,0
2025021011,2026-03-09,26,8482691,VAN,27.2,53.97,wrist,5v5,0,0,0,0,0,1,73,-22,hit,10.63,0
2025021011,2026-03-09,29,8484798,VAN,53.23,25.6,wrist,5v5,0,0,0,0,0,1,41,-23,faceoff,29.73,0
2025021011,2026-03-09,31,8480012,VAN,6.71,63.43,wrist,5v5,0,0,0,0,0,1,86,-6,hit,66.22,0
2025021011,2026-03-09,32,8480801,OTT,8.0,0.0,deflected,5v5,0,1,0,0,0,1,81,0,shot-on-goal,6.71,0
2025021011,2026-03-09,38,8481528,OTT,19.21,38.66,wrist,5v5,0,0,0,0,0,1,74,-12,blocked-shot,36.35,0
2025021011,2026-03-09,41,8476393,OTT,8.06,29.74,tip-in,5v5,0,0,0,0,0,1,82,4,takeaway,90.71,0
2025021011,2026-03-09,47,8478020,OTT,5.66,45.0,wrist,5v5,0,0,0,0,0,1,85,4,hit,19.24,0
2025021011,2026-03-09,51,8478444,VAN,49.74,30.17,wrist,5v5,0,0,0,0,0,1,46,25,hit,33.14,0
2025021011,2026-03-09,52,8482116,OTT,26.63,34.29,snap,5v5,0,1,0,0,0,1,67,15,missed-shot,49.74,0
2025021011,2026-03-09,72,8481606,OTT,54.04,38.99,wrist,5v5,0,0,0,0,0,1,47,34,faceoff,29.73,0
2025021011,2026-03-09,73,8482116,OTT,5.83,30.96,wrist,5v5,0,1,0,0,0,1,84,3,shot-on-goal,54.04,0
2025021011,2026-03-09,89,8482095,OTT,42.94,27.76,wrist,5v5,0,0,0,0,0,2,51,20,hit,9.22,0
2025021011,2026-03-09,92,8479425,VAN,51.01,1.12,wrist,5v5,0,0,0,0,0,2,38,-1,blocked-shot,13.42,0
2025021011,2026-03-09,93,8481024,VAN,22.47,32.28,tip-in,5v5,0,1,0,0,0,2,70,12,shot-on-goal,51.01,0
2025021011,2026-03-09,98,8481596,OTT,55.9,42.83,wrist,5v5,0,0,0,0,0,2,48,-38,hit,29.07,0
2025021011,2026-03-09,104,8482116,OTT,36.24,39.4,snap,5v5,0,0,0,0,0,2,61,-23,faceoff,29.73,0
2025021011,2026-03-09,108,8482079,VAN,22.8,37.87,wrist,5v5,0,0,0,0,0,2,71,-14,hit,89.47,0
2025021011,2026-03-09,110,8483499,VAN,42.01,1.36,wrist,5v5,0,0,0,0,0,2,47,-1,hit,3.16,0
2025021011,2026-03-09,115,8482055,VAN,43.19,5.31,wrist,5v5,0,0,0,0,0,2,46,4,hit,27.2,0
2025021011,2026-03-09,118,8484136,VAN,10.3,29.05,wrist,5v5,0,0,0,0,0,2,80,5,giveaway,91.29,0
2025021011,2026-03-09,130,8475324,OTT,43.05,2.66,wrist,4v4,0,0,0,0,0,2,46,2,faceoff,29.73,0
2025021011,2026-03-09,131,8482079,VAN,39.2,37.75,wrist,4v5,0,1,0,0,0,2,58,-24,shot-on-goal,43.05,0
2025021011,2026-03-09,134,8481528,OTT,10.3,29.05,backhand,5v4,1,0,0,0,0,2,80,5,faceoff,29.73,0
2025021011,2026-03-09,137,8482245,OTT,55.44,39.14,slap,5v5,0,0,0,0,0,2,46,-35,faceoff,72.42,0
2025021011,2026-03-09,138,8482092,OTT,8.6,35.54,wrist,5v5,0,1,0,0,1,2,82,5,missed-shot,55.44,1
2025021011,2026-03-09,142,8481528,OTT,26.4,37.3,wrist,5v4,1,0,0,0,0,2,68,-16,faceoff,89.0,0
2025021011,2026-03-09,143,8480801,OTT,21.47,62.24,snap,5v4,1,1,0,0,0,2,79,19,shot-on-goal,26.4,0
2025021011,2026-03-09,145,8480208,OTT,25.55,30.58,wrist,5v4,1,0,0,0,0,2,67,-13,giveaway,76.3,0
2025021011,2026-03-09,149,8482092,OTT,23.32,30.96,wrist,5v5,0,0,0,0,0,2,69,-12,blocked-shot,26.08,0
2025021011,2026-03-09,151,8482245,OTT,61.13,15.17,slap,5v5,0,0,0,0,0,2,30,-16,giveaway,53.08,0
2025021011,2026-03-09,157,8480188,OTT,35.23,83.48,wrist,5v5,0,0,0,0,0,2,85,-35,hit,10.44,0
2025021011,2026-03-09,158,8480188,OTT,15.81,55.3,tip-in,5v5,0,1,0,0,0,2,80,13,shot-on-goal,35.23,0
2025021011,2026-03-09,169,8476927,VAN,67.01,0.86,wrist,5v5,0,0,0,0,0,2,22,1,giveaway,52.5,0
2025021011,2026-03-09,172,8479425,VAN,36.88,40.6,snap,5v5,0,0,0,0,0,2,61,-24,faceoff,29.73,0
2025021011,2026-03-09,173,8481535,VAN,32.65,40.03,wrist,5v5,0,1,0,0,0,2,64,-21,shot-on-goal,36.88,0
2025021011,2026-03-09,174,8479425,VAN,25.71,13.5,wrist,5v5,0,1,0,0,0,2,64,-6,missed-shot,32.65,0
2025021011,2026-03-09,178,8484321,OTT,59.82,38.21,wrist,5v5,0,0,0,0,0,2,42,37,faceoff,29.73,0
2025021011,2026-03-09,181,8478444,VAN,67.19,14.66,wrist,5v5,0,0,0,0,0,2,24,-17,giveaway,88.1,0
2025021011,2026-03-09,189,8481596,OTT,42.19,31.43,wrist,5v5,0,0,0,0,0,3,53,-22,blocked-shot,18.0,0
2025021011,2026-03-09,192,8480801,OTT,7.62,23.2,wrist,5v4,1,0,0,0,0,3,82,-3,faceoff,29.73,0
2025021011,2026-03-09,196,8477998,OTT,6.0,0.0,wrist,5v4,1,0,0,0,0,3,83,0,hit,11.4,0
2025021011,2026-03-09,200,8481535,VAN,39.82,51.12,wrist,5v5,0,0,0,0,0,3,64,-31,hit,13.45,0
2025021011,2026-03-09,201,8476393,OTT,46.07,27.12,deflected,5v5,0,1,0,0,0,3,48,-21,shot-on-goal,39.82,0
2025021011,2026-03-09,203,8481528,OTT,25.94,27.55,snap,5v5,0,0,0,0,0,3,66,-12,hit,62.37,0
2025021011,2026-03-09,208,8481596,OTT,41.01,1.4,wrist,5v5,0,0,0,0,0,3,48,-1,faceoff,72.42,0
2025021011,2026-03-09,224,8477969,VAN,64.54,12.53,slap,5v4,1,0,0,0,0,3,26,-14,giveaway,39.81,0
2025021011,2026-03-09,226,8484321,OTT,41.77,47.91,wrist,5v5,0,0,0,0,0,3,61,31,takeaway,89.16,0
2025021011,2026-03-09,227,8480801,OTT,16.03,86.42,wrist,5v5,0,1,0,0,0,3,88,-16,missed-shot,41.77,0
2025021011,2026-03-09,228,8478020,OTT,11.31,45.0,tip-in,5v5,0,1,0,0,0,3,81,-8,missed-shot,16.03,0
2025021011,2026-03-09,229,8484798,VAN,51.74,41.08,wrist,5v5,0,1,0,0,0,3,50,34,missed-shot,11.31,0
2025021011,2026-03-09,232,8482055,VAN,8.6,54.46,tip-in,5v5,0,0,0,0,0,3,84,7,faceoff,29.73,0
2025021011,2026-03-09,234,8478498,VAN,38.28,19.86,wrist,5v5,0,0,0,0,0,3,53,13,giveaway,61.07,0
2025021011,2026-03-09,242,8479425,VAN,37.74,32.01,wrist,5v4,1,0,0,0,0,3,57,-20,faceoff,29.73,0
2025021011,2026-03-09,243,8478020,OTT,37.34,7.7,wrist,4v5,0,1,0,0,0,3,52,-5,missed-shot,37.74,0
2025021011,2026-03-09,244,8484240,VAN,37.12,27.26,wrist,5v4,1,1,0,0,0,3,56,-17,shot-on-goal,37.34,0
2025021011,2026-03-09,245,8481535,VAN,10.63,48.81,wrist,5v5,0,1,0,0,0,3,82,8,missed-shot,37.12,0
2025021011,2026-03-09,249,8484798,VAN,67.42,32.28,wrist,6v5,1,0,0,0,0,3,32,36,blocked-shot,58.31,0
2025021011,2026-03-09,250,8480801,OTT,57.14,4.01,wrist,5v6,0,1,0,1,2,3,32,4,shot-on-goal,67.42,1
2025021011,2026-03-09,253,8484240,VAN,53.85,15.07,wrist,6v5,1,0,0,0,0,3,37,-14,blocked-shot,11.18,0
