tree
version=v4
num_class=1
num_tree_per_iteration=1
label_index=0
max_feature_idx=8
objective=binary sigmoid:1
feature_names=p_linear p_mc p_xg p_market p_lineup p_neural_v2 model_disagreement is_home opp_ga_per_game
feature_infos=[0.02:0.55000000000000004] [0.00040000000000000002:0.76749999999999996] [0.0047000000000000002:0.87670000000000003] [0:0.3831] [0:0.8135] [0:0.87070000000000003] [0.0010077477638553911:0.30502148922475758] [0:1] [2.476:3.8820000000000001]
tree_sizes=1669 1689 1694 1482 1691 1700 1399 1493 1496 1392 1693 1391 1491 1494 1596 1391 1602 1396 1494 1598 1386 1397 1380 1502 1603 1184 1503 1598 1080 1508 1283 1395 1307 1286 1396 1197 1390 1188 1082 1299 1298 1398 1399 1403 1392 1306 1295 1305 1288 1188 1196 968 1293 977 1190 980 1402 971 1195 1718 1198 982 1094 1279 1715 985 979 1199 1405 1278 1192 878 782 1612 1716 1292 775 979 1400 984 774 876 1299 988 1190 992 1614 677 775 981 1197 1196 1198 677 790 1298 989 1196 1295 1099

Tree=0
num_leaves=15
num_cat=0
split_feature=0 1 6 2 3 3 0 0 1 5 6 2 2 1
split_gain=391.966 81.5964 95.102 79.9971 36.7666 34.3229 32.5669 35.9835 33.8099 25.5732 24.2114 20.4017 22.0376 8.84999
threshold=0.14350000000000002 0.23090000000000002 0.016448530082710505 0.12045000000000002 0.16795000000000002 0.062750000000000014 0.12750000000000003 0.10650000000000001 0.079000000000000015 0.43690000000000007 0.04770529599552157 0.076450000000000018 0.025100000000000004 0.048650000000000006
decision_type=2 2 2 2 2 2 2 2 2 2 2 2 2 2
left_child=3 4 -3 11 5 -2 7 -5 -8 -6 -4 12 -1 -13
right_child=1 2 10 6 9 -7 8 -9 -10 -11 -12 13 -14 -15
leaf_value=-1.7398475598839427 -1.5382345161986142 -1.6908285438604307 -1.5081149867434329 -1.6127242805489153 -1.4334543293588928 -1.5904864327107844 -1.7114338825809718 -1.5259298968898327 -1.537772658470451 -1.5218414414255115 -1.4585548449828303 -1.7398475598839427 -1.6377841240260231 -1.6402895572599292
leaf_weight=6.3536646366119376 115.82897329330444 5.4758556485176078 39.382965341210365 25.338023737072945 10.512806251645086 43.131070718169212 9.4468960464000684 22.586162060499191 3.9849736988544455 36.937640696763992 65.842632487416267 12.972065299749373 31.559320360422134 2.6961273699998847
leaf_count=48 495 37 149 139 27 221 67 92 17 148 196 98 186 16
internal_value=-1.55098 -1.52231 -1.48768 -1.63009 -1.54088 -1.55241 -1.5911 -1.57182 -1.65991 -1.50226 -1.4771 -1.67472 -1.65489 -1.72272
internal_weight=432.049 317.112 110.701 114.937 206.41 158.96 61.3561 47.9242 13.4319 47.4504 105.226 53.5812 37.913 15.6682
internal_count=1936 1273 382 663 891 716 315 231 84 175 345 348 234 114
is_linear=0
shrinkage=1


Tree=1
num_leaves=15
num_cat=0
split_feature=0 2 0 5 2 0 1 0 8 0 3 2 0 1
split_gain=279.976 65.1051 53.2272 26.6284 48.3191 25.2929 27.8415 25.75 24.0731 42.4314 24.8448 18.5657 20.7025 8.34643
threshold=0.14350000000000002 0.12045000000000002 0.21450000000000002 0.7028000000000002 0.13945000000000005 0.12750000000000003 0.079000000000000015 0.10650000000000001 2.9370000000000007 0.19050000000000003 0.16395000000000001 0.076450000000000018 0.10750000000000001 0.048650000000000006
decision_type=2 2 2 2 2 2 2 2 2 2 2 2 2 2
left_child=1 11 8 4 -4 7 -7 -3 9 -2 -10 12 -1 -13
right_child=2 5 3 -5 -6 6 -8 -9 10 -11 -12 13 -14 -15
leaf_value=0.03995924003550836 0.16322343642752069 0.061453522019106969 -0.060789892185554861 0.053364600352358731 0.15492973396893472 -0.030004329706209372 0.12299269050270317 0.13215364329121745 0.084251328475437398 0.022992801740868193 0.17105991722619984 -0.058777359582141156 -0.05962424176119685 0.037172001700791123
leaf_weight=32.365693956613541 33.573349997401237 26.528032675385475 2.6272078603506079 7.0099991261959067 217.46683977544308 9.247606694698332 4.3827267885208121 25.030900686979294 75.954434394836426 6.4270381629467002 9.2456443160772306 12.449151754379271 6.2223854362964621 2.7709926217794409
leaf_count=188 110 139 18 33 703 67 17 92 346 36 27 98 46 16
internal_value=0.112472 0.0461633 0.134869 0.149299 0.152355 0.0797638 0.0191907 0.0957771 0.108694 0.140692 0.0936715 0.00545602 0.0239013 -0.0413087
internal_weight=471.302 118.997 352.305 227.104 220.094 65.1893 13.6303 51.5589 125.2 40.0004 85.2001 53.8082 38.5881 15.2201
internal_count=1936 663 1273 754 721 315 84 231 519 146 373 348 234 114
is_linear=0
shrinkage=0.05


Tree=2
num_leaves=15
num_cat=0
split_feature=0 2 1 6 4 1 0 1 0 8 2 2 0 1
split_gain=209.441 53.8398 41.6631 61.2359 22.8184 23.5672 20.0875 23.3606 19.3104 17.7338 17.2309 16.9887 16.9861 0.000947383
threshold=0.14350000000000002 0.12045000000000002 0.23090000000000002 0.016448530082710505 0.55690000000000006 0.17930000000000004 0.12750000000000003 0.079000000000000015 0.10650000000000001 2.5165000000000002 0.096600000000000005 0.025100000000000004 0.29750000000000004 0.037750000000000006
decision_type=2 2 2 2 2 2 2 2 2 2 2 2 2 2
left_child=1 10 4 -4 9 -6 8 -8 -3 -2 11 -1 -5 -12
right_child=2 6 3 12 5 -7 7 -9 -10 -11 13 -13 -14 -15
leaf_value=-0.059050504577583124 0.16176586753640942 0.056003139427555207 -0.016246718289381155 0.1740868321162016 0.18064475089189685 0.094347823335961409 -0.029123186498981598 0.10793140663760226 0.11536509995784433 0.095916464216900421 -0.058276320916072891 0.029908746261952824 0.1349245905570565 -0.059405655391405965
leaf_weight=6.2253577262163153 10.769208356738089 27.624319404363632 6.0297130942344657 39.594568371772766 18.765317067503929 13.67820358276367 9.055973291397093 4.7346039414405814 27.17852571606636 202.11404754221439 6.2143127024173719 38.915911391377449 92.079009011387825 2.6484889984130859
leaf_count=48 28 139 37 87 43 50 67 17 92 770 51 229 258 20
internal_value=0.0993494 0.0424691 0.117555 0.139566 0.105201 0.144262 0.0718695 0.0179306 0.0854427 0.0992476 0.00512615 0.0176405 0.146701 -0.0586138
internal_weight=505.628 122.597 383.03 137.703 245.327 32.4435 68.5934 13.7906 54.8028 212.883 54.0041 45.1413 131.674 8.8628
internal_count=1936 663 1273 382 891 93 315 84 231 798 348 277 345 71
is_linear=0
shrinkage=0.05


Tree=3
num_leaves=13
num_cat=0
split_feature=2 0 8 6 0 0 8 5 8 6 2 6
split_gain=163.482 58.8321 21.6424 23.4023 19.2978 30.1028 27.6262 18.7717 15.2381 13.9911 16.4008 13.3246
threshold=0.12575000000000003 0.20450000000000002 2.8075000000000006 0.024351743992051155 0.14350000000000002 0.19750000000000004 3.0155000000000007 0.7028000000000002 3.4320000000000004 0.017987032090042016 0.076450000000000018 0.10404350358546703
decision_type=2 2 2 2 2 2 2 2 2 2 2 2
left_child=4 2 11 -4 9 6 -6 8 -3 -1 -11 -2
right_child=1 7 3 -5 5 -7 -8 -9 -10 10 -12 -13
leaf_value=0.10907245222969197 0.14673495236168987 0.11194422686584045 -0.021743503946233578 0.075311487772849947 0.14238017717198551 -0.061728874526870363 0.023806761158295737 0.038628432993347103 0.14461808763815187 0.019022398498695567 -0.04182273527510727 0.061989070721589448
leaf_weight=3.1729325801134101 16.658676907420162 228.06322473287582 6.4836076498031607 147.73777678608894 10.422426670789724 4.1458048522472373 9.2917154729366285 7.8511290848255149 42.302691370248795 37.364025704562664 15.741187781095503 6.4280382096767417
leaf_count=14 47 654 35 589 27 27 44 33 97 222 121 26
internal_value=0.0889129 0.100499 0.07799 0.0712312 0.0230568 0.0607393 0.0864939 0.114843 0.117057 0.00708078 0.000986981 0.123139
internal_weight=535.663 455.525 177.308 154.221 80.1381 23.8599 19.7141 278.217 270.366 56.2781 53.1052 23.0867
internal_count=1936 1481 697 624 455 98 71 784 751 357 343 73
is_linear=0
shrinkage=0.05


Tree=4
num_leaves=15
num_cat=0
split_feature=0 2 0 6 8 2 6 0 1 3 2 2 6 3
split_gain=134.296 36.9444 28.342 34.5353 21.3859 19.2448 16.445 15.1223 19.3138 16.4594 14.9986 15.4266 10.7757 10.023
threshold=0.14350000000000002 0.12045000000000002 0.28450000000000003 0.052967743242937133 2.9185000000000003 0.13360000000000002 0.1182779423995194 0.12750000000000003 0.079000000000000015 0.12725000000000003 0.096600000000000005 0.025100000000000004 0.040659356415116782 0.24270000000000003
decision_type=2 2 2 2 2 2 2 2 2 2 2 2 2 2
left_child=1 10 4 12 6 -6 -2 9 -9 -3 11 -1 -4 -5
right_child=2 7 3 13 5 -7 -8 8 -10 -11 -12 -13 -14 -15
leaf_value=-0.058769365872758696 0.12761039496526241 0.077586703072717894 0.090226101285804772 0.13446981213584971 0.02748785369692516 0.081756241723110301 0.062411270711903437 -0.030409520246968705 0.089626154252088308 -0.01388159521827865 -0.057791497162566541 0.026655118027986358 0.036712516296691707 0.09509154784909922
leaf_weight=6.0862310901284209 41.631002977490425 55.120209723711014 34.308973923325539 85.246647745370865 17.726470872759819 208.34202142059803 12.598112985491751 9.33630323410034 5.2273740470409384 5.4001215547323218 8.245748929679392 40.146576449275017 12.960915759205816 19.939019680023193
leaf_count=48 98 203 99 171 81 678 44 67 17 28 71 229 47 55
internal_value=0.0803321 0.0356748 0.0937021 0.111052 0.0842652 0.077501 0.112464 0.0584176 0.0126752 0.0694251 0.00433003 0.0154096 0.0755532 0.127005
internal_weight=562.316 129.563 432.753 152.456 280.298 226.068 54.2291 75.084 14.5637 60.5203 54.4786 46.2328 47.2699 105.186
internal_count=1936 663 1273 372 901 759 142 315 84 231 348 277 146 226
is_linear=0
shrinkage=0.05


Tree=5
num_leaves=15
num_cat=0
split_feature=0 2 1 6 0 0 6 1 0 1 0 0 8 1
split_gain=109.187 31.5065 22.7092 42.6363 14.4103 20.7957 14.0806 26.1769 12.5519 16.7621 15.0904 12.0931 9.51718 4.66232
threshold=0.14350000000000002 0.12045000000000002 0.23090000000000002 0.016448530082710505 0.30350000000000005 0.24850000000000003 0.03656396898668033 0.0038500000000000006 0.12750000000000003 0.079000000000000015 0.10650000000000001 0.31750000000000006 3.4320000000000004 0.19015000000000001
decision_type=2 2 2 2 2 2 2 2 2 2 2 2 2 2
left_child=1 6 4 -4 5 -2 7 -1 10 -10 -3 -5 -8 -6
right_child=2 8 3 11 13 -7 12 -9 9 -11 -12 -13 -14 -15
leaf_value=-0.0601619184106627 0.079372859523280215 0.03894114186024409 -0.023325843354651109 0.12048890153348474 0.14519923487575759 0.041107159574108341 -0.058701794704778744 0.039225266797062321 -0.029521725593718896 0.081041869108674724 0.087913924098966506 0.092676083917696203 0.049576398316732828 0.095192695178918985
leaf_weight=8.3284301906824094 227.02482742071152 31.544804081320763 6.7686810791492453 69.321781173348427 8.8206470310688037 42.087631583213806 11.401684418320654 32.395465776324272 9.1412483602762205 5.4848914742469779 31.376176327466965 89.597146645188332 2.4688216820359221 9.8842114806175214
leaf_count=60 704 139 37 132 15 147 92 181 67 17 92 213 15 25
internal_value=0.0731733 0.033178 0.0848271 0.0995737 0.0763379 0.0733883 0.00408032 0.0188996 0.0536633 0.0119403 0.0633619 0.104808 -0.0394293 0.118774
internal_weight=585.646 132.142 453.505 165.688 287.817 269.112 54.5944 40.7239 77.5471 14.6261 62.921 158.919 13.8705 18.7049
internal_count=1936 663 1273 382 891 851 348 241 315 84 231 345 107 40
is_linear=0
shrinkage=0.05


Tree=6
num_leaves=12
num_cat=0
split_feature=2 0 3 3 2 5 6 0 0 6 1
split_gain=92.0778 35.2341 23.6817 53.5032 14.3634 14.0761 16.3312 13.8055 17.2979 13.2711 9.68294e-05
threshold=0.12575000000000003 0.21450000000000002 0.052000000000000011 0.096600000000000005 0.025100000000000004 0.7028000000000002 0.052501666807157434 0.19750000000000004 0.14350000000000002 0.03508457047320037 0.004850000000000001
decision_type=2 2 2 2 2 2 2 2 2 2 2
left_child=4 2 9 -4 10 6 -3 8 -6 -2 -1
right_child=1 5 3 -5 7 -7 -8 -9 -10 -11 -12
leaf_value=-0.057894896290791559 0.044913973228623609 0.072292194520388056 -0.021635624901824434 0.062165898829040826 0.013088353718359553 0.023581524581486799 0.09655379030966417 -0.062697218200499935 0.065903756089173066 0.08557878504429893 -0.058310621315649958
leaf_weight=3.2906971350312224 26.470739439129829 109.88047431409359 24.845085516571999 81.608960017561913 51.199589975178242 8.8391469717025739 188.09614220261574 4.3396278470754615 22.235753685235977 82.893001303076744 2.4386756122112274
leaf_count=28 94 297 126 282 309 33 407 27 71 242 20
internal_value=0.0670848 0.0748744 0.0593952 0.0426076 0.0183313 0.0857627 0.0876072 0.0239596 0.0290805 0.0757361 -0.0580718
internal_weight=606.138 522.634 215.818 106.454 83.5043 306.816 297.977 77.775 73.4353 109.364 5.72937
internal_count=1936 1481 744 408 455 737 704 407 380 336 48
is_linear=0
shrinkage=0.05


Tree=7
num_leaves=13
num_cat=0
split_feature=2 0 3 5 1 8 6 8 5 6 6 2
split_gain=77.4429 29.7363 19.5763 47.8279 13.3694 21.2974 15.2163 26.8486 11.7181 13.4114 10.99 0.00793723
threshold=0.12575000000000003 0.21450000000000002 0.052000000000000011 0.20300000000000004 0.0055500000000000002 3.2235000000000005 0.022101097020999393 2.9335000000000004 0.7028000000000002 0.052501666807157434 0.045060896924727319 0.025100000000000004
decision_type=2 2 2 2 2 2 2 2 2 2 2 2
left_child=4 2 10 -4 5 11 -6 -8 9 -3 -2 -1
right_child=1 8 3 -5 6 -7 7 -9 -10 -11 -12 -13
leaf_value=-0.057514209487373458 0.052753283076054737 0.066529513586503039 -0.064693813775992856 0.050124424934602479 0.098244433737777415 0.074691572752669799 0.065700522129259933 -0.0041435830437803727 0.022145330890523941 0.088146979012800733 0.0839284647994991 -0.060491996158598231
leaf_weight=3.0587952062487593 53.367877289652824 113.3338415324688 9.9869053363800031 98.771307572722435 6.6982851326465598 3.9772204235196105 20.54756972193718 41.6501529738307 8.9391088634729368 195.5279962271452 60.111698612570763 8.3374468088150007
leaf_count=27 172 297 58 350 26 20 83 240 33 407 164 59
internal_value=0.0618135 0.0687699 0.0547395 0.039581 0.0172336 -0.0249266 0.0266412 0.01893 0.0785813 0.0802147 0.0692672 -0.0596927
internal_weight=624.308 540.039 222.238 108.758 84.2695 15.3735 68.896 62.1977 317.801 308.862 113.48 11.3962
internal_count=1936 1481 744 408 455 106 349 323 737 704 336 86
is_linear=0
shrinkage=0.05


Tree=8
num_leaves=13
num_cat=0
split_feature=2 0 3 3 2 0 0 6 8 1 6 1
split_gain=66.0007 25.5274 16.403 43.5674 12.6025 12.4264 14.4621 10.0386 23.3769 11.4262 9.54047 0.000414201
threshold=0.12575000000000003 0.21450000000000002 0.052000000000000011 0.096600000000000005 0.025100000000000004 0.19750000000000004 0.14350000000000002 0.01769005669596857 3.2235000000000005 0.23090000000000002 0.03508457047320037 0.004850000000000001
decision_type=2 2 2 2 2 2 2 2 2 2 2 2
left_child=4 2 10 -4 11 6 -6 8 -3 -9 -2 -1
right_child=1 7 3 -5 5 -7 -8 9 -10 -11 -12 -13
leaf_value=-0.057147718704966703 0.038072465152825585 -0.030374373882482698 -0.021565312640317441 0.053669054055044678 0.011293543878588793 -0.062207426317355763 0.05874873559063884 0.063643750425407195 0.10086152493915808 0.082838068967715006 0.071632748684543432 -0.058028209464741666
leaf_weight=3.0542162656784049 27.74974812567234 7.3217071592807752 24.782280519604683 86.088550075888634 52.214050404727459 4.2276604175567618 23.18307238817215 140.24355937540531 6.3243514448404312 173.39994250237942 89.402941703796387 2.3737857565283775
leaf_count=28 94 35 126 282 309 27 71 350 15 337 242 20
internal_value=0.0571988 0.0634809 0.0506375 0.0368524 0.0161826 0.0212078 0.025885 0.0724289 0.0304477 0.0742555 0.0636834 -0.0575328
internal_weight=640.366 555.313 228.024 110.871 85.0528 79.6248 75.3971 327.29 13.6461 313.644 117.153 5.428
internal_count=1936 1481 744 408 455 407 380 737 50 687 336 48
is_linear=0
shrinkage=0.05


Tree=9
num_leaves=12
num_cat=0
split_feature=2 0 6 0 2 0 6 8 0 8 1
split_gain=56.6474 22.305 16.1342 24.2186 11.5942 11.3549 12.9805 9.92467 16.4045 11.7304 0.000348554
threshold=0.12575000000000003 0.20450000000000002 0.20282136552953373 0.19150000000000003 0.025100000000000004 0.19750000000000004 0.053459740507508575 3.4320000000000004 0.24250000000000002 3.3185000000000007 0.004850000000000001
decision_type=2 2 2 2 2 2 2 2 2 2 2
left_child=4 2 3 -2 10 6 -6 9 -9 -3 -1
right_child=1 7 -4 -5 5 -7 -8 8 -10 -11 -12
leaf_value=-0.056751044100505792 0.048251417582691941 0.064992243226184326 0.11244291163485072 -0.016808890063752465 0.017857046167802385 -0.061473664963913682 0.090649218831319947 0.029287324007493801 0.098676206606710407 0.014347848560479499 -0.057576199269273355
leaf_weight=2.9250525683164588 192.05871394276619 283.85968399047852 8.8228187114000303 15.455038323998449 69.686130039393902 4.0682541728019705 6.7145002931356421 10.453033924102781 46.005690604448318 11.913640469312666 2.2752920016646385
leaf_count=28 614 643 18 65 363 27 17 31 74 36 20
internal_value=0.053147 0.058858 0.0462214 0.0434059 0.0152442 0.0199203 0.0242544 0.0666192 0.0858292 0.0629523 -0.0571121
internal_weight=654.238 568.569 216.337 207.514 85.6692 80.4689 76.4006 352.232 56.4587 295.773 5.20034
internal_count=1936 1481 697 679 455 407 380 784 105 679 48
is_linear=0
shrinkage=0.05


Tree=10
num_leaves=15
num_cat=0
split_feature=0 3 4 6 1 1 0 0 6 8 0 6 6 3
split_gain=51.2094 17.6219 22.1869 31.9016 18.8479 23.7997 14.3374 12.893 20.9856 15.0334 12.7718 12.0873 7.8283 6.11856
threshold=0.14350000000000002 0.096600000000000005 0.31685000000000008 0.15136438202954522 0.06430000000000001 0.036650000000000009 0.08950000000000001 0.28450000000000003 0.052967743242937133 2.9185000000000003 0.14950000000000002 0.1182779423995194 0.040659356415116782 0.24270000000000003
decision_type=2 2 2 2 2 2 2 2 2 2 2 2 2 2
left_child=1 4 6 -4 5 -1 -3 9 12 11 -11 -2 -9 -10
right_child=7 2 3 -5 -6 -7 -8 8 13 10 -12 -13 -14 -15
leaf_value=0.014150062960361932 0.084130337025378324 0.12531515071176896 -0.066344130413341945 0.081714001273486853 0.067902560618943286 -0.064055289132724888 0.042159593185683811 0.053305040420866083 0.083674551342957038 0.085296817211009596 0.042765756432194491 0.033174769098943596 0.011561165411836527 0.055814377788756746
leaf_weight=83.120073795318604 50.535340547561646 11.162540316581728 7.4198271334171277 7.1384495198726654 13.631951153278349 11.017838612198828 9.6774610579013807 41.518449544906616 105.05333411693573 18.976576909422874 252.77430848777294 15.120442077517508 15.395768895745276 24.25751893222332
leaf_count=434 98 24 42 20 39 71 33 99 171 45 714 44 47 55
internal_value=0.0495069 0.0230074 0.0536151 0.00625413 0.012954 0.00499696 0.0867002 0.0567522 0.0673129 0.0509234 0.0457357 0.0723953 0.042013 0.0784482
internal_weight=666.8 143.168 35.3983 14.5583 107.77 94.1379 20.84 523.632 186.225 337.407 271.751 65.6558 56.9142 129.311
internal_count=1936 663 119 62 544 505 57 1273 372 901 759 142 146 226
is_linear=0
shrinkage=0.05


Tree=11
num_leaves=12
num_cat=0
split_feature=2 1 8 5 6 3 6 6 6 1 4
split_gain=45.0883 18.9139 18.2008 17.8333 17.3362 20.971 14.8832 8.69039 23.631 8.62425 3.63345
threshold=0.13360000000000002 0.11435000000000002 2.8040000000000007 0.69110000000000016 0.19560357251904906 0.052000000000000011 0.04411108389054854 0.055332824741371106 0.053459740507508575 0.040300000000000009 0.69900000000000018
decision_type=2 2 2 2 2 2 2 2 2 2 2
left_child=2 4 9 6 5 -2 -3 8 -4 -1 -5
right_child=1 3 7 10 -6 -7 -8 -9 -10 -11 -12
leaf_value=0.090536012479270067 0.055401550231319853 0.046191044078723785 0.0016396972508821242 -0.029775122973814155 0.10734428637345191 0.021759512735648252 0.067179389784038035 -0.063610058419963547 0.12514458674245502 0.015461958084454511 0.026601364759479353
leaf_weight=10.204859487712385 79.456150084733963 129.78249241411686 70.325315497815609 6.1137851625680906 8.8580296933650953 111.08516027778387 241.90179799497128 4.4343174546957007 4.0987876653671256 6.1193873211741439 5.3668505400419235
leaf_count=35 207 328 387 24 15 396 471 28 7 22 16
internal_value=0.046243 0.0514559 0.0143378 0.057955 0.0389671 0.0357883 0.0598508 0.00438997 0.00844153 0.0623934 -0.00342082
internal_weight=677.747 582.564 95.1827 383.165 199.399 190.541 371.684 78.8584 74.4241 16.3242 11.4806
internal_count=1936 1457 479 839 618 603 799 422 394 57 40
is_linear=0
shrinkage=0.05


Tree=12
num_leaves=13
num_cat=0
split_feature=0 3 4 6 1 1 4 1 6 0 8 0
split_gain=40.3416 15.0786 18.5818 28.0164 15.6259 21.9069 12.635 11.9976 28.5604 9.97318 9.70642 9.66957
threshold=0.14350000000000002 0.096600000000000005 0.31685000000000008 0.15136438202954522 0.06430000000000001 0.036650000000000009 0.29815000000000008 0.23090000000000002 0.016448530082710505 0.31750000000000006 2.5165000000000002 0.28750000000000003
decision_type=2 2 2 2 2 2 2 2 2 2 2 2
left_child=1 4 6 -4 5 -1 -3 10 -9 -10 -2 -12
right_child=7 2 3 -5 -6 -7 -8 8 9 -11 11 -13
leaf_value=0.012000809570217964 0.079016981922923113 0.047740264443648206 -0.065681758444734381 0.072068431208725109 0.059615295302987516 -0.063724598078685621 0.12625206962057539 -0.033590938019818384 0.076390244581545363 0.053237813246859222 0.038884423771312703 0.066197913331785138
leaf_weight=84.805672198534012 18.678122609853745 13.761485561728479 7.2529184073209745 7.5166061073541641 14.240383252501486 10.762839831411837 8.1648133993148786 7.9182641655206671 82.492378428578377 106.6469644755125 288.53570999205112 36.502998054027557
leaf_count=434 33 43 42 20 39 71 14 37 132 213 790 68
internal_value=0.0432999 0.0200263 0.0477746 0.004423 0.0107534 0.00347268 0.0769761 0.049605 0.0594409 0.0633357 0.043966 0.0419518
internal_weight=687.279 146.505 36.6958 14.7695 109.809 95.5685 21.9263 540.774 197.058 189.139 343.717 325.039
internal_count=1936 663 119 62 544 505 57 1273 382 345 891 858
is_linear=0
shrinkage=0.05


Tree=13
num_leaves=13
num_cat=0
split_feature=2 8 1 5 4 3 6 6 6 8 6 4
split_gain=35.8101 15.3988 14.9517 15.6997 14.6986 18.9358 12.6491 8.17594 19.7658 7.73023 9.34713 4.7325
threshold=0.13360000000000002 2.8040000000000007 0.11435000000000002 0.69110000000000016 0.55820000000000014 0.052000000000000011 0.04411108389054854 0.055332824741371106 0.053459740507508575 2.7785000000000006 0.043765641234078952 0.70205000000000017
decision_type=2 2 2 2 2 2 2 2 2 2 2 2
left_child=1 9 4 6 5 -2 -4 8 -3 10 -1 -5
right_child=2 7 3 11 -6 -7 -8 -9 -10 -11 -12 -13
leaf_value=-0.01621996509109715 0.049708481465837312 0.00070947365471763467 0.040215994540578448 -0.033997741732645491 0.10412309708869989 0.018388913446335604 0.059301126345002501 -0.063298414324382851 0.1106076228651042 0.099604496407746546 0.077347718417630162 0.030151974660473004
leaf_weight=5.4338956400752085 83.808519542217255 70.969491571187973 133.34563447535038 6.6227094084024412 7.2578341364860526 113.7803473174572 248.81597194075584 4.3704649209976187 4.3417227864265433 6.2919478043913832 5.2458533942699432 5.0805792957544327
leaf_count=29 211 387 328 26 9 398 471 28 7 16 12 14
internal_value=0.0406376 0.0123975 0.0451966 0.0508949 0.0342402 0.0316733 0.0526419 0.00318687 0.00704515 0.0556411 0.0297401 -0.00614935
internal_weight=695.365 96.6534 598.712 393.865 204.847 197.589 382.162 79.6817 75.3112 16.9717 10.6797 11.7033
internal_count=1936 479 1457 839 618 609 799 422 394 57 41 40
is_linear=0
shrinkage=0.05


Tree=14
num_leaves=14
num_cat=0
split_feature=0 3 0 1 0 8 6 1 6 0 0 8 8
split_gain=31.8674 13.0905 17.5491 14.4959 13.6419 17.052 13.6919 10.6886 24.8964 8.96751 8.23338 9.26567 7.86317
threshold=0.14350000000000002 0.096600000000000005 0.074500000000000011 0.036650000000000009 0.077500000000000013 2.8135000000000008 0.02459615921029561 0.23090000000000002 0.016448530082710505 0.31750000000000006 0.14950000000000002 2.5165000000000002 3.0885000000000002
decision_type=2 2 2 2 2 2 2 2 2 2 2 2 2
left_child=1 4 -3 -4 6 -6 -1 10 -9 -10 12 -12 -2
right_child=7 2 3 -5 5 -7 -8 8 9 -11 11 -13 -14
leaf_value=0.019321673459048099 0.098219399104095356 0.10282742943774739 -0.0061278743685392904 0.06652412209689923 0.077914606404570819 0.010775768570403689 -0.047772768736196972 -0.033814790859001735 0.06875280835252226 0.047017401096988889 0.070250454835808274 0.034511796285016605 0.036238834891819678
leaf_weight=13.284760601818563 10.927842155098917 9.2831080555915815 16.759651988744739 11.630274072289465 10.953247502446173 69.246641658246517 17.781263500452042 7.9435374885797492 84.228879272937775 108.69033674895763 19.252173662185669 312.8020846247673 9.6234760433435422
leaf_count=74 20 19 68 32 33 325 112 37 132 213 33 812 26
internal_value=0.0382043 0.0176742 0.0431489 0.0236349 0.00904884 0.0199452 -0.0190812 0.043729 0.0529352 0.0565071 0.0384847 0.0365839 0.069196
internal_weight=702.407 148.939 37.673 28.3899 111.266 80.1999 31.066 553.468 200.863 192.919 352.606 332.054 20.5513
internal_count=1936 663 119 100 544 358 186 1273 382 345 891 845 46
is_linear=0
shrinkage=0.05


Tree=15
num_leaves=12
num_cat=0
split_feature=2 0 6 8 3 6 8 0 0 6 1
split_gain=29.3623 12.5089 15.7793 12.385 11.4242 9.62576 9.19484 12.1141 11.5951 8.94909 6.87001
threshold=0.13360000000000002 0.20450000000000002 0.024351743992051155 2.8040000000000007 0.052000000000000011 0.017987032090042016 3.4320000000000004 0.23650000000000002 0.24250000000000002 0.021740552944074395 0.040300000000000009
decision_type=2 2 2 2 2 2 2 2 2 2 2
left_child=3 2 -2 10 -4 -5 7 -3 -8 -7 -1
right_child=1 6 4 5 -6 9 8 -9 -10 -11 -12
leaf_value=0.072195755539628717 -0.038991324302354455 0.058166191940536106 0.045431262085240176 0.08086784732490554 0.022654841677531443 -0.06197013921861249 0.017027670852764878 0.036288475632468876 0.073683826536872693 0.0032298739886194184 0.0074002700650518255
leaf_weight=11.177561037242414 7.823040470480918 86.694146171212196 103.06216146051884 3.7086730748414984 118.19161964207888 5.6851552352309218 11.032389804720877 234.225202947855 49.772390455007553 70.855424165725708 6.4521935582160941
leaf_count=35 32 173 253 14 389 39 30 506 74 369 22
internal_value=0.0359593 0.0400334 0.0307968 0.0105352 0.0332643 0.00219886 0.0455764 0.0421986 0.0634042 -0.00161295 0.0484817
internal_weight=708.68 610.801 229.077 97.879 221.254 80.2493 381.724 320.919 60.8048 76.5406 17.6298
internal_count=1936 1457 674 479 642 422 783 679 104 408 57
is_linear=0
shrinkage=0.05


Tree=16
num_leaves=14
num_cat=0
split_feature=0 0 0 3 1 1 8 6 6 6 5 1 4
split_gain=26.1708 11.4415 14.0417 17.3617 11.6837 9.50476 11.8485 15.284 11.4891 31.0985 9.94584 9.81773 7.37977
threshold=0.14350000000000002 0.12750000000000003 0.12250000000000001 0.096600000000000005 0.079000000000000015 0.21000000000000005 2.9370000000000007 0.03030449111141361 0.04770529599552157 0.040659356415116782 0.52755000000000007 0.074450000000000002 0.36475000000000007
decision_type=2 2 2 2 2 2 2 2 2 2 2 2 2
left_child=1 2 3 -1 12 6 11 -8 9 -7 -10 -2 -3
right_child=5 4 -4 -5 -6 8 7 -9 10 -11 -12 -13 -14
leaf_value=0.0038074318834031141 0.07040404668643245 -0.061077402067550947 0.066120924964170713 0.048854352123247485 0.034280587783940046 0.042666867258563675 -0.013115894654867052 0.031206768852084274 0.065108452673193443 -0.054328142921645499 0.036558559771452934 0.037245651083530035 0.027103136741744267
leaf_weight=85.594028174877167 32.004502207040787 11.814140722155573 15.268482267856596 28.515462622046471 7.2061003148555747 81.95623055100441 21.476716011762619 206.13921269774437 93.038244724273682 9.1905225366353971 45.38618491590023 73.800375938415527 2.9689309895038596
leaf_count=434 60 82 38 76 19 175 75 530 135 34 96 168 14
internal_value=0.0338794 0.0154227 0.0210899 0.0150645 -0.0179216 0.0388417 0.0334509 0.0270247 0.0466711 0.0328867 0.0557476 0.0472756 -0.0433678
internal_weight=714.359 151.367 129.378 114.109 21.9892 562.992 333.421 227.616 229.571 91.1468 138.424 105.805 14.7831
internal_count=1936 663 548 510 115 1273 833 605 440 209 231 228 96
is_linear=0
shrinkage=0.05


Tree=17
num_leaves=12
num_cat=0
split_feature=2 1 8 5 0 3 2 0 2 6 1
split_gain=24.0695 11.3657 13.6051 12.6255 15.5728 11.9519 9.1463 9.83477 7.19513 4.28023 0.000221007
threshold=0.12575000000000003 0.15425000000000003 2.8075000000000006 0.69110000000000016 0.18850000000000003 0.049900000000000007 0.025100000000000004 0.19750000000000004 0.10610000000000001 0.1182779423995194 0.004850000000000001
decision_type=2 2 2 2 2 2 2 2 2 2 2
left_child=6 2 9 4 -3 -4 10 8 -8 -2 -1
right_child=1 3 5 -5 -6 -7 7 -9 -10 -11 -12
leaf_value=-0.056704537371881282 0.064098501862871915 -0.019729994223813503 0.035561860332353465 -0.0091832927894200025 0.045694805550803047 0.014015361881461758 0.022850523485368368 -0.062648792888745378 -0.015030857510272014 0.026183142877299028 -0.057367038064728294
leaf_weight=2.8944445252418509 31.400121182203293 9.372646436095236 121.59896436333656 11.67579874396324 307.50274732708931 136.7312001734972 65.927249021828175 4.2185082882642737 15.477993838489054 9.7562427967786771 2.2277365624904633
leaf_count=28 63 33 303 38 588 432 297 27 83 24 20
internal_value=0.0319784 0.0354563 0.0284112 0.0418782 0.0437596 0.0241575 0.00790794 0.0117904 0.0156479 0.0551105 -0.0569927
internal_weight=718.784 628.038 299.487 328.551 316.875 258.33 90.7459 85.6238 81.4052 41.1564 5.12218
internal_count=1936 1481 822 659 621 735 455 407 380 87 48
is_linear=0
shrinkage=0.05


Tree=18
num_leaves=13
num_cat=0
split_feature=1 8 1 6 1 6 1 6 0 0 3 0
split_gain=22.3021 21.1629 16.9109 15.0869 9.8759 12.9308 6.94087 21.9631 8.38117 23.6424 17.4263 8.15856
threshold=0.057750000000000003 2.8040000000000007 0.053950000000000005 0.1306633701350019 0.023350000000000006 0.076091110561380196 0.23090000000000002 0.016448530082710505 0.23650000000000002 0.28750000000000003 0.24475000000000002 0.31050000000000005
decision_type=2 2 2 2 2 2 2 2 2 2 2 2
left_child=1 4 3 -3 5 -1 8 -8 10 -10 -2 -9
right_child=6 2 -4 -5 -6 -7 7 11 9 -11 -12 -13
leaf_value=-0.026426901033351963 0.033345201278518574 0.0028917810271575613 -0.07225510482895274 0.041633202823145338 0.079263066050768438 0.068253512203630184 -0.037049313296069718 0.058510170361354641 -0.0025321714559807906 0.048349915415944945 0.10705456347083075 0.037701215830898291
leaf_weight=6.9430309385061282 228.51610033214092 117.31585953384638 6.3289643526077262 31.980107307434082 16.629085287451744 7.5033338218927383 8.300717353820799 78.233274057507515 55.727586776018143 38.672807812690735 8.3102192878723127 118.37728238105774
leaf_count=37 567 545 32 86 31 17 37 119 161 70 8 226
internal_value=0.0302021 0.0153192 0.00779686 0.0111904 0.052991 0.0227494 0.0353848 0.0426178 0.0309102 0.0183126 0.0359317 0.0459813
internal_weight=722.838 186.7 155.625 149.296 31.0755 14.4464 536.138 204.911 331.227 94.4004 236.826 196.611
internal_count=1936 748 663 631 85 54 1188 382 806 231 575 345
is_linear=0
shrinkage=0.05


Tree=19
num_leaves=14
num_cat=0
split_feature=0 0 0 3 1 8 6 6 0 6 0 6 1
split_gain=20.3687 10.3165 11.5554 13.9686 10.1712 7.52193 14.5395 11.6121 9.09432 12.2548 10.3365 6.84242 2.33784
threshold=0.14350000000000002 0.12750000000000003 0.12250000000000001 0.096600000000000005 0.079000000000000015 2.9185000000000003 0.1182779423995194 0.054663521336785731 0.28450000000000003 0.068868953090805526 0.14950000000000002 0.14063803148708898 0.15965000000000001
decision_type=2 2 2 2 2 2 2 2 2 2 2 2 2
left_child=1 2 3 -1 11 6 7 -2 10 -10 -7 -3 -8
right_child=5 4 -4 -5 -6 8 12 -9 9 -11 -12 -13 -14
leaf_value=0.0021569080310709604 0.038564648697613058 -0.060852494976935824 0.057798076574837889 0.04196363884062377 0.028601123253058847 0.058447566860120509 0.020544035536939384 0.076952917869788001 0.024375210478101417 0.051272100253635294 0.022407778095063283 0.023039631470633953 -0.014627656719132857
leaf_weight=86.776808798313141 46.659389972686768 11.609077773988249 15.831285007297991 29.540620788931847 7.3997910320758811 21.430631548166275 12.486668556928636 34.093754291534424 75.69365069270134 96.133475184440613 277.6879989951849 3.0742030292749396 7.6004377007484427
leaf_count=434 96 82 38 76 19 45 30 43 165 157 714 14 23
internal_value=0.0285601 0.0124348 0.0177211 0.0122664 -0.0191989 0.0329097 0.045303 0.0547721 0.030256 0.0394234 0.0249899 -0.0432882 0.00723598
internal_weight=726.018 154.232 132.149 116.317 22.0831 571.786 100.84 80.7531 470.946 171.827 299.119 14.6833 20.0871
internal_count=1936 663 548 510 115 1273 192 139 1081 322 759 96 53
is_linear=0
shrinkage=0.05


Tree=20
num_leaves=12
num_cat=0
split_feature=1 1 2 4 5 0 8 0 0 4 6
split_gain=18.6473 18.7822 18.6677 19.4111 13.1333 10.6948 17.8084 14.085 9.99857 3.92881 2.51075
threshold=0.13915000000000002 0.13110000000000002 0.48980000000000007 0.48395000000000005 0.69110000000000016 0.20450000000000002 3.0835000000000004 0.23650000000000002 0.20550000000000002 0.70205000000000017 0.19560357251904906
decision_type=2 2 2 2 2 2 2 2 2 2 2
left_child=1 2 3 -1 5 6 -2 -7 -3 -6 -4
right_child=4 8 10 -5 9 7 -8 -9 -10 -11 -12
leaf_value=0.019696735912789573 0.041022297858793307 0.0033704831267273418 0.044126038426943431 -0.080437256720228806 -0.040252441924944919 0.061482212920419971 -0.04913253852948532 0.034444458770297975 -0.086403879287568292 0.016548571188770182 0.076162464531088173
leaf_weight=332.91531535983086 13.296774327754976 6.243519648909567 10.45774392783642 4.9111884385347357 6.9431019127368909 59.166589021682739 9.3147405087947828 259.11162246763706 6.1630459874868393 5.4214165806770325 14.730356872081755
leaf_count=1116 31 18 22 21 26 100 37 503 26 14 22
internal_value=0.0270283 0.0192695 0.0213371 0.018241 0.035274 0.0371101 0.0038833 0.0394707 -0.0412255 -0.0153471 0.0628614
internal_weight=728.675 375.421 363.015 337.827 353.254 340.89 22.6115 318.278 12.4066 12.3645 25.1881
internal_count=1936 1225 1181 1137 711 671 68 603 44 40 44
is_linear=0
shrinkage=0.05


Tree=21
num_leaves=12
num_cat=0
split_feature=2 1 5 4 3 6 8 6 6 1 4
split_gain=17.9381 9.17544 11.5718 10.62 14.2674 10.028 9.07765 7.62544 7.89482 6.03452 3.58657
threshold=0.13360000000000002 0.11435000000000002 0.69110000000000016 0.55820000000000014 0.052000000000000011 0.04411108389054854 2.8040000000000007 0.017987032090042016 0.021740552944074395 0.040300000000000009 0.70205000000000017
decision_type=2 2 2 2 2 2 2 2 2 2 2
left_child=6 3 5 4 -2 -3 9 -8 -9 -1 -4
right_child=1 2 10 -5 -6 -7 7 8 -10 -11 -12
leaf_value=0.05933186132678811 0.03347080514966181 0.02383198814447646 -0.038688669317558572 0.078253461522930626 0.0071924879161651429 0.040418378045118691 0.065859505824024389 -0.061875094510216111 -0.00015293934000447929 -0.00010752435606281692 0.015665394640600266
leaf_weight=11.736987799406053 89.702596575021744 140.73544965684414 6.8645758181810361 7.6641751974821082 121.76987421512604 258.52971296012402 4.0447963178157798 5.5772308632731429 72.894777812063694 6.7119444906711569 5.4402103126049042
leaf_count=35 211 328 26 9 398 471 14 39 369 22 14
internal_value=0.0255672 0.0286995 0.0331001 0.0204347 0.0183392 0.0345719 0.00600009 -0.00108889 -0.00453971 0.0377071 -0.0146576
internal_weight=731.672 630.707 411.57 219.137 211.472 399.265 100.966 82.5168 78.472 18.4489 12.3048
internal_count=1936 1457 839 618 609 799 479 422 408 57 40
is_linear=0
shrinkage=0.05


Tree=22
num_leaves=12
num_cat=0
split_feature=1 1 2 8 8 0 8 1 8 8 1
split_gain=16.1571 19.1942 17.6319 11.5792 6.84541 13.7521 10.7687 11.2957 10.3197 6.56711 6.30561
threshold=0.057750000000000003 0.053950000000000005 0.50660000000000005 2.8040000000000007 3.4320000000000004 0.24250000000000002 3.3020000000000005 0.34930000000000005 3.5190000000000006 3.5125000000000006 0.06430000000000001
decision_type=2 2 2 2 2 2 2 2 2 2 2
left_child=1 2 3 -1 6 8 10 -8 -6 -7 -2
right_child=4 -3 -4 -5 5 9 7 -9 -10 -11 -12
leaf_value=0.04088840210049835 0.057416190922279779 -0.071857449939097345 0.10234292543702671 0.006353479412104914 -0.013575676610170751 0.069397953878373608 -0.039221031979838644 0.031766489683895907 0.045179362297668765 0.029531968309941876 0.026791403841877399
leaf_weight=28.987442791461945 17.504595883190632 6.6345743909478179 5.5659357309341422 149.19716167449951 15.256440505385401 36.072391405701637 12.478673696517946 10.171793133020399 14.649425461888312 14.475694030523298 422.47941075265408
leaf_count=81 40 34 6 627 48 46 45 19 32 28 930
internal_value=0.0242261 0.0116924 0.0147091 0.0119717 0.0286199 0.042081 0.026279 -0.0073422 0.0152056 0.0579813 0.0280098
internal_weight=733.474 190.385 183.751 178.185 543.088 80.454 462.634 22.6505 29.9059 50.5481 439.984
internal_count=1936 748 714 708 1188 154 1034 64 80 74 970
is_linear=0
shrinkage=0.05


Tree=23
num_leaves=13
num_cat=0
split_feature=2 1 0 6 6 1 5 6 3 5 1 4
split_gain=15.3361 8.8807 9.59172 19.2254 7.90317 7.86708 10.5693 9.08545 9.03494 31.6127 14.9218 3.18345
threshold=0.13360000000000002 0.11220000000000001 0.07350000000000001 0.024037711216447686 0.02459615921029561 0.11435000000000002 0.69110000000000016 0.04411108389054854 0.052000000000000011 0.20300000000000004 0.099750000000000019 0.70205000000000017
decision_type=2 2 2 2 2 2 2 2 2 2 2 2
left_child=1 2 4 -4 -1 8 7 -7 10 -10 -2 -8
right_child=5 -3 3 -5 -6 6 11 -9 9 -11 -12 -13
leaf_value=0.0026413792014446736 0.038426254362122617 -0.06992369075437016 0.099751837958072159 0.0085000760530226684 -0.06071879087924642 0.021139795478840318 -0.038384629795363737 0.036893789420814935 -0.069636903761735244 0.017432930602305486 -0.020652844648198169 0.012696968677827929
leaf_weight=12.398979187011721 78.226066276431084 3.8141481801867476 6.2827278524637213 71.016738638281822 8.1610638424754125 141.55319049954414 6.8502966016530973 258.90843527019024 11.427164748311041 118.83846202492714 12.379256263375281 5.4980458468198776
leaf_count=71 173 20 14 315 59 328 26 471 60 347 38 14
internal_value=0.0229528 0.00492637 0.00784371 0.0159168 -0.0225087 0.0258452 0.0299203 0.0313251 0.0182288 0.00979499 0.0303544 -0.0156408
internal_weight=735.355 101.674 97.8595 77.2995 20.56 633.681 412.81 400.462 220.871 130.266 90.6053 12.3483
internal_count=1936 479 459 329 130 1457 839 799 618 407 211 40
is_linear=0
shrinkage=0.05


Tree=24
num_leaves=14
num_cat=0
split_feature=0 0 0 3 1 8 6 6 8 0 6 6 0
split_gain=14.0553 9.73424 8.88946 12.0136 8.60379 6.61294 14.0232 10.4787 8.0493 14.4483 9.80192 5.92623 5.06889
threshold=0.14350000000000002 0.12750000000000003 0.12250000000000001 0.096600000000000005 0.079000000000000015 2.9185000000000003 0.1182779423995194 0.054663521336785731 3.4320000000000004 0.24250000000000002 0.043407605443646038 0.14063803148708898 0.22050000000000003
decision_type=2 2 2 2 2 2 2 2 2 2 2 2 2
left_child=1 2 3 -1 11 6 7 -2 10 -10 -7 -3 -8
right_child=5 4 -4 -5 -6 8 12 -9 9 -11 -12 -13 -14
leaf_value=-0.00045681665203950954 0.031034572942617883 -0.060914371586827734 0.048056736153311075 0.035971988603702765 0.021307560940037537 0.0064113755027126315 -0.027514596166144725 0.067428900624127555 0.011551272836322783 0.05389011205810651 0.024528766326222595 0.015253322062080236 0.022583158043742238
leaf_weight=88.664929524064064 47.29983976483345 11.567722335457804 16.448011502623558 30.388935744762421 7.602911800146102 100.22487950325012 9.2398577183485049 33.990793839097023 33.574458733201027 50.396106645464897 292.62342751026154 3.2772387862205496 11.132464542984961
leaf_count=434 96 82 38 76 19 268 30 43 90 74 649 14 23
internal_value=0.0217691 0.00854976 0.0136019 0.00884177 -0.0219465 0.0253785 0.0369561 0.0462525 0.0229101 0.0369615 0.0199066 -0.0440993 -0.000138656
internal_weight=736.432 157.95 135.502 119.054 22.4479 578.482 101.663 81.2906 476.819 83.9706 392.848 14.845 20.3723
internal_count=1936 663 548 510 115 1273 192 139 1081 164 917 96 53
is_linear=0
shrinkage=0.05


Tree=25
num_leaves=10
num_cat=0
split_feature=1 8 8 0 0 5 6 3 4
split_gain=12.9712 11.6475 23.3555 11.1009 9.39385 9.09529 9.88362 4.90178 7.88303
threshold=0.15425000000000003 2.8075000000000006 2.8395000000000006 0.18850000000000003 0.23650000000000002 0.69110000000000016 0.052501666807157434 0.12015000000000002 0.20735000000000001
decision_type=2 2 2 2 2 2 2 2 2
left_child=1 7 -3 -2 -4 6 -5 8 -1
right_child=3 2 4 5 -6 -7 -8 -9 -10
leaf_value=0.037100627306615827 -0.024877643331394805 -0.078771220743607442 0.015084387089330815 0.021102570157407449 -0.020652724107240731 -0.013392846439282012 0.039055803751649167 0.061702538361522535 -0.017346387851379402
leaf_weight=37.10840767621994 9.6484661996364576 7.0742811411619178 318.82638282328844 136.48540851473808 19.513896122574806 11.878165423870085 174.89352834224701 13.477362409234045 8.098788842558859
leaf_count=95 33 35 1037 301 61 38 290 20 26
internal_value=0.0206628 0.0146422 0.0111432 0.027971 0.0130232 0.0295484 0.0311864 0.0352367 0.0273465
internal_weight=737.005 404.099 345.415 332.906 338.34 323.257 311.379 58.6846 45.2072
internal_count=1936 1274 1133 662 1098 629 591 141 121
is_linear=0
shrinkage=0.05


Tree=26
num_leaves=13
num_cat=0
split_feature=2 0 0 6 8 3 3 7 6 6 1 2
split_gain=12.6417 8.76752 8.6441 14.076 13.5473 6.91458 23.2955 15.0941 12.5056 11.133 7.92125 5.34172
threshold=0.13360000000000002 0.19750000000000004 0.077500000000000013 0.02459615921029561 2.9335000000000004 0.052000000000000011 0.096600000000000005 1.0000000180025095e-35 0.061714532066506393 0.098556766620674849 0.069800000000000015 0.14965000000000003
decision_type=2 2 2 2 2 2 2 2 2 2 2 2
left_child=1 2 3 -1 -4 8 7 -7 10 -8 -2 -10
right_child=5 -3 4 -5 -6 6 9 -9 11 -11 -12 -13
leaf_value=0.014641656645370558 0.045130089516817573 -0.064403823812732228 0.044807115410410138 -0.060952076885788867 -0.00047419051781048144 0.0038406496810702317 0.058851600397307281 -0.068839400099454551 0.090616375578849495 0.018250010380714301 0.01829778356901713 0.03966011469628733
leaf_weight=13.860531575977804 31.043095380067825 4.5664982125163069 25.215258076786995 11.081571623682974 47.887990817427635 17.599958918988705 18.264505699276924 12.023912146687509 5.469028413295745 223.30860857665539 241.35605935752392 86.302706152200699
leaf_count=74 68 28 70 80 227 66 34 64 5 528 544 148
internal_value=0.0196026 0.00331844 0.00647263 -0.018944 0.0151445 0.0222324 0.0161881 -0.0256592 0.0267337 0.0213198 0.0213556 0.0426968
internal_weight=737.98 102.612 98.0454 24.9421 73.1032 635.368 271.197 29.6239 364.171 241.573 272.399 91.7717
internal_count=1936 479 451 154 297 1457 692 130 765 562 612 153
is_linear=0
shrinkage=0.05


Tree=27
num_leaves=14
num_cat=0
split_feature=0 0 3 3 1 5 8 6 6 8 0 6 1
split_gain=11.4645 8.92521 7.92556 16.7271 7.83704 6.14003 5.76909 12.3776 9.26583 7.32703 13.1462 8.33928 2.07317
threshold=0.14350000000000002 0.12750000000000003 0.12725000000000003 0.096600000000000005 0.079000000000000015 0.36870000000000008 2.9185000000000003 0.1182779423995194 0.054663521336785731 3.4320000000000004 0.24250000000000002 0.043407605443646038 0.15965000000000001
decision_type=2 2 2 2 2 2 2 2 2 2 2 2 2
left_child=1 2 3 -1 5 -3 7 8 -2 11 -11 -8 -9
right_child=6 4 -4 -5 -6 -7 9 12 -10 10 -12 -13 -14
leaf_value=0.0053002603856041712 0.027254429569823144 -0.060799669819135788 -0.039473703145159508 0.049992629622437744 0.018388570032432862 0.01809356235883899 0.0043152382543179225 0.010339163632656509 0.061585952356383845 0.0089405272942169774 0.049301660982448356 0.020988405501893095 -0.022557777282289401
leaf_weight=103.35214775055647 47.48198501765728 11.551298655569555 7.2194980382919303 26.254319056868553 7.6748915761709204 3.1356897056102744 100.76988749206066 12.5795985609293 33.53329735994339 33.837909296154976 49.965662717819214 293.20164565742016 7.733414575457572
leaf_count=466 96 83 28 54 19 13 268 30 43 90 74 649 23
internal_value=0.018611 0.00672719 0.0115134 0.0143536 -0.0225584 -0.0439559 0.0218778 0.0327143 0.0414647 0.0195795 0.0330048 0.0167237 -0.00218511
internal_weight=738.291 159.188 136.826 129.606 22.3619 14.687 579.103 101.328 81.0153 477.775 83.8036 393.972 20.313
internal_count=1936 663 548 520 115 96 1273 192 139 1081 164 917 53
is_linear=0
shrinkage=0.05


Tree=28
num_leaves=9
num_cat=0
split_feature=1 6 5 2 0 5 6 3
split_gain=10.9483 9.80459 11.4472 9.98942 9.63616 8.23517 8.386 3.45159
threshold=0.15425000000000003 0.20282136552953373 0.49970000000000003 0.45725000000000005 0.18850000000000003 0.69110000000000016 0.052501666807157434 0.19445000000000004
decision_type=2 2 2 2 2 2 2 2
left_child=1 2 3 -1 -2 6 -6 -4
right_child=4 -3 7 -5 5 -7 -8 -9
leaf_value=0.010469523337859037 -0.024844974106213166 0.050186328910153247 -0.054297367691351045 0.049336140428075215 0.018214954317457625 -0.01481552101373055 0.03477924191405226 -0.0042438089801082905
leaf_weight=358.93032222986221 9.6354231238365156 16.292191475629807 8.2893795371055585 17.33027420938015 136.74382789433002 11.957896605134009 173.17875099182129 5.8925340622663489
leaf_count=1169 33 27 30 33 301 38 290 15
internal_value=0.0176805 0.0121833 0.0105976 0.0122597 0.0244249 0.0258998 0.0274708 -0.0335003
internal_weight=738.251 406.735 390.443 376.261 331.516 321.88 309.923 14.1819
internal_count=1936 1274 1247 1202 662 629 591 45
is_linear=0
shrinkage=0.05


Tree=29
num_leaves=13
num_cat=0
split_feature=2 0 2 8 3 3 7 6 6 1 2 0
split_gain=10.2867 8.31031 8.32384 7.76323 6.35811 19.8983 14.0931 10.5048 9.49743 7.52338 4.94011 0.000202455
threshold=0.13360000000000002 0.19750000000000004 0.025100000000000004 3.2375000000000003 0.052000000000000011 0.096600000000000005 1.0000000180025095e-35 0.061714532066506393 0.098556766620674849 0.069800000000000015 0.14965000000000003 0.063500000000000015
decision_type=2 2 2 2 2 2 2 2 2 2 2 2
left_child=1 2 11 -4 7 6 -6 9 -7 -2 -9 -1
right_child=4 -3 3 -5 5 8 -8 10 -10 -11 -12 -13
leaf_value=-0.057300293512872282 0.041640090095866056 -0.06422504723018839 0.015571789719878585 -0.021087303744827507 0.0026751921699121567 0.052530644560879906 -0.068013538125852618 0.084581738466621384 0.015249255542319965 0.015595078837824534 0.035278738100094305 -0.056665821469576418
leaf_weight=2.8530588448047629 31.322010859847069 4.5109236463904372 75.612726122140884 17.851222641766071 17.727814972400665 18.495271936058998 11.707321196794512 5.4017058163881293 223.70683152973652 241.58130127191544 85.515690058469772 2.2479639127850533
leaf_count=26 68 28 310 93 66 34 64 5 528 544 148 22
internal_value=0.01679 0.00213836 0.00517555 0.00857006 0.0191667 0.0133785 -0.02544 0.0234882 0.0180962 0.0185844 0.038208 -0.0570207
internal_weight=738.534 103.076 98.565 93.4639 635.458 271.637 29.4351 363.821 242.202 272.903 90.9174 5.10102
internal_count=1936 479 451 403 1457 692 130 765 562 612 153 48
is_linear=0
shrinkage=0.05


Tree=30
num_leaves=11
num_cat=0
split_feature=1 8 8 0 0 0 6 0 3 2
split_gain=9.68146 9.44903 21.4013 8.7111 8.60871 8.13012 12.7695 7.5626 4.36094 10.5018
threshold=0.15425000000000003 2.8075000000000006 2.8395000000000006 0.18850000000000003 0.23650000000000002 0.23650000000000002 0.016448530082710505 0.22950000000000004 0.14025000000000001 0.25880000000000009
decision_type=2 2 2 2 2 2 2 2 2 2
left_child=1 8 -3 -2 -4 7 -7 -5 9 -1
right_child=3 2 4 5 -6 6 -8 -9 -10 -11
leaf_value=0.031307409965044629 -0.02457494902248156 -0.078844656429281818 0.0113918946806791 0.029690318887928863 -0.022828498093768929 -0.041560151683605044 0.022024010542361902 0.070854443721962299 0.057063312073967976 -0.040907194064550283
leaf_weight=41.981387577950954 9.6163206994533521 7.0047574490308753 322.54927141964436 40.354772463440895 19.488874085247517 8.146741181612013 256.72051425278187 15.421553224325178 11.405242532491682 5.7204595059156409
leaf_count=105 33 35 1037 82 61 33 495 19 16 20
internal_value=0.015951 0.0108009 0.00767028 0.0223156 0.00944206 0.0237219 0.0200683 0.0410718 0.0292882 0.0226474
internal_weight=738.41 408.15 349.043 330.26 342.038 320.644 264.867 55.7763 59.1071 47.7018
internal_count=1936 1274 1133 662 1098 629 528 101 141 125
is_linear=0
shrinkage=0.05


Tree=31
num_leaves=12
num_cat=0
split_feature=1 8 8 8 7 8 6 4 4 5 8
split_gain=9.18832 9.76322 6.95042 18.589 13.5282 5.66103 7.92671 4.95815 6.54268 7.34678 4.73173
threshold=0.08635000000000001 2.8075000000000006 3.4680000000000004 3.2185000000000001 1.0000000180025095e-35 2.7785000000000006 0.068364893402421814 0.69395000000000018 0.61940000000000006 0.5323500000000001 3.0470000000000002
decision_type=2 2 2 2 2 2 2 2 2 2 2
left_child=1 5 3 -3 -4 6 -1 8 9 -2 -10
right_child=7 2 4 -5 -6 -7 -8 -9 10 -11 -12
leaf_value=-0.018764439482068879 0.02058698803397703 -7.3679743946982492e-05 0.0045543971410464748 0.041817082489816665 -0.074183625415647367 0.062370892298506654 0.036848485066229918 -0.015864476986417127 0.063925738554785241 -0.00044917745164803948 0.026303698750092155
leaf_weight=9.3629784286022204 385.52096664905548 165.19469944387674 16.462484665215015 31.538519203662872 8.1587862223386782 10.266414582729338 20.297933101654053 9.8309852182865125 13.527565494179724 46.512962341308594 21.867356717586517
leaf_count=40 816 622 62 97 42 19 42 27 16 111 42
internal_value=0.0151499 0.00761242 0.00350752 0.00664187 -0.0215371 0.0303697 0.0192933 0.0192763 0.0200154 0.0183222 0.0406824
internal_weight=738.542 261.282 221.354 196.733 24.6213 39.9273 29.6609 477.26 467.429 432.034 35.3949
internal_count=1936 924 823 719 104 101 82 1012 985 927 58
is_linear=0
shrinkage=0.05


Tree=32
num_leaves=11
num_cat=0
split_feature=2 1 2 6 1 1 3 2 4 0
split_gain=8.85734 8.00499 7.55128 9.54177 5.72604 10.9583 12.783 9.68203 0.563252 0.000166879
threshold=0.13360000000000002 0.11220000000000001 0.025100000000000004 0.02459615921029561 0.0038500000000000006 0.015950000000000002 0.096600000000000005 0.14300000000000004 0.20380000000000004 0.063500000000000015
decision_type=2 2 2 2 2 2 2 2 2 2
left_child=1 2 9 -4 8 6 -6 -7 -2 -1
right_child=4 -3 3 -5 5 7 -8 -9 -10 -11
leaf_value=-0.056987533010542928 0.036949983364285899 -0.070554521112747612 0.040522331546463342 -0.00073148535427190872 -0.069646496167847821 0.053545483330293388 0.0094389686040649186 0.016035712084783237 0.056261942662478429 -0.056402160143593116
leaf_weight=2.7608760222792617 7.2568271905183774 3.7820159271359435 17.086768299341202 78.006447650492191 7.9006381630897549 17.729815080761909 14.463140815496443 579.55794256925583 7.8706156089901924 2.1779896765947342
leaf_count=26 22 20 61 350 41 31 41 1304 18 22
internal_value=0.0143902 0.000850732 0.00355042 0.00668118 0.0166045 0.0158625 -0.0185002 0.0171491 0.0469977 -0.0567294
internal_weight=738.593 103.814 100.032 95.0932 634.779 619.652 22.3638 597.288 15.1274 4.93887
internal_count=1936 479 459 411 1457 1417 82 1335 40 48
is_linear=0
shrinkage=0.05


Tree=33
num_leaves=11
num_cat=0
split_feature=1 6 0 6 6 6 0 0 2 8
split_gain=8.585 16.5547 9.46865 7.83923 6.56736 10.7257 8.49062 26.3379 19.5358 2.84143
threshold=0.23090000000000002 0.016448530082710505 0.31750000000000006 0.04770529599552157 0.19560357251904906 0.21756830434707825 0.26050000000000006 0.28750000000000003 0.52775000000000005 2.8980000000000001
decision_type=2 2 2 2 2 2 2 2 2 2
left_child=4 -2 9 -4 6 -6 8 -8 -1 -3
right_child=1 2 3 -5 5 -7 7 -9 -10 -11
leaf_value=0.012312304435402183 -0.043848990796725697 0.061557210003616573 -0.0058017498805656952 0.024225009818151746 0.04930117145361998 -0.0056397748294046831 -0.063220875081891351 0.016340101702858812 -0.06525699960382117 0.034633630323322
leaf_weight=445.48560336232185 8.9792161434888822 11.349812388420103 30.115404963493347 78.129679992794991 25.43809187412262 13.650015220046042 16.078167647123337 29.465176224708557 8.2675773352384549 71.750414296984673
leaf_count=1336 37 13 73 140 39 34 57 59 29 119
internal_value=0.0136663 0.0225029 0.0256166 0.0158711 0.0103784 0.0301152 0.00883328 -0.0117473 0.010899 0.0383108
internal_weight=738.709 200.325 191.345 108.245 538.385 39.0881 499.297 45.5433 453.753 83.1002
internal_count=1936 382 345 213 1554 73 1481 116 1365 132
is_linear=0
shrinkage=0.05


Tree=34
num_leaves=12
num_cat=0
split_feature=0 0 0 8 1 0 8 8 1 6 3
split_gain=8.26674 8.11431 7.41473 9.45471 6.87705 5.99914 6.94998 6.59797 13.5986 11.0838 5.44648
threshold=0.14350000000000002 0.12750000000000003 0.12250000000000001 3.1765000000000003 0.079000000000000015 0.14950000000000002 3.0885000000000002 2.9185000000000003 0.057750000000000003 0.1182779423995194 0.12235000000000001
decision_type=2 2 2 2 2 2 2 2 2 2 2
left_child=1 2 3 -1 10 6 -2 9 -9 -7 -3
right_child=5 4 -4 -5 -6 7 -8 8 -10 -11 -12
leaf_value=-0.0051554705090904301 0.066660901109562173 -0.060963803866816435 0.038596878492814284 0.026165321678926042 0.013293447747895846 0.034824952229811315 0.011207063065955158 -0.020176721140294954 0.014514245827656298 -0.0066422798642054416 0.012024357754538501
leaf_weight=89.867690682411194 12.196492344141008 11.526784874498846 16.867020651698112 32.921456731855869 7.7736444175243369 79.413330256938934 10.526816159486769 30.266730152070522 423.72967808693647 20.216954365372658 3.2841724306344977
leaf_count=382 20 83 38 128 19 138 26 102 934 53 13
internal_value=0.0129854 0.00301537 0.00751205 0.00324206 -0.0247907 0.015792 0.0409713 0.0147585 0.0122015 0.0264104 -0.0447795
internal_weight=738.591 162.241 139.656 122.789 22.5846 576.35 22.7233 553.627 453.996 99.6303 14.811
internal_count=1936 663 548 510 115 1273 46 1227 1036 191 96
is_linear=0
shrinkage=0.05


Tree=35
num_leaves=10
num_cat=0
split_feature=2 0 6 6 1 1 3 2 2
split_gain=7.79662 7.47252 7.54884 14.4572 5.24169 9.36741 11.8664 8.75048 0.58426
threshold=0.13360000000000002 0.19750000000000004 0.053459740507508575 0.045768643189599757 0.0038500000000000006 0.015950000000000002 0.096600000000000005 0.14300000000000004 0.20510000000000003
decision_type=2 2 2 2 2 2 2 2 2
left_child=1 2 3 -1 8 6 -6 -7 -2
right_child=4 -3 -4 -5 5 7 -8 -9 -10
leaf_value=0.0038506766972255138 0.052275123103124224 -0.064026927389255861 0.045529593565252789 -0.071245537899451511 -0.068481781633916591 0.049506789221774594 0.0084028085185374312 0.013840191851424186 0.032729679776512109
leaf_weight=83.892474383115768 8.2880430817604047 4.4074459820985785 9.2487737610936147 6.9390901476144782 7.6723721772432354 17.723915472626686 14.509132787585257 578.26165612787008 7.0978096649050704
leaf_count=392 21 28 20 39 41 31 41 1304 19
internal_value=0.0123439 -0.000310455 0.00249556 -0.00188631 0.014431 0.0137135 -0.0181908 0.0149009 0.0432584
internal_weight=738.041 104.488 100.08 90.8316 633.553 618.167 22.1815 595.986 15.3859
internal_count=1936 479 451 431 1457 1417 82 1335 40
is_linear=0
shrinkage=0.05


Tree=36
num_leaves=12
num_cat=0
split_feature=1 1 6 0 8 6 6 4 2 1 0
split_gain=7.4459 10.3716 23.1239 8.71267 8.68074 8.68583 20.32 9.4535 8.23016 5.14878 9.83978
threshold=0.21000000000000005 0.19645000000000004 0.18859544078980175 0.31750000000000006 3.4320000000000004 0.04770529599552157 0.040659356415116782 0.51845000000000019 0.025100000000000004 0.26215000000000005 0.33350000000000007
decision_type=2 2 2 2 2 2 2 2 2 2 2
left_child=1 3 -3 8 5 6 -2 -7 -1 -6 -11
right_child=4 2 -4 -5 9 7 -8 -9 -10 10 -12
leaf_value=-0.056438037935144729 0.010978101447850351 -0.075240982242125332 0.042089805654251265 0.064385537598042039 0.063479714813569066 0.03315079757754185 -0.069275228549430995 0.0016594217459552339 0.0095788253701403134 -0.0019044694002277635 0.054296087199570922
leaf_weight=4.7676852270960799 61.018754631280899 10.723276197910311 6.9022737741470328 7.1879872530698767 14.42470310628414 74.911656215786934 9.0583654195070249 34.949854582548141 482.61898221820593 14.958374902606012 16.248255535960197
leaf_count=48 138 39 11 8 17 119 32 80 1390 33 21
internal_value=0.0117292 0.0083958 -0.0292935 0.00973897 0.0192984 0.0143589 0.000604331 0.0231326 0.00893304 0.0387761 0.0273573
internal_weight=737.77 512.2 17.6255 494.575 225.57 179.939 70.0771 109.862 487.387 45.6313 31.2066
internal_count=1936 1496 50 1446 440 369 170 199 1438 71 54
is_linear=0
shrinkage=0.05


Tree=37
num_leaves=10
num_cat=0
split_feature=1 4 4 4 5 6 6 6 4
split_gain=7.0063 9.13368 11.7078 17.3803 7.63297 6.70682 20.2346 4.95498 2.81187
threshold=0.11435000000000002 0.55820000000000014 0.47110000000000002 0.44240000000000007 0.69110000000000016 0.04411108389054854 0.041043061924201728 0.13919126410888083 0.70205000000000017
decision_type=2 2 2 2 2 2 2 2 2
left_child=1 2 3 -1 5 6 -2 -7 -6
right_child=4 -3 -4 -5 8 7 -8 -9 -10
leaf_value=0.0035797309819991076 0.01295669287217467 0.060473275810322948 -0.054315154348886091 0.063870004606423988 -0.043534938307071419 0.027428487851650529 -0.064628288130765973 0.013144860558277727 0.0038097889690823514
leaf_weight=299.49746922031045 135.72089433670044 7.4389894902706137 8.2625835984945279 12.45067313313484 7.0987861007451993 150.28076453506947 8.9585714638233167 101.87595088779926 5.6180904060602188
leaf_count=1019 307 9 30 21 26 269 32 209 14
internal_value=0.0111522 0.0057025 0.00443009 0.00598607 0.015512 0.0167339 0.00815262 0.0216576 -0.0226189
internal_weight=737.203 327.65 320.211 311.948 409.553 396.836 144.679 252.157 12.7169
internal_count=1936 1079 1070 1040 857 817 339 478 40
is_linear=0
shrinkage=0.05


Tree=38
num_leaves=9
num_cat=0
split_feature=1 6 0 8 1 0 0 8
split_gain=6.63212 14.9016 9.21151 7.34149 5.71801 7.54289 16.487 2.48508
threshold=0.23090000000000002 0.016448530082710505 0.31750000000000006 3.4320000000000004 0.22080000000000002 0.30350000000000005 0.26050000000000006 2.8980000000000001
decision_type=2 2 2 2 2 2 2 2
left_child=4 -2 7 -4 5 6 -1 -3
right_child=1 2 3 -5 -6 -7 -8 -9
leaf_value=0.0094293067716465194 -0.044311913124934883 0.056332383034945865 0.0054647523661725261 0.039098807172883956 -0.036167813734599867 0.037098982944397063 -0.027724507299690161 0.030700765087717546
leaf_weight=478.79531008377671 9.0196020454168302 10.922100841999052 86.297540709376335 19.980769917368889 7.3141380399465552 21.869206383824348 31.844981029629707 70.469345793128014
leaf_count=1407 37 13 183 30 21 34 92 119
internal_value=0.0106047 0.018465 0.0214821 0.0117881 0.0077407 0.00834379 0.00711229 0.0341403
internal_weight=736.513 196.689 187.67 106.278 539.824 532.509 510.64 81.3914
internal_count=1936 382 345 213 1554 1533 1499 132
is_linear=0
shrinkage=0.05


Tree=39
num_leaves=11
num_cat=0
split_feature=0 0 8 8 1 1 8 1 2 6
split_gain=6.45908 18.8137 15.8028 25.77 7.11834 11.8761 7.65223 2.87076 0.109915 0.0237798
threshold=0.10250000000000001 0.092500000000000013 3.4045000000000005 3.1765000000000003 0.0063000000000000009 0.015950000000000002 2.9385000000000008 0.011250000000000001 0.13360000000000002 0.040659356415116782
decision_type=2 2 2 2 2 2 2 2 2 2
left_child=1 2 3 -1 -2 7 -7 -6 -3 -4
right_child=4 8 9 -5 5 6 -8 -9 -10 -11
leaf_value=2.5449932580539708e-05 0.058687578434507059 -0.062325665409273451 -0.062532271268941272 0.086950915478001822 -0.015652899776353129 0.020864275077499186 0.0085976789126562293 -0.07151207720577879 -0.072881813619825361 -0.068345201714082246
leaf_weight=55.788807183504105 7.9780091382563105 4.7353255152702314 3.4455213844776145 10.064480409026144 4.3566167205572111 175.62431284785271 460.52911160886288 4.8726485073566437 5.145573690533638 3.5951507762074471
leaf_count=246 23 32 23 27 18 370 1126 26 25 20
internal_value=0.0100804 -0.00307802 0.00569825 0.0133104 0.0117474 0.0111672 0.0119841 -0.0451441 -0.0678229 -0.0655005
internal_weight=736.136 82.7749 72.894 65.8533 653.361 645.383 636.153 9.22927 9.8809 7.04067
internal_count=1936 373 316 273 1563 1540 1496 44 57 43
is_linear=0
shrinkage=0.05


Tree=40
num_leaves=11
num_cat=0
split_feature=2 0 0 6 1 1 1 3 2 4
split_gain=6.11233 6.98783 6.95069 12.0498 10.5107 4.6562 7.65557 10.862 7.86889 0.541215
threshold=0.13360000000000002 0.19750000000000004 0.077500000000000013 0.02459615921029561 0.010850000000000002 0.0038500000000000006 0.015950000000000002 0.096600000000000005 0.14300000000000004 0.20380000000000004
decision_type=2 2 2 2 2 2 2 2 2 2
left_child=1 2 3 -1 -4 9 7 -7 -8 -2
right_child=5 -3 4 -5 -6 6 8 -9 -10 -11
leaf_value=0.0083295821039345141 0.028710461926261484 -0.063706155986945609 0.053295022269032592 -0.060946525547701184 0.00090966394173466877 -0.0674192444084597 0.044690967394384072 0.0068613709565025069 0.010818105851886174 0.04728681569614316
leaf_weight=14.627813577651979 7.5758467614650717 4.3396993577480307 11.26231614500284 10.995147503912447 63.922339871525764 7.4274285137653377 17.672230362892151 14.587362319231032 575.22074284404516 8.1272329837083799
leaf_count=74 22 28 47 80 250 41 31 41 1304 18
internal_value=0.00957839 -0.00158221 0.00109219 -0.0213977 0.00875675 0.0114393 0.0107527 -0.0181997 0.0118277 0.0383248
internal_weight=735.758 105.147 100.808 25.623 75.1847 630.611 614.908 22.0148 592.893 15.7031
internal_count=1936 479 451 154 297 1457 1417 82 1335 40
is_linear=0
shrinkage=0.05


Tree=41
num_leaves=12
num_cat=0
split_feature=1 1 2 4 0 5 0 8 0 6 8
split_gain=5.96192 18.2667 12.5927 10.8273 8.12174 7.38423 6.54717 13.9551 13.9387 2.5882 1.88762
threshold=0.13915000000000002 0.13110000000000002 0.48980000000000007 0.47110000000000002 0.20450000000000002 0.69110000000000016 0.20450000000000002 3.0835000000000004 0.23650000000000002 0.20040585785479828 3.0470000000000002
decision_type=2 2 2 2 2 2 2 2 2 2 2
left_child=1 2 3 -1 -3 6 7 -2 -8 -7 -4
right_child=5 4 10 -5 -6 9 8 -9 -10 -11 -12
leaf_value=0.0056882257431797797 0.021922740147156252 -0.013915357847938152 0.027946294091850829 -0.054955359522344871 -0.094211591234055217 0.00036540724538028108 0.039004057947761031 -0.056166466473443435 0.012072877641623672 -0.044826647651002291 0.05515598558989239
leaf_weight=345.47667168825865 13.995428308844568 6.2536249011754972 13.578113570809366 7.5203993916511527 6.3437716290354729 6.0012400746345502 59.584249809384346 9.6772126108407956 248.09890176355839 6.7112412005662918 12.013240918517111
leaf_count=1110 31 17 26 27 27 16 100 37 503 24 18
internal_value=0.00910321 0.00488066 0.00685156 0.00439625 -0.0543508 0.013904 0.0153387 -0.00999959 0.0172882 -0.0234926 0.0407192
internal_weight=735.254 391.186 378.588 352.997 12.5974 344.068 331.356 23.6726 307.683 12.7125 25.5914
internal_count=1936 1225 1181 1137 44 711 671 68 603 40 44
is_linear=0
shrinkage=0.05


Tree=42
num_leaves=12
num_cat=0
split_feature=1 6 0 8 8 8 0 2 0 2 6
split_gain=5.79959 13.6407 8.41334 6.85377 5.75898 18.7386 18.7133 6.58449 6.09738 3.88982 2.46273
threshold=0.23090000000000002 0.016448530082710505 0.31750000000000006 3.4320000000000004 2.8075000000000006 2.8395000000000006 0.24850000000000003 0.025100000000000004 0.22050000000000003 0.42490000000000006 0.04770529599552157
decision_type=2 2 2 2 2 2 2 2 2 2 2
left_child=4 -2 10 -4 6 9 8 -7 -1 -6 -3
right_child=1 2 3 -5 5 7 -8 -9 -10 -11 -12
leaf_value=0.019615737941759942 -0.044071617851450244 0.022943248328234658 0.0035842501997224233 0.036345546778965586 -0.08607205183461572 -0.056093305302808233 -0.062367132881261805 0.0061168727853452088 0.057790253410452533 -0.025665409352535702 0.040510962286875445
leaf_weight=50.725738413631916 8.9945607930421811 42.490680038928986 85.67640320956707 19.620043113827705 6.3409072160720807 4.2935875356197348 6.372187376022338 454.77105186879635 13.177418306469916 4.5971613973379135 37.604401618242264
leaf_count=128 37 76 183 30 32 45 22 1296 16 15 56
internal_value=0.00865478 0.0160611 0.0189785 0.00968871 0.00599008 0.00399396 0.0193401 0.00553503 0.0274877 -0.0606837 0.0311912
internal_weight=734.664 194.386 185.392 105.296 540.278 470.003 70.2753 459.065 63.9032 10.9381 80.0951
internal_count=1936 382 345 213 1554 1388 166 1341 144 47 132
is_linear=0
shrinkage=0.05


Tree=43
num_leaves=12
num_cat=0
split_feature=0 0 3 4 1 0 6 8 1 6 5
split_gain=5.42816 7.80393 7.00978 13.9596 6.10446 5.77805 6.59751 5.90018 11.2112 9.84097 4.70781
threshold=0.14350000000000002 0.12750000000000003 0.12725000000000003 0.28935000000000005 0.079000000000000015 0.14950000000000002 0.04770529599552157 2.9185000000000003 0.057750000000000003 0.1182779423995194 0.36870000000000008
decision_type=2 2 2 2 2 2 2 2 2 2 2
left_child=1 2 3 -1 10 6 -2 9 -9 -7 -3
right_child=5 4 -4 -5 -6 7 -8 8 -10 -11 -12
leaf_value=0.0008934872175784238 0.064923759223703484 -0.06096961511533347 -0.042890646547538124 0.048492526475329187 0.0088197667521780158 0.028764789688982453 0.011014058035852183 -0.022217408367977635 0.0092190269563847474 -0.010507798168997644 0.0058052579850066885
leaf_weight=116.00953059643507 10.263488531112673 11.524125374853613 7.3649883270263663 17.761705800890923 7.8313593864440909 77.329601481556892 12.695129454135893 30.420883618295193 418.88156162947416 20.096972480416298 3.4237768501043311
leaf_count=485 16 83 28 35 19 138 30 102 934 53 13
internal_value=0.00823411 0.000215959 0.00459892 0.00721353 -0.0269401 0.0105412 0.035114 0.00950928 0.00709056 0.0206637 -0.045675
internal_weight=733.603 163.915 141.136 133.771 22.7793 569.688 22.9586 546.729 449.302 97.4266 14.9479
internal_count=1936 663 548 520 115 1273 46 1227 1036 191 96
is_linear=0
shrinkage=0.05


Tree=44
num_leaves=12
num_cat=0
split_feature=1 1 6 4 6 8 0 1 1 8 3
split_gain=5.07778 9.70229 20.8898 7.55222 9.87388 7.38914 7.77383 14.3661 5.23207 9.76216 5.09563
threshold=0.21000000000000005 0.19645000000000004 0.18859544078980175 0.55690000000000006 0.17239504242112261 3.4320000000000004 0.23550000000000001 0.23090000000000002 0.26215000000000005 3.4890000000000003 0.22285000000000002
decision_type=2 2 2 2 2 2 2 2 2 2 2
left_child=1 3 -3 4 -1 6 -2 -8 -7 -10 -5
right_child=5 2 -4 10 -6 8 7 -9 9 -11 -12
leaf_value=0.006205148716514724 0.04413662663087746 -0.075018556602569453 0.0372512715913592 0.047909851707638819 -0.032100675503037759 0.057865549806778396 -0.045264385021721032 0.01072505119269216 0.052041009271194441 -0.0052071262884860608 0.0082946115206917592
leaf_weight=445.10987677425146 14.917483523488043 10.695528075098993 6.7633667439222327 17.594991683959961 17.483591675758362 13.919841483235357 12.414368093013762 148.54324361681938 13.638543784618379 16.402499079704285 15.069565817713736
leaf_count=1334 24 39 11 25 55 17 38 307 17 37 32
internal_value=0.00783252 0.00510669 -0.0315266 0.00639809 0.00475739 0.0141899 0.00960689 0.00640669 0.0325251 0.0207834 0.0296336
internal_weight=732.553 512.717 17.4589 495.258 462.593 219.836 175.875 160.958 43.9609 30.041 32.6646
internal_count=1936 1496 50 1446 1389 440 369 345 71 54 57
is_linear=0
shrinkage=0.05


Tree=45
num_leaves=11
num_cat=0
split_feature=2 0 1 8 8 1 1 3 2 2
split_gain=4.91517 6.51069 6.53872 16.7309 11.9527 4.18259 6.65425 9.99511 7.30934 0.609872
threshold=0.13360000000000002 0.19750000000000004 0.0055500000000000002 3.2235000000000005 3.2375000000000003 0.0038500000000000006 0.015950000000000002 0.096600000000000005 0.14300000000000004 0.20510000000000003
decision_type=2 2 2 2 2 2 2 2 2 2
left_child=1 2 3 -1 -4 9 7 -7 -8 -2
right_child=5 -3 4 -5 -6 6 8 -9 -10 -11
leaf_value=-0.061132730735598176 0.043446940602584833 -0.063346736271693613 0.014443934359515851 0.051416987630588988 -0.034011085470805169 -0.066636417126103117 0.041258049356106961 0.0051809253092277054 0.0084975946404488995 0.02381777965660729
leaf_weight=11.600469827651979 8.6045477390289289 4.2260323315858832 69.351148962974548 4.6157743483781806 15.587732367217539 7.2455061674118069 17.549265652894974 14.621273577213286 571.25960398465395 7.3263508677482596
leaf_count=87 21 28 263 20 81 41 31 41 1304 19
internal_value=0.00744775 -0.00254312 -2.88112e-06 -0.0290967 0.00555161 0.00912799 0.00846819 -0.0186156 0.00947401 0.0344198
internal_weight=731.988 105.381 101.155 16.2162 84.9389 626.607 610.676 21.8668 588.809 15.9309
internal_count=1936 479 451 107 344 1457 1417 82 1335 40
is_linear=0
shrinkage=0.05


Tree=46
num_leaves=11
num_cat=0
split_feature=3 6 0 6 2 4 7 1 5 4
split_gain=4.73943 7.52068 8.2159 6.00204 20.5164 10.617 6.96263 6.49436 4.99181 9.0366
threshold=0.23245000000000002 0.19175044843677408 0.31150000000000005 0.19175044843677408 0.52510000000000012 0.51845000000000019 1.0000000180025095e-35 0.13795000000000004 0.50600000000000012 0.61940000000000006
decision_type=2 2 2 2 2 2 2 2 2 2
left_child=3 8 -3 4 7 -6 -5 -1 -2 -10
right_child=1 2 -4 6 5 -7 -8 -9 9 -11
leaf_value=0.0020798672867616912 0.072122283909412374 0.018410298020861363 -0.042852885545570374 0.045707137422571126 -0.0092187042850504549 -0.086347085550220359 -0.0029238676663711776 0.012476444248372992 -0.0052342715187945494 0.052407301900521001
leaf_weight=366.68331392854452 7.3958254903554908 18.410033941268924 7.7875982522964469 19.401493325829506 8.8660621643066424 8.9820284396409971 11.858985260128977 254.43678396940231 12.618844136595728 14.743968084454535
leaf_count=1176 7 38 24 29 21 33 28 531 30 19
internal_value=0.00708054 0.0204287 0.000198993 0.00586654 0.00481998 -0.0480335 0.0272585 0.00633874 0.0356759 0.0258249
internal_weight=731.185 60.9563 26.1976 670.229 638.968 17.8481 31.2605 621.12 34.7586 27.3628
internal_count=1936 118 62 1818 1761 54 57 1707 56 49
is_linear=0
shrinkage=0.05


Tree=47
num_leaves=11
num_cat=0
split_feature=0 0 8 8 1 1 8 0 2 6
split_gain=4.33588 17.3315 14.1994 21.0381 5.98779 9.96327 6.8374 2.71812 0.0909937 0.0195713
threshold=0.10250000000000001 0.092500000000000013 3.4045000000000005 3.1765000000000003 0.0063000000000000009 0.015950000000000002 2.9385000000000008 0.11650000000000002 0.13360000000000002 0.040659356415116782
decision_type=2 2 2 2 2 2 2 2 2 2
left_child=1 2 3 -1 -2 7 -7 -6 -3 -4
right_child=4 8 9 -5 5 6 -8 -9 -10 -11
leaf_value=-0.00092912572233678668 0.050459404747048124 -0.062039572156545264 -0.061927399845004949 0.076165741725740643 -0.014842936671777236 0.016762113767538969 0.005103944585429683 -0.069818332038648817 -0.07176441854254216 -0.067303194035843103
leaf_weight=55.675707563757896 8.2403024025261384 4.6386970877647382 3.3148258104920378 10.521246135234831 4.1646769568324071 173.50646026432514 457.10645064711571 4.8864316046237946 4.9961285591125488 3.4605762362480164
leaf_count=246 23 32 23 27 17 370 1126 27 25 20
internal_value=0.00673407 -0.00405394 0.00426795 0.0113242 0.00810954 0.00756397 0.00831157 -0.0445226 -0.0670824 -0.0646731
internal_weight=730.512 82.6072 72.9724 66.197 647.904 639.664 630.613 9.05111 9.63483 6.7754
internal_count=1936 373 316 273 1563 1540 1496 44 57 43
is_linear=0
shrinkage=0.05


Tree=48
num_leaves=11
num_cat=0
split_feature=3 6 0 6 5 5 1 4 4 6
split_gain=4.28156 6.94243 7.36638 5.42535 18.817 20.9245 6.65338 5.98978 5.64577 5.02479
threshold=0.23245000000000002 0.19175044843677408 0.31150000000000005 0.19175044843677408 0.5323500000000001 0.60425000000000006 0.050550000000000005 0.44240000000000007 0.58040000000000014 0.16211714065434257
decision_type=2 2 2 2 2 2 2 2 2 2
left_child=3 9 -3 4 7 -6 -5 -1 -8 -2
right_child=1 2 -4 6 5 -7 8 -9 -10 -11
leaf_value=0.0044281316527551772 0.0084429653691351029 0.017024655360441055 -0.040967298159906129 0.075913013113061437 -0.10126116658406931 0.004265517112056757 -0.017964988617335913 0.023987024267534213 0.031681426906875393 0.048256739251116586
leaf_weight=577.33329356834292 12.391506493091581 18.355885565280918 7.8040485829114905 5.432099491357806 8.7987048029899615 10.07819391787052 8.6235602647066134 41.990748658776283 17.045659944415092 21.985279142856598
leaf_count=1618 25 38 24 6 36 21 23 86 28 31
internal_value=0.00640085 0.0191347 -0.000275542 0.00524911 0.00425534 -0.0449215 0.0256412 0.00575424 0.0150027 0.0339054
internal_weight=729.839 60.5367 26.1599 669.302 638.201 18.8769 31.1013 619.324 25.6692 34.3768
internal_count=1936 118 62 1818 1761 57 57 1704 51 56
is_linear=0
shrinkage=0.05


Tree=49
num_leaves=10
num_cat=0
split_feature=1 0 6 8 1 8 2 2 0
split_gain=4.23896 8.85837 9.33349 10.5975 7.20712 6.82649 6.62443 7.28679 4.20049
threshold=0.29385000000000006 0.29150000000000004 0.048041446082069277 3.1765000000000003 0.2839000000000001 2.9620000000000002 0.61250000000000016 0.52775000000000005 0.26850000000000007
decision_type=2 2 2 2 2 2 2 2 2
left_child=4 -2 3 -3 6 -4 7 -1 -8
right_child=1 2 5 -5 -6 -7 8 -9 -10
leaf_value=0.0049193490133337533 0.042878535797299396 -0.037259328778460978 0.042776983379322883 0.017736888297551958 -0.038552281253345963 0.0082569488321888405 0.0027171885387961285 -0.020860662717446452 0.035108078217668925
leaf_weight=523.50251486152411 22.524746671319008 19.45277065038681 21.114781811833382 15.934883445501326 9.6277308017015439 44.515930458903313 15.421075612306593 28.924523130059242 28.520120248198509
leaf_count=1510 32 58 30 32 28 88 34 76 48
internal_value=0.00608382 0.014525 0.00820277 -0.0124948 0.00436294 0.0193628 0.00505576 0.00356953 0.0237406
internal_weight=729.539 123.543 101.018 35.3877 605.996 65.6307 596.368 552.427 43.9412
internal_count=1936 240 208 90 1696 118 1668 1586 82
is_linear=0
shrinkage=0.05


Tree=50
num_leaves=10
num_cat=0
split_feature=1 4 4 4 5 6 6 2 4
split_gain=4.0044 7.16959 9.87679 14.3822 6.78817 6.20303 17.7428 4.58657 2.50121
threshold=0.11435000000000002 0.55820000000000014 0.47110000000000002 0.44240000000000007 0.69110000000000016 0.04411108389054854 0.041043061924201728 0.21810000000000004 0.70205000000000017
decision_type=2 2 2 2 2 2 2 2 2
left_child=1 2 3 -1 5 6 -2 -7 -6
right_child=4 -3 -4 -5 8 7 -8 -9 -10
leaf_value=-0.0001737927658626311 0.0066060413498591755 0.051653629715451593 -0.053574427554797126 0.054164538289178568 -0.046307535027418502 -0.0094855003147135044 -0.06615753652614928 0.017075921800743916 -0.0017486095469536984
leaf_weight=301.11193384602666 134.07560873031616 7.0291617065668097 8.1965891271829587 12.690607622265814 7.1588329225778562 17.507840864360332 8.9362787008285505 226.70709377527237 5.6230715215206146
leaf_count=1019 307 9 30 21 26 44 32 434 14
internal_value=0.0057848 0.00169895 0.000608456 0.00202372 0.00914562 0.010329 0.00205932 0.0151717 -0.026705
internal_weight=729.037 329.028 321.999 313.803 400.009 387.227 143.012 244.215 12.7819
internal_count=1936 1079 1070 1040 857 817 339 478 40
is_linear=0
shrinkage=0.05


Tree=51
num_leaves=8
num_cat=0
split_feature=8 8 0 8 6 1 5
split_gain=3.97472 7.46847 6.52656 11.0539 6.41984 6.02122 5.79761
threshold=2.5165000000000002 2.5685000000000007 0.077500000000000013 3.1045000000000003 0.1182779423995194 0.010850000000000002 0.2361
decision_type=2 2 2 2 2 2 2
left_child=4 -2 3 -3 6 -4 -1
right_child=1 2 5 -5 -6 -7 -8
leaf_value=0.0060740233401604393 -0.043631182138037732 -0.040970651393921587 0.030375159777989054 0.015233537878046821 -0.010469544248285223 0.005421907686593383 0.05730442343972051
leaf_weight=9.1474765092134493 7.9042860120534888 19.437922179698944 25.145915247499943 15.907438941299914 10.299359411001204 626.24357274919748 13.935625821352003
leaf_count=25 28 110 87 76 26 1564 20
internal_value=0.00550344 0.00469354 0.00524975 -0.0156755 0.0223562 0.00638519 0.0370026
internal_weight=728.022 694.639 686.735 35.3454 33.3825 651.389 23.0831
internal_count=1936 1865 1837 186 71 1651 45
is_linear=0
shrinkage=0.05


Tree=52
num_leaves=11
num_cat=0
split_feature=1 1 6 0 8 8 0 1 1 8
split_gain=3.83782 8.84548 17.9579 7.50309 7.10368 6.73306 7.15945 12.5428 4.92063 9.46454
threshold=0.21000000000000005 0.19645000000000004 0.18859544078980175 0.31750000000000006 2.8075000000000006 3.4320000000000004 0.23550000000000001 0.23090000000000002 0.26215000000000005 3.4890000000000003
decision_type=2 2 2 2 2 2 2 2 2 2
left_child=1 3 -3 4 -1 6 -2 -8 -7 -10
right_child=5 2 -4 -5 -6 8 7 -9 9 -11
leaf_value=0.018398108559845847 0.039803080474836751 -0.072348663337074667 0.032483132391400896 0.056181612254205197 0.00095014831766644268 0.053629175903140452 -0.044879318244240435 0.0074390550220766218 0.048532007559291733 -0.0085756846363503041
leaf_weight=67.740160867571831 14.705435410141943 10.686014726758005 6.6134050488471976 6.8200920671224585 420.18924184143543 13.447402462363241 12.431816056370733 145.91159917414188 13.181777179241182 16.136933147907257
leaf_count=159 24 39 11 8 1279 17 38 307 17 37
internal_value=0.00522867 0.0028716 -0.0322725 0.00410045 0.00337248 0.0108211 0.00643075 0.00333145 0.0285863 0.0171001
internal_weight=727.864 512.049 17.2994 494.749 487.929 215.815 173.049 158.343 42.7661 29.3187
internal_count=1936 1496 50 1446 1438 440 369 345 71 54
is_linear=0
shrinkage=0.05


Tree=53
num_leaves=8
num_cat=0
split_feature=4 2 2 2 5 4 1
split_gain=3.76371 7.04368 6.83856 14.7198 12.4244 4.76048 4.10991
threshold=0.69395000000000018 0.61250000000000016 0.52775000000000005 0.50660000000000005 0.63925000000000021 0.59350000000000014 0.18245000000000003
decision_type=2 2 2 2 2 2 2
left_child=1 2 3 -1 -4 -3 -7
right_child=-2 5 4 -5 -6 6 -8
leaf_value=0.0039081771271787307 -0.025916780634866677 -0.004787938899359084 -0.038462744577178007 0.04743215433818869 0.023038156964990241 0.055332622269991028 0.020208344409079898
leaf_weight=613.88125156611204 9.7284772545099241 10.968128770589827 23.597800612449646 20.06084480881691 12.595229282975195 12.990042522549627 23.207078263163567
leaf_count=1702 27 25 69 29 23 16 45
internal_value=0.00497411 0.00539308 0.00407861 0.00528548 -0.0170603 0.0240693 0.0328134
internal_weight=727.029 717.3 670.135 633.942 36.193 47.1652 36.1971
internal_count=1936 1909 1823 1731 92 86 61
is_linear=0
shrinkage=0.05


Tree=54
num_leaves=10
num_cat=0
split_feature=1 0 6 8 1 8 0 0 6
split_gain=3.63847 8.31478 8.24662 9.40299 6.54474 6.38992 5.55349 15.0205 6.84615
threshold=0.29385000000000006 0.29150000000000004 0.048041446082069277 3.1765000000000003 0.2839000000000001 2.9620000000000002 0.28750000000000003 0.27650000000000008 0.17772463853933107
decision_type=2 2 2 2 2 2 2 2 2
left_child=4 -2 3 -3 6 -4 7 -1 -8
right_child=1 2 5 -5 -6 -7 8 -9 -10
leaf_value=0.0032606829771308736 0.040433120207034982 -0.036242718870793104 0.040083609846316703 0.015673904516742564 -0.037711811800845797 0.0063275677505476779 0.0043792476655438867 -0.058138020898094812 0.036979526818928819
leaf_weight=517.89416015148163 22.005875155329704 19.451589912176132 20.59659181535244 15.810517162084578 9.6472863107919675 43.902963265776634 40.520100429654121 10.156447917222975 26.726643696427345
leaf_count=1506 32 58 30 32 28 88 86 34 42
internal_value=0.00472837 0.0126141 0.00647763 -0.0129648 0.00314108 0.0171069 0.00380314 0.00207975 0.0173359
internal_weight=726.712 121.768 99.7617 35.2621 604.945 64.4996 595.297 528.051 67.2467
internal_count=1936 240 208 90 1696 118 1668 1540 128
is_linear=0
shrinkage=0.05


Tree=55
num_leaves=8
num_cat=0
split_feature=4 3 6 5 7 5 2
split_gain=3.53914 6.16221 5.69106 16.7822 5.63881 5.3603 4.82547
threshold=0.69395000000000018 0.23245000000000002 0.19175044843677408 0.5323500000000001 1.0000000180025095e-35 0.67320000000000013 0.64385000000000014
decision_type=2 2 2 2 2 2 2
left_child=1 2 3 -1 -4 6 -3
right_child=-2 5 4 -5 -6 -7 -8
leaf_value=0.0040456939606983815 -0.025434886508692606 0.016779272880047935 0.0418613519470332 -0.044003913575813083 -0.0031302274849203068 -0.0067924566973874409 0.053327320334201206
leaf_weight=617.56771764904261 9.7428417801856977 23.016028270125389 18.59688925743103 18.723187163472176 11.133225187659265 12.366649806499479 14.863759681582449
leaf_count=1704 27 44 28 57 26 32 18
internal_value=0.00449755 0.0049047 0.00363087 0.00263181 0.0250131 0.0217893 0.0311205
internal_weight=726.01 716.267 666.021 636.291 29.7301 50.2464 37.8798
internal_count=1936 1909 1815 1761 54 94 62
is_linear=0
shrinkage=0.05


Tree=56
num_leaves=12
num_cat=0
split_feature=0 0 3 4 0 1 0 8 2 4 8
split_gain=3.49656 7.50461 6.00951 11.6886 5.69079 5.63693 5.14119 4.48849 4.29971 4.26213 4.12248
threshold=0.14350000000000002 0.12750000000000003 0.12725000000000003 0.28935000000000005 0.14950000000000002 0.079000000000000015 0.15750000000000003 3.1180000000000008 0.28670000000000007 0.37280000000000008 3.0155000000000007
decision_type=2 2 2 2 2 2 2 2 2 2 2
left_child=1 2 3 -1 10 9 7 -6 -8 -3 -2
right_child=4 5 -4 -5 6 -7 8 -9 -10 -11 -12
leaf_value=-0.0012347303537104868 0.057811728362528063 -0.061028000956733088 -0.042054819922509964 0.042057532181077495 -0.031997594647702791 0.0055368905165611611 0.01156135218064598 0.010220136668634909 0.0022839824259871262 0.0032074724013465708 0.014131298565788503
leaf_weight=116.91411753743887 8.6317557990551013 11.631599329411985 7.2945924401283255 17.990397706627846 16.821857631206516 7.8591275215148917 217.59743452817202 10.061416432261465 293.13682562112808 3.3192795217037192 14.434623122215269
leaf_count=485 13 84 28 35 52 19 488 24 663 12 33
internal_value=0.00427538 -0.00212225 0.00214841 0.00453858 0.00615821 -0.0287458 0.00511481 -0.0161971 0.00623659 -0.0467669 0.0304771
internal_weight=725.693 165.009 142.199 134.905 560.684 22.81 537.618 26.8833 510.734 14.9509 23.0664
internal_count=1936 663 548 520 1273 115 1227 76 1151 96 46
is_linear=0
shrinkage=0.05


Tree=57
num_leaves=8
num_cat=0
split_feature=8 8 6 0 8 3 5
split_gain=3.44775 6.76292 5.87286 5.5185 10.1113 5.61796 5.41795
threshold=2.5165000000000002 2.5685000000000007 0.1182779423995194 0.077500000000000013 3.1045000000000003 0.065550000000000011 0.2361
decision_type=2 2 2 2 2 2 2
left_child=2 -2 6 4 -3 -5 -1
right_child=1 3 -4 5 -6 -7 -8
leaf_value=0.0039824533349028628 -0.042681935791594516 -0.039988787395573808 -0.01170088905912274 0.0082818887579097621 0.013771467344765012 -0.0014926562769647751 0.053642669634311302
leaf_weight=9.1248921900987643 7.9016957953572264 19.143046140670776 10.220953643321989 423.44009909033775 16.104266159236431 225.17536086589098 13.796699762344359
leaf_count=25 28 110 26 1070 76 581 20
internal_value=0.00406483 0.00331007 0.0198185 0.00384148 -0.0154261 0.00488853 0.0338734
internal_weight=724.907 691.764 33.1425 683.863 35.2473 648.615 22.9216
internal_count=1936 1865 71 1837 186 1651 45
is_linear=0
shrinkage=0.05


Tree=58
num_leaves=10
num_cat=0
split_feature=8 8 0 7 1 0 0 6 1
split_gain=3.32776 13.6962 8.16613 10.2655 6.47068 13.1822 6.38081 7.79339 4.89645
threshold=2.8075000000000006 2.8205000000000005 0.24850000000000003 1.0000000180025095e-35 0.057750000000000003 0.17950000000000002 0.22050000000000003 0.10764331098150422 0.06430000000000001
decision_type=2 2 2 2 2 2 2 2 2
left_child=2 -2 6 -4 5 -3 7 -1 -6
right_child=1 4 3 -5 8 -7 -8 -9 -10
leaf_value=0.021628135940237051 -0.058651835485798734 -0.0011912548505453938 -0.055714666784843041 0.023570505895808624 0.031568864187357583 -0.057347723968236952 0.052031657273822599 -0.03307941824759416 0.0054627427530851104
leaf_weight=43.01330778002739 8.9801223501563054 151.64050561562181 8.599847078323366 7.772288277745246 18.702201589941978 11.223815679550169 13.499677225947378 7.6708007156848899 453.36071939766407
leaf_count=105 38 601 28 15 42 46 17 24 1020
internal_value=0.00386358 0.00266497 0.0134443 -0.0180759 0.00353221 -0.00506129 0.0214846 0.0133484 0.00649702
internal_weight=724.463 643.907 80.5559 16.3721 634.927 162.864 64.1838 50.6841 472.063
internal_count=1936 1747 189 43 1709 647 146 129 1062
is_linear=0
shrinkage=0.05


Tree=59
num_leaves=15
num_cat=0
split_feature=8 1 1 0 1 1 0 0 0 4 8 0 8 0
split_gain=3.23585 9.12172 12.6564 9.15546 6.91247 21.0736 11.3302 11.1722 6.49522 6.33475 4.6743 8.56351 8.17113 3.61098
threshold=2.9335000000000004 0.023350000000000006 0.053950000000000005 0.086500000000000007 0.057750000000000003 0.028400000000000005 0.16450000000000004 0.16350000000000003 0.41100000000000003 0.21590000000000001 3.4320000000000004 0.24250000000000002 3.3020000000000005 0.12450000000000001
decision_type=2 2 2 2 2 2 2 2 2 2 2 2 2 2
left_child=1 3 -3 9 5 7 -7 -2 -4 -1 12 -12 -6 -5
right_child=4 2 8 13 10 6 -8 -9 -10 -11 11 -13 -14 -15
leaf_value=0.019587727582399593 0.0023212413981583114 0.040805015361500878 0.0036679052574615659 -0.074255798777721538 0.0044260854555779258 -0.021455015259073468 -0.079217729873213641 0.082653205678946809 0.047538601587805047 -0.040379868614842176 -0.0042786896863462346 0.030056012072947138 -0.026973876415065035 -0.015228014749483458
leaf_weight=16.58802937716246 77.079306446015835 34.764844089746475 118.82739351689816 6.8501916602253896 301.74165921658278 35.335042081773281 11.174190901219843 4.585648998618125 9.0817587077617628 5.9956411868333808 30.595301456749439 44.682469800114632 22.246296659111977 4.1669470220804214
leaf_count=64 333 71 267 35 697 142 51 6 12 22 80 74 64 18
internal_value=0.00367413 0.00915482 0.0140536 -0.0145622 0.00163462 -0.00846793 -0.0353329 0.00683204 0.0067828 0.00366719 0.00487779 0.0161013 0.00227004 -0.0519301
internal_weight=723.715 196.275 162.674 33.6008 527.44 128.174 46.5092 81.665 127.909 22.5837 399.266 75.2778 323.988 11.0171
internal_count=1936 489 350 139 1447 532 193 339 279 86 915 154 761 53
is_linear=0
shrinkage=0.05


Tree=60
num_leaves=10
num_cat=0
split_feature=6 8 6 8 6 2 3 0 2
split_gain=3.21187 12.5276 11.1238 9.85741 6.60333 8.38177 6.67828 6.34756 4.24588
threshold=0.043407605443646038 2.5685000000000007 0.042254032884255756 2.7845000000000004 0.045768643189599757 0.12045000000000002 0.052000000000000011 0.17850000000000002 0.14515000000000003
decision_type=2 2 2 2 2 2 2 2 2
left_child=1 -1 3 -3 8 7 -7 -6 -2
right_child=4 2 -4 -5 5 6 -8 -9 -10
leaf_value=-0.066234959938386725 0.054660516500787473 0.043526109550696662 -0.057067002481335262 0.00017553856928011809 -0.071349432468519769 0.013376859110612302 0.0008601082939410868 -0.0052192054296780017 0.0089477545681958901
leaf_weight=7.1826590821146956 11.060533180832865 13.969048731029032 8.0238937363028509 214.06764233857393 6.1092793159186831 177.8146583288908 265.95975843071938 8.9367041736841184 9.3938422650098783
leaf_count=29 27 28 31 672 36 366 692 34 21
internal_value=0.00349528 -0.00118419 0.000795118 0.0028311 0.00587022 0.00463105 0.00587541 -0.0320708 0.0336665
internal_weight=722.518 243.243 236.061 228.037 479.275 458.82 443.774 15.046 20.4544
internal_count=1936 760 731 700 1176 1128 1058 70 48
is_linear=0
shrinkage=0.05


Tree=61
num_leaves=8
num_cat=0
split_feature=4 2 2 2 5 4 1
split_gain=3.15168 5.78257 5.95181 13.6201 10.7928 4.46299 3.84975
threshold=0.69395000000000018 0.61250000000000016 0.52775000000000005 0.50660000000000005 0.63925000000000021 0.59350000000000014 0.18245000000000003
decision_type=2 2 2 2 2 2 2
left_child=1 2 3 -1 -4 -3 -7
right_child=-2 5 4 -5 -6 6 -8
leaf_value=0.0023349522035494685 -0.024921222276594698 -0.0072576368632463932 -0.037109864017129138 0.044688802014332715 0.020468951952951748 0.051515211053098781 0.017107696539426023
leaf_weight=610.28418078273535 9.7437646389007551 10.844257175922392 23.591559916734695 19.591059550642967 12.42495049536228 12.650519549846647 22.747966140508652
leaf_count=1702 27 25 69 29 23 16 45
internal_value=0.00332281 0.00370925 0.00252193 0.00365229 -0.0172464 0.0208066 0.0294041
internal_weight=721.878 712.134 665.892 629.875 36.0165 46.2427 35.3985
internal_count=1936 1909 1823 1731 92 86 61
is_linear=0
shrinkage=0.05


Tree=62
num_leaves=9
num_cat=0
split_feature=2 0 6 6 1 2 2 3
split_gain=3.01944 6.11398 6.03688 12.0019 3.85916 5.63276 8.7681 1.09839
threshold=0.13360000000000002 0.19750000000000004 0.053459740507508575 0.045768643189599757 0.0038500000000000006 0.14300000000000004 0.15745000000000003 0.07110000000000001
decision_type=2 2 2 2 2 2 2 2
left_child=1 2 3 -1 7 -6 -7 -2
right_child=4 -3 -4 -5 5 6 -8 -9
leaf_value=-0.00099622684218329881 0.015302015923893847 -0.063675571120211008 0.036830274731963479 -0.070749540929183938 0.03130276724533379 -0.036896135694134781 0.0039397769140969421 0.041383446528579414
leaf_weight=85.896836422383785 7.9080158621072796 4.2116888836026183 9.0281083770096284 6.6437809616327277 18.120438128709793 13.456443056464193 567.9654681161046 8.2462083697319013
leaf_count=392 22 28 20 39 36 46 1335 18
internal_value=0.0031593 -0.00464444 -0.00219664 -0.00600404 0.00450003 0.00385025 0.00299467 0.0286157
internal_weight=721.477 105.78 101.569 92.5406 615.697 599.542 581.422 16.1542
internal_count=1936 479 451 431 1457 1417 1381 40
is_linear=0
shrinkage=0.05


Tree=63
num_leaves=11
num_cat=0
split_feature=8 0 8 8 0 1 1 8 6 5
split_gain=2.96608 5.42192 9.95737 19.0094 7.93463 5.63273 9.14479 8.71409 5.31611 4.75926
threshold=2.5165000000000002 0.077500000000000013 3.1045000000000003 3.2375000000000003 0.057500000000000009 0.010850000000000002 0.015950000000000002 3.1765000000000003 0.1182779423995194 0.2361
decision_type=2 2 2 2 2 2 2 2 2 2
left_child=8 2 4 -4 -2 7 -7 -3 9 -1
right_child=1 5 3 -5 -6 6 -8 -9 -10 -11
leaf_value=0.0031753799599300754 -0.00038421285983943223 0.0046329194329031579 0.050878834221060404 -0.063514909895166713 -0.065454627074770441 -0.042884135020381117 0.0032127188294422296 0.065519782643525454 -0.01254531992147327 0.049880373737546585
leaf_weight=9.1176501736044901 7.6183815672993687 16.494842261075977 10.797789156436922 5.4720814153552046 12.166847065091131 10.950405128300188 615.48798425495625 9.1285928264260274 10.0633647441864 13.576181679964064
leaf_count=25 39 67 39 37 77 59 1526 21 26 20
internal_value=0.00300291 0.00230314 -0.0165714 0.0124045 -0.040399 0.00334679 0.00240693 0.0263244 0.0177026 0.0311158
internal_weight=720.874 688.117 36.0551 16.2699 19.7852 652.062 626.438 25.6234 32.7572 22.6938
internal_count=1936 1865 192 76 116 1673 1585 88 71 45
is_linear=0
shrinkage=0.05


Tree=64
num_leaves=15
num_cat=0
split_feature=8 1 1 0 3 3 1 3 3 4 0 2 4 5
split_gain=2.9804 7.77527 11.13 8.39651 6.38482 31.4119 17.2469 7.1321 6.37901 13.2349 8.03588 6.20861 5.77093 3.74474
threshold=2.9335000000000004 0.023350000000000006 0.053950000000000005 0.086500000000000007 0.15675000000000003 0.11395000000000001 0.097750000000000017 0.10290000000000001 0.18560000000000001 0.37955000000000005 0.28450000000000003 0.48350000000000004 0.21590000000000001 0.36705000000000004
decision_type=2 2 2 2 2 2 2 2 2 2 2 2 2 2
left_child=1 3 13 12 5 7 -7 -2 9 -6 -10 -4 -1 -3
right_child=4 2 11 -5 8 6 -8 -9 10 -11 -12 -13 -14 -15
leaf_value=0.018654294807215636 0.00042647186705235644 0.026928144243051184 0.011204683172238238 -0.050334740838968085 -0.045136167714462855 -0.082104256892129135 -0.0019935291221034762 0.033293474983708993 -0.016388724454572626 0.049064025536565366 0.017331664235973661 -0.016798579442483672 -0.038952971412223113 0.062682812085252101
leaf_weight=16.499243631958965 377.26603184640408 24.180827580392361 102.57704535126686 10.718102075159548 4.4850599765777615 18.042017966508869 10.704647213220595 17.261002093553543 28.253964230418205 22.109944030642509 47.156248897314072 24.525707751512527 5.902741700410842 10.504350081086157
leaf_count=64 1090 57 217 53 15 80 26 38 75 34 89 62 22 14
internal_value=0.00285317 0.00813354 0.012652 -0.0139384 0.000893849 -0.00181229 -0.0522727 0.00186444 0.012123 0.0331778 0.00469764 0.00580118 0.00347525 0.0377564
internal_weight=720.187 194.908 161.788 33.1201 525.279 423.274 28.7467 394.527 102.005 26.595 75.4102 127.103 22.402 34.6852
internal_count=1936 489 350 139 1447 1234 106 1128 213 49 164 279 86 71
is_linear=0
shrinkage=0.05


Tree=65
num_leaves=8
num_cat=0
split_feature=3 6 0 6 3 4 3
split_gain=2.94109 6.24415 6.62057 5.16164 5.11767 9.42181 6.20911
threshold=0.23245000000000002 0.19175044843677408 0.31150000000000005 0.16413189048375343 0.21755000000000002 0.58040000000000014 0.052000000000000011
decision_type=2 2 2 2 2 2 2
left_child=4 3 -3 -2 5 6 -1
right_child=1 2 -4 -5 -6 -7 -8
leaf_value=0.0045941208283265837 0.0040105802691866328 0.011665761933480514 -0.043779636907536959 0.044409773649334003 -0.029291665305225735 0.042065248940514152 -0.0063752650188302383
leaf_weight=452.98194293677807 13.349681079387663 17.877168983221058 7.7042523175477973 19.390926375985146 13.005562216043471 14.623125329613684 180.37272960692644
leaf_count=1231 28 38 24 28 35 21 531
internal_value=0.00271268 0.013476 -0.0050325 0.0279374 0.00176298 0.00238628 0.00147016
internal_weight=719.305 58.322 25.5814 32.7406 660.983 647.978 633.355
internal_count=1936 118 62 56 1818 1783 1762
is_linear=0
shrinkage=0.05


Tree=66
num_leaves=8
num_cat=0
split_feature=4 3 0 3 6 5 1
split_gain=2.9316 5.10409 5.43309 8.66178 4.74679 14.6798 5.0977
threshold=0.69395000000000018 0.23245000000000002 0.23750000000000002 0.23845000000000002 0.19175044843677408 0.5323500000000001 0.050550000000000005
decision_type=2 2 2 2 2 2 2
left_child=1 4 -3 -4 5 -1 -6
right_child=-2 2 3 -5 6 -7 -8
leaf_value=0.0022173045702325745 -0.024715079036776989 0.051208345276647929 0.046313061080829616 -0.0052542261908600212 0.066480306345013215 -0.042794531653450076 0.011792639644507828
leaf_weight=612.29793440178037 9.7049315571784955 10.089906901121138 11.579103767871855 27.443621218204498 5.1868734210729626 18.665835186839104 23.878008916974068
leaf_count=1704 27 13 16 65 6 57 48
internal_value=0.00257936 0.0029529 0.0185035 0.0100472 0.00179578 0.000885717 0.0215521
internal_weight=718.846 709.141 49.1126 39.0227 660.029 630.964 29.0649
internal_count=1936 1909 94 81 1815 1761 54
is_linear=0
shrinkage=0.05


Tree=67
num_leaves=10
num_cat=0
split_feature=6 8 6 8 6 2 3 0 2
split_gain=2.81143 11.3919 10.0937 8.88186 5.99836 7.17432 6.07081 5.63732 3.8406
threshold=0.043407605443646038 2.5685000000000007 0.042254032884255756 2.7885000000000004 0.045768643189599757 0.12045000000000002 0.052000000000000011 0.17850000000000002 0.14515000000000003
decision_type=2 2 2 2 2 2 2 2 2
left_child=1 -1 3 -3 8 7 -7 -6 -2
right_child=4 2 -4 -5 5 6 -8 -9 -10
leaf_value=-0.064242757839229864 0.051078411732034493 0.037928545804764999 -0.05541031740925715 -0.00081274444066545487 -0.06942478586118242 0.011815113852983757 -0.00016311804053653061 -0.0058111858223512183 0.0076134849186415415
leaf_weight=7.1180499866604796 11.092605151236059 15.903779201209543 7.9537644460797301 212.07883229851723 5.7722447179257861 176.55440945923328 263.87592075020075 8.7801893576979619 9.3799266070127469
leaf_count=29 27 32 31 668 36 366 692 34 21
internal_value=0.00245237 -0.00192205 -4.18727e-05 0.0018898 0.00468859 0.00349729 0.00463857 -0.0310436 0.031164
internal_weight=718.51 243.054 235.936 227.983 475.455 454.983 440.43 14.5524 20.4725
internal_count=1936 760 731 700 1176 1128 1058 70 48
is_linear=0
shrinkage=0.05


Tree=68
num_leaves=12
num_cat=0
split_feature=3 3 3 6 1 2 2 5 5 1 1
split_gain=2.83801 15.3204 8.3315 7.17668 8.48817 6.15932 4.6931 9.40146 8.33466 5.80813 2.81364
threshold=0.14630000000000001 0.12985000000000002 0.14025000000000001 0.15223937767174894 0.05315000000000001 0.025100000000000004 0.39720000000000005 0.45265000000000005 0.40605000000000008 0.12755000000000002 0.059900000000000002
decision_type=2 2 2 2 2 2 2 2 2 2 2
left_child=1 3 10 5 -5 -1 -2 8 -8 -9 -3
right_child=6 2 -4 4 -6 -7 7 9 -10 -11 -12
leaf_value=-0.055875651838382327 -0.022476323160582391 -0.044664829356057291 0.00025166023754880041 0.0032303108920548073 -0.071605356325201791 0.0037409596771606534 0.0061095070788660562 0.024151816424005403 0.062782596091702392 -0.0016142916139100243 -0.091688466713226766
leaf_weight=4.3687308244407168 11.471056446433066 6.841328829526903 7.3576678782701483 8.1487479209899885 7.082336723804473 522.36179274320602 11.610425010323526 29.005350410938263 14.702806293964384 88.926700294017792 5.9457499831914902
leaf_count=48 33 26 19 22 26 1431 25 57 21 203 25
internal_value=0.00233137 0.000676645 -0.0421386 0.00226809 -0.0315677 0.0032465 0.00830462 0.0107525 0.0377762 0.00472287 -0.0665299
internal_weight=717.823 562.106 20.1447 541.962 15.2311 526.731 155.716 144.245 26.3132 117.932 12.7871
internal_count=1936 1597 70 1527 48 1479 339 306 46 260 51
is_linear=0
shrinkage=0.05


Tree=69
num_leaves=11
num_cat=0
split_feature=8 6 0 7 3 6 1 1 8 5
split_gain=2.77316 5.00729 4.67547 9.05333 8.1833 5.73602 5.28729 7.92329 7.47644 4.28088
threshold=2.5165000000000002 0.1182779423995194 0.077500000000000013 1.0000000180025095e-35 0.10995000000000002 0.022101097020999393 0.010850000000000002 0.015950000000000002 3.1765000000000003 0.2361
decision_type=2 2 2 2 2 2 2 2 2 2
left_child=1 9 3 5 -5 -2 8 -8 -4 -1
right_child=2 -3 6 4 -6 -7 7 -9 -10 -11
leaf_value=0.003068801651880183 0.0067297668449098173 -0.01305859636847384 0.0044523251696861714 -0.013507584220639472 0.057737669252996553 -0.064745355576888153 -0.04119968324435936 0.0023329917735098976 0.060599188569263079 0.047516505964644906
leaf_weight=9.0898769050836581 3.785606086254119 9.9372151196002942 16.413619142025713 15.555146470665933 5.4400469064712516 10.858360670506952 10.633665025234221 613.07144458591938 9.2819019779562932 13.407555237412451
leaf_count=25 23 26 67 85 10 74 59 1526 21 20
internal_value=0.00221524 0.0165012 0.00153885 -0.0160938 0.00495271 -0.0462683 0.00250653 0.0015908 0.0247341 0.0295578
internal_weight=717.474 32.4346 685.04 35.6392 20.9952 14.644 649.401 623.705 25.6955 22.4974
internal_count=1936 71 1865 192 95 97 1673 1585 88 45
is_linear=0
shrinkage=0.05


Tree=70
num_leaves=10
num_cat=0
split_feature=1 0 6 8 8 1 0 0 0
split_gain=2.70901 7.68027 7.00924 8.48815 5.8033 5.51613 4.81302 9.89159 8.93345
threshold=0.29385000000000006 0.29150000000000004 0.048041446082069277 3.1765000000000003 2.9620000000000002 0.2839000000000001 0.30350000000000005 0.31150000000000005 0.24850000000000003
decision_type=2 2 2 2 2 2 2 2 2
left_child=5 -2 3 -3 -4 6 8 -8 -1
right_child=1 2 4 -5 -6 -7 7 -9 -10
leaf_value=0.0025138055261750853 0.036394869852545503 -0.036869023041027259 0.035728537482355764 0.012643830338962395 0.0028392759014807659 -0.036638446128094942 0.050178596855794136 0.00097750389630842397 -0.016531228376301384
leaf_weight=470.81569262593985 21.057942286133766 19.41971729695797 19.540205702185631 15.61699630320072 42.769342288374901 9.7112900465726835 15.016751036047934 31.950096428394318 70.838074013590813
leaf_count=1392 32 58 30 32 88 28 20 69 187
internal_value=0.00210523 0.00901531 0.00309256 -0.0147995 0.0131533 0.000737789 0.00135444 0.0167086 2.30751e-05
internal_weight=716.736 118.404 97.3463 35.0367 62.3095 598.332 588.621 46.9668 541.654
internal_count=1936 240 208 90 118 1696 1668 89 1579
is_linear=0
shrinkage=0.05


Tree=71
num_leaves=7
num_cat=0
split_feature=4 2 3 3 4 1
split_gain=2.64987 5.06032 5.65649 7.68328 3.88702 3.53886
threshold=0.69395000000000018 0.61250000000000016 0.2606500000000001 0.23330000000000004 0.59350000000000014 0.18245000000000003
decision_type=2 2 2 2 2 2
left_child=1 2 3 -1 -3 -6
right_child=-2 4 -4 -5 5 -7
leaf_value=0.00093775237226838889 -0.023927225191784071 -0.0076636409571631441 -0.043332368216987237 0.038784138344030071 0.048234233374319264 0.014815921687814796
leaf_weight=640.3180332146585 9.7190758585929853 10.80951242148876 7.0388305038213721 13.697146460413931 12.286165356636046 22.302301645278931
leaf_count=1781 27 25 21 21 16 45
internal_value=0.00200278 0.00235952 0.00125055 0.00173038 0.0185075 0.0266864
internal_weight=716.171 706.452 661.054 654.015 45.398 34.5885
internal_count=1936 1909 1823 1802 86 61
is_linear=0
shrinkage=0.05


Tree=72
num_leaves=6
num_cat=0
split_feature=8 8 1 6 1
split_gain=2.62665 6.05653 3.82774 9.58332 9.44497
threshold=3.7230000000000003 3.5420000000000003 0.23090000000000002 0.016448530082710505 0.21820000000000003
decision_type=2 2 2 2 2
left_child=1 2 4 -4 -1
right_child=-2 -3 3 -5 -6
leaf_value=0.00029898951205726757 -0.02250021466133258 0.033229531149872669 -0.04384806286663151 0.010623151888539836 -0.052485222504588536
leaf_weight=506.06226785480976 10.858391955494879 15.460699014365671 8.4866297394037229 166.31960445642471 8.6192063987255079
leaf_count=1479 35 32 34 329 27
internal_value=0.00190425 0.00228016 0.00158617 0.00797864 -0.000584971
internal_weight=715.807 704.948 689.488 174.806 514.681
internal_count=1936 1901 1869 363 1506
is_linear=0
shrinkage=0.05


Tree=73
num_leaves=14
num_cat=0
split_feature=8 1 1 0 8 0 0 0 2 1 8 5 0
split_gain=2.57124 7.00254 8.19666 7.24037 6.54883 8.76917 10.332 8.33237 5.9188 5.91776 5.89653 4.02707 3.58081
threshold=2.9385000000000008 0.023350000000000006 0.059900000000000002 0.086500000000000007 2.9935000000000005 0.32650000000000007 0.23250000000000004 0.43250000000000005 0.46145000000000008 0.0034500000000000004 2.7080000000000006 0.36705000000000004 0.12450000000000001
decision_type=2 2 2 2 2 2 2 2 2 2 2 2 2
left_child=1 3 11 10 5 6 -2 9 -4 -6 -1 -3 -5
right_child=4 2 8 12 7 -7 -8 -9 -10 -11 -12 -13 -14
leaf_value=0.027101882247700628 -0.014123455192020521 0.019861676913725194 0.010041132501721185 -0.071945068421685965 -0.036412572572823453 0.018628573310102297 -0.073499200510726059 -0.038779500417584614 -0.016377080607655425 0.0042688533541394595 -0.023699023381593062 0.054237450393691614 -0.011852066226011372
leaf_weight=11.28870363533497 48.841218132525682 27.372296646237373 103.12960910797119 6.4396671354770643 9.1349077746272069 16.191941067576408 8.6196732297539693 12.040250048041342 26.688073262572289 417.52713993936777 11.56285961717367 12.36986421048641 4.0305795818567276
leaf_count=30 165 68 219 35 56 30 33 33 68 1103 60 18 18
internal_value=0.00181057 0.00657466 0.0106926 -0.0143797 -7.5907e-05 -0.013872 -0.0230304 0.00224029 0.00461004 0.00339786 0.00139669 0.0305612 -0.0488119
internal_weight=715.237 202.882 169.56 33.3218 512.355 73.6528 57.4609 438.702 129.818 426.662 22.8516 39.7422 10.4702
internal_count=1936 516 373 143 1420 228 198 1192 287 1159 90 86 53
is_linear=0
shrinkage=0.05


Tree=74
num_leaves=15
num_cat=0
split_feature=3 3 3 6 1 6 7 2 4 5 5 4 4 6
split_gain=2.4923 13.8805 7.56134 6.38677 7.5785 5.60844 4.60577 8.12943 9.70404 7.38708 16.4727 7.34426 5.31586 2.65949
threshold=0.14630000000000001 0.12985000000000002 0.14025000000000001 0.15223937767174894 0.05315000000000001 0.068364893402421814 1.0000000180025095e-35 0.52775000000000005 0.61940000000000006 0.61005000000000009 0.52440000000000009 0.44360000000000005 0.64180000000000004 0.15426983831000862
decision_type=2 2 2 2 2 2 2 2 2 2 2 2 2 2
left_child=1 3 13 5 -5 -1 7 11 -9 10 -8 -2 -11 -3
right_child=6 2 -4 4 -6 -7 9 8 -10 12 -12 -13 -14 -15
leaf_value=-0.00037854584018926006 0.0018713740165036527 -0.08216413285632089 -0.00033272550941098624 0.00267534034022641 -0.067983477176953744 0.011560708399678227 0.00041880031340652116 -0.028148181449317539 0.022703747705238017 0.03106857819199061 -0.077913525145825793 0.046123379239678797 -0.008473469290290114 -0.034825046937943922
leaf_weight=393.21203079074621 14.256386652588843 7.8444666266441363 7.303324580192565 8.1525659263133985 7.0994138121604911 131.175770804286 31.740049123764038 17.622892171144485 20.061380982398987 21.149505794048309 8.5112960487604123 27.389607906341553 14.210408508777617 4.7715170085430145
leaf_count=1148 33 35 19 22 26 331 78 49 36 36 31 41 35 16
internal_value=0.00172133 0.000167403 -0.0408213 0.00168039 -0.0302146 0.00260806 0.0073332 0.0157493 -0.00107694 -0.00149685 -0.0161449 0.0309749 0.0151775 -0.0642599
internal_weight=714.501 559.559 19.9193 539.64 15.252 524.388 154.942 79.3303 37.6843 75.6113 40.2513 41.646 35.3599 12.616
internal_count=1936 1597 70 1527 48 1479 339 159 85 180 109 74 71 51
is_linear=0
shrinkage=0.05


Tree=75
num_leaves=11
num_cat=0
split_feature=1 1 6 0 0 8 0 1 1 0
split_gain=2.49158 8.18859 14.5684 7.02273 7.34843 5.71356 6.4307 10.2852 4.84971 9.85773
threshold=0.21000000000000005 0.19645000000000004 0.18859544078980175 0.31750000000000006 0.26050000000000006 3.4320000000000004 0.23550000000000001 0.23090000000000002 0.26215000000000005 0.33350000000000007
decision_type=2 2 2 2 2 2 2 2 2 2
left_child=1 3 -3 4 -1 6 -2 -8 -7 -10
right_child=5 2 -4 -5 -6 8 7 -9 9 -11
leaf_value=0.0017651043878960334 0.034295442016959957 -0.070221058623631857 0.025794753467792492 0.052378023086156855 -0.024537331171618326 0.048729365982359149 -0.044659604001071225 0.0030022464787190623 -0.019205044891922016 0.040209785192382407
leaf_weight=453.885921433568 14.247764617204664 10.610583290457727 6.2940988093614569 6.5427800714969626 28.204907573759556 12.66652864217758 12.30622725188732 141.10807001590729 13.537756010890009 14.414362266659735
leaf_count=1360 24 39 11 8 78 17 38 307 33 21
internal_value=0.00163707 -0.000259033 -0.0344716 0.00092458 0.00022627 0.00623927 0.00216318 -0.00082098 0.0230642 0.011434
internal_weight=713.819 505.538 16.9047 488.634 482.091 208.281 167.662 153.414 40.6186 27.9521
internal_count=1936 1496 50 1446 1438 440 369 345 71 54
is_linear=0
shrinkage=0.05


Tree=76
num_leaves=6
num_cat=0
split_feature=8 8 6 8 8
split_gain=2.53168 5.47039 3.65008 9.25317 6.61308
threshold=3.7230000000000003 3.5420000000000003 0.015213936966070466 3.2235000000000005 3.5125000000000006
decision_type=2 2 2 2 2
left_child=1 2 3 -1 -4
right_child=-2 -3 4 -5 -6
leaf_value=-0.054411957185693485 -0.022452087113968788 0.031339665077317717 0.0023498266697383539 0.023107078450300203 -0.045196451484458965
leaf_weight=9.3293443992733938 10.812927477061747 15.46066691726446 663.68635512515903 6.5539552122354499 7.3947405591607085
leaf_count=38 35 32 1791 15 25
internal_value=0.00155755 0.00192715 0.0012652 -0.0224251 0.00182591
internal_weight=713.238 702.425 686.964 15.8833 671.081
internal_count=1936 1901 1869 53 1816
is_linear=0
shrinkage=0.05


Tree=77
num_leaves=8
num_cat=0
split_feature=4 2 2 2 5 4 1
split_gain=2.49549 4.54194 5.00094 11.5217 8.68352 3.18757 3.42311
threshold=0.69395000000000018 0.61250000000000016 0.52775000000000005 0.50660000000000005 0.63925000000000021 0.59350000000000014 0.18245000000000003
decision_type=2 2 2 2 2 2 2
left_child=1 2 3 -1 -4 -3 -7
right_child=-2 5 4 -5 -6 6 -8
leaf_value=0.00062215240414622663 -0.023704065775418271 -0.0063968200958089798 -0.035306498484020281 0.040492768828897026 0.016820605571713321 0.046149867258335621 0.013005251924824933
leaf_weight=604.28924378380179 9.70292019844055 10.8503290861845 23.356752246618271 18.679876014590263 12.142811343073843 12.047882303595541 22.041743159294128
leaf_count=1702 27 25 69 29 23 16 45
internal_value=0.00147975 0.00182714 0.000777507 0.00181768 -0.0174761 0.0172065 0.0247192
internal_weight=713.112 703.409 658.469 622.969 35.4996 44.94 34.0896
internal_count=1936 1909 1823 1731 92 86 61
is_linear=0
shrinkage=0.05


Tree=78
num_leaves=12
num_cat=0
split_feature=1 1 1 1 2 0 4 1 0 1 6
split_gain=2.39367 6.04998 12.5013 11.6139 8.38476 6.3413 5.32188 9.84907 7.81692 6.56651 4.10809
threshold=0.11435000000000002 0.12555000000000002 0.13795000000000004 0.13110000000000002 0.20135000000000003 0.23650000000000002 0.55820000000000014 0.099750000000000019 0.19050000000000003 0.091200000000000017 0.049086273103991378
decision_type=2 2 2 2 2 2 2 2 2 2 2
left_child=6 4 3 -3 -2 -4 7 9 -9 -1 -6
right_child=1 2 5 -5 10 -7 -8 8 -10 -11 -12
leaf_value=-0.0022972529219078817 -0.024580463422033849 -0.0022306964318951393 0.016460311156142278 -0.075327861083815659 0.062470690175022082 0.00044706944784643574 0.043598253530661164 -0.06706266987502621 -0.009409071044349477 0.025606097493728826 0.022466818911617004
leaf_weight=272.23547300323844 7.3337169662117949 12.343938738107683 82.659166216850281 9.7071619108319265 9.3885184377431887 245.27974735200405 6.343281000852584 10.039055481553079 14.188730567693709 22.8544941842556 20.280985027551651
leaf_count=949 22 29 171 37 12 547 9 37 38 46 39
internal_value=0.00140744 0.00406567 0.00203291 -0.034409 0.0232923 0.00448331 -0.00175143 -0.0026523 -0.0332985 -0.00013616 0.0351255
internal_weight=712.654 386.993 349.99 22.0511 37.0032 327.939 325.661 319.318 24.2278 295.09 29.6695
internal_count=1936 857 784 66 73 718 1079 1070 75 995 51
is_linear=0
shrinkage=0.05


Tree=79
num_leaves=8
num_cat=0
split_feature=8 8 6 6 3 3 8
split_gain=2.36358 5.54986 4.5497 6.34296 3.50327 18.0879 7.38151
threshold=2.5165000000000002 2.5685000000000007 0.1182779423995194 0.089974315787452311 0.049900000000000007 0.10290000000000001 2.7845000000000004
decision_type=2 2 2 2 2 2 2
left_child=2 -2 3 -1 6 -6 -3
right_child=1 4 -4 -5 5 -7 -8
leaf_value=-0.0023725610285563808 -0.041571151094205908 0.033900912363093373 -0.013917112291597131 0.051255877461467564 -0.037438215603729785 0.001944087231312887 0.0024549728273754253
leaf_weight=10.040107876062399 7.6723573878407469 19.541849724948406 9.7225306034088117 12.229956284165381 34.006501734256744 204.4033000394702 414.44946563616395
leaf_count=28 28 38 26 17 154 496 1149
internal_value=0.00133831 0.000713504 0.0146198 0.0270783 0.00119599 -0.00367336 0.00387093
internal_weight=712.066 680.073 31.9926 22.2701 672.401 238.41 433.991
internal_count=1936 1865 71 45 1837 650 1187
is_linear=0
shrinkage=0.05


Tree=80
num_leaves=6
num_cat=0
split_feature=8 8 6 8 8
split_gain=2.26858 4.84595 3.41789 8.45921 5.95704
threshold=3.7230000000000003 3.5420000000000003 0.015213936966070466 3.2235000000000005 3.5125000000000006
decision_type=2 2 2 2 2
left_child=1 2 3 -1 -4
right_child=-2 -3 4 -5 -6
leaf_value=-0.052883704611834996 -0.021445312789213189 0.02933800922736118 0.0020407248477696399 0.021408740528919737 -0.043042168451446046
leaf_weight=9.218429319560526 10.821864411234854 15.425318248569964 661.90025862678885 6.5569863617420188 7.4093758985400191
leaf_count=38 35 32 1791 15 25
internal_value=0.00127252 0.00162347 0.000999457 -0.0220044 0.00154165
internal_weight=711.332 700.51 685.085 15.7754 669.31
internal_count=1936 1901 1869 53 1816
is_linear=0
shrinkage=0.05


Tree=81
num_leaves=7
num_cat=0
split_feature=4 2 3 5 4 1
split_gain=2.25973 4.03292 4.94071 6.83514 2.92947 3.13674
threshold=0.69395000000000018 0.61250000000000016 0.2606500000000001 0.63925000000000021 0.59350000000000014 0.18245000000000003
decision_type=2 2 2 2 2 2
left_child=1 2 3 -1 -3 -6
right_child=-2 4 -4 -5 5 -7
leaf_value=0.00036762398583485367 -0.0227494647728817 -0.0065297896151638828 -0.041089690401547883 0.042293288852069948 0.044149232940300265 0.012179641302050723
leaf_weight=639.98752164468169 9.7076062858104688 10.831288784742354 7.0464343428611746 9.8713100999593717 11.797078087925909 21.945930048823357
leaf_count=1788 27 25 21 14 16 45
internal_value=0.00120894 0.0015405 0.00055294 0.00100447 0.0160945 0.0233567
internal_weight=711.187 701.48 656.905 649.859 44.5743 33.743
internal_count=1936 1909 1823 1802 86 61
is_linear=0
shrinkage=0.05


Tree=82
num_leaves=11
num_cat=0
split_feature=1 1 0 0 0 8 0 1 1 2
split_gain=2.27563 7.37394 13.2686 6.48472 7.02153 5.35112 5.69979 9.43073 4.28866 9.6127
threshold=0.21000000000000005 0.19645000000000004 0.28750000000000003 0.31750000000000006 0.26050000000000006 3.4320000000000004 0.23550000000000001 0.23090000000000002 0.26215000000000005 0.33375000000000005
decision_type=2 2 2 2 2 2 2 2 2 2
left_child=1 3 -3 4 -1 6 -2 -8 -7 -10
right_child=5 2 -4 -5 -6 8 7 -9 9 -11
leaf_value=0.0012966017717207165 0.032109722043651402 -0.06772593033114846 0.024167966749894711 0.050491714710953532 -0.024499788015152985 0.046450072130914913 -0.043191700261742849 0.0024902273224940005 -0.026827856453541535 0.033855969944280889
leaf_weight=452.80424283444881 14.034822344779966 10.476702824234964 6.2845540195703498 6.3912492692470542 28.010526910424232 12.360834673047064 12.286754652857779 140.37402036786079 10.453444793820383 17.369070038199425
leaf_count=1360 24 39 11 8 78 17 38 307 27 27
internal_value=0.00114961 -0.000662939 -0.0332707 0.000458861 -0.000206202 0.00556507 0.00161691 -0.00118644 0.0219435 0.0110559
internal_weight=710.846 503.967 16.7613 487.206 480.815 206.879 166.696 152.661 40.1833 27.8225
internal_count=1936 1496 50 1446 1438 440 369 345 71 54
is_linear=0
shrinkage=0.05


Tree=83
num_leaves=8
num_cat=0
split_feature=8 8 6 6 0 7 2
split_gain=2.20658 4.96242 4.03683 5.83886 3.32936 8.78164 5.34665
threshold=2.5165000000000002 2.5685000000000007 0.1182779423995194 0.089974315787452311 0.077500000000000013 1.0000000180025095e-35 0.045150000000000003
decision_type=2 2 2 2 2 2 2
left_child=2 -2 3 -1 5 -3 -6
right_child=1 4 -4 -5 6 -7 -8
leaf_value=-0.0023871666477018362 -0.039533567683920794 -0.044772924869884524 -0.012889984275553767 0.04924027573595452 0.037322295574395654 0.0067849035851275099 0.001173395537656981
leaf_weight=10.038043722510343 7.6570178866386405 13.951418019831179 9.7181735932826978 12.051702499389647 10.398836214095352 20.241665840148926 626.16303825378418
leaf_count=28 28 95 26 17 49 91 1602
internal_value=0.00109407 0.000490599 0.0139651 0.0257797 0.000947496 -0.0142517 0.00176392
internal_weight=710.22 678.412 31.8079 22.0897 670.755 34.1931 636.562
internal_count=1936 1865 71 45 1837 186 1651
is_linear=0
shrinkage=0.05


Tree=84
num_leaves=10
num_cat=0
split_feature=7 6 0 1 8 6 6 0 8
split_gain=2.21753 14.034 7.23142 13.6646 9.66231 8.25115 5.70088 7.02386 3.5022
threshold=1.0000000180025095e-35 0.01769005669596857 0.42650000000000005 0.30635000000000007 3.3125000000000004 0.031140684077182863 0.022101097020999393 0.40750000000000003 3.0995000000000004
decision_type=2 2 2 2 2 2 2 2 2
left_child=1 -1 3 4 -2 -5 8 -8 -3
right_child=2 6 -4 5 -6 -7 7 -9 -10
leaf_value=-0.056478547907208278 -0.0010728337399055416 0.010008379526371463 -0.04713088777825622 0.06114609176059338 -0.027457335708397562 0.012262143238339542 0.0020597490587498414 0.031889555562891317 0.055781025228014869
leaf_weight=9.4665444344282133 233.51903105154634 8.0779261589050311 8.6300906389951688 11.470060229301451 40.755504049360752 34.889844492077827 333.47057737037539 20.97524718940258 8.6580547764897329
leaf_count=38 671 21 25 15 140 69 903 33 21
internal_value=0.00103924 0.00363827 -0.00196539 -0.000749736 -0.00499341 0.0243567 0.00517148 0.003825 0.033688
internal_weight=709.913 380.648 329.265 320.634 274.275 46.3599 371.182 354.446 16.736
internal_count=1936 1016 920 895 811 84 978 936 42
is_linear=0
shrinkage=0.05


Tree=85
num_leaves=8
num_cat=0
split_feature=3 6 3 4 0 3 6
split_gain=2.21812 5.53295 5.14502 7.39017 5.05228 4.94431 4.83036
threshold=0.23245000000000002 0.19175044843677408 0.21755000000000002 0.58040000000000014 0.31150000000000005 0.052000000000000011 0.16211714065434257
decision_type=2 2 2 2 2 2 2
left_child=2 6 3 5 -3 -1 -2
right_child=1 4 -4 -5 -6 -7 -8
leaf_value=0.0027974703623287415 -0.0021469663128415866 0.0079533346853354527 -0.031432941281614356 0.036877719580470918 -0.040676102062441211 -0.0070399838716843528 0.038965396119235524
leaf_weight=447.61986063048244 11.019526079297068 17.36658546328545 12.63224485516548 13.879011392593382 7.7132913619279853 178.72458475828171 20.317388609051704
leaf_count=1231 25 38 35 21 24 531 31
internal_value=0.000988527 0.0105003 0.000166565 0.000790054 -0.0070026 -9.60318e-06 0.0245084
internal_weight=709.272 56.4168 652.856 640.223 25.0799 626.344 31.3369
internal_count=1936 118 1818 1783 62 1762 56
is_linear=0
shrinkage=0.05


Tree=86
num_leaves=14
num_cat=0
split_feature=8 1 1 0 1 8 0 3 1 4 6 5 0
split_gain=2.17549 6.08435 7.51951 6.57319 5.60645 5.4711 7.54434 7.40512 5.17504 4.9951 4.88097 3.8907 3.45021
threshold=2.9385000000000008 0.023350000000000006 0.061500000000000006 0.086500000000000007 0.11095000000000001 2.9935000000000005 0.43250000000000005 0.23685000000000003 0.0034500000000000004 0.21590000000000001 0.04653647242829554 0.36705000000000004 0.12450000000000001
decision_type=2 2 2 2 2 2 2 2 2 2 2 2 2
left_child=1 3 11 9 -4 7 8 10 -7 -1 -2 -3 -5
right_child=5 2 4 12 -6 6 -8 -9 -10 -11 -12 -13 -14
leaf_value=0.014516917982086684 -0.041771460773784345 0.01779594017781513 -0.014990785037825772 -0.070668666883529616 0.0092667819261711415 -0.035254660628136827 -0.03766687600836259 0.034444257742232524 0.0032455670701317749 -0.039344423410259337 -0.010692301655313994 0.05139351032662956 -0.011223173905212838
leaf_weight=16.835273422300819 17.069571688771248 29.382218711078167 31.893103197216988 6.2631531283259374 94.094415634870529 8.9160209707915765 12.06250639259815 7.260272651910781 414.45298083126545 5.7832819372415534 48.605735674500465 12.192674383521078 3.9996292293071747
leaf_count=68 71 73 84 35 198 56 33 12 1103 22 145 18 18
internal_value=0.000940323 0.00535171 0.00921065 -0.0143133 0.0031261 -0.000799042 0.00132385 -0.0134729 0.00243476 0.000745246 -0.01877 0.0276491 -0.0475015
internal_weight=708.811 200.444 167.562 32.8813 125.988 508.367 435.432 72.9356 423.369 22.6186 65.6753 41.5749 10.2628
internal_count=1936 516 373 143 282 1420 1192 228 1159 90 216 91 53
is_linear=0
shrinkage=0.05


Tree=87
num_leaves=5
num_cat=0
split_feature=4 4 3 5
split_gain=2.13788 3.671 3.75501 7.1951
threshold=0.69395000000000018 0.66900000000000015 0.26385000000000008 0.64810000000000012
decision_type=2 2 2 2
left_child=1 2 3 -1
right_child=-2 -3 -4 -5
leaf_value=0.00041708922633981347 -0.022450579697601725 0.032028941282625761 -0.026797264918487891 0.031926923055613031
leaf_weight=658.14120049402118 9.6736543476581556 9.5348912179470044 12.117424413561819 18.629771873354912
leaf_count=1829 27 15 34 31
internal_value=0.000893655 0.00121699 0.000790521 0.00128447
internal_weight=708.097 698.423 688.888 676.771
internal_count=1936 1909 1894 1860
is_linear=0
shrinkage=0.05


Tree=88
num_leaves=6
num_cat=0
split_feature=8 8 6 8 8
split_gain=2.13134 4.43444 3.03861 7.50973 5.27729
threshold=3.7230000000000003 3.5420000000000003 0.015213936966070466 3.2235000000000005 3.5125000000000006
decision_type=2 2 2 2 2
left_child=1 2 3 -1 -4
right_child=-2 -3 4 -5 -6
leaf_value=-0.050757659435337943 -0.021220554447336802 0.027780581292197432 0.0015742645778283504 0.01956472825597777 -0.040943494493883154
leaf_weight=9.04170363396406 10.772543139755724 15.335083104670046 658.75169529020786 6.5442596375942221 7.3798599690198889
leaf_count=38 35 32 1791 15 25
internal_value=0.000849661 0.00119074 0.000592611 -0.0212306 0.00110322
internal_weight=707.825 697.053 681.718 15.586 666.132
internal_count=1936 1901 1869 53 1816
is_linear=0
shrinkage=0.05


Tree=89
num_leaves=8
num_cat=0
split_feature=8 8 6 6 3 3 8
split_gain=2.03345 4.49073 3.7366 5.50816 3.23893 15.8168 6.5489
threshold=2.5165000000000002 2.5685000000000007 0.1182779423995194 0.089974315787452311 0.049900000000000007 0.10290000000000001 2.7845000000000004
decision_type=2 2 2 2 2 2 2
left_child=2 -2 3 -1 6 -6 -3
right_child=1 4 -4 -5 5 -7 -8
leaf_value=-0.002658103999361147 -0.037868412606828605 0.031660193342806085 -0.012686850793972596 0.047693999453186746 -0.035897409280801554 0.001210457666796144 0.0019047994019942872
leaf_weight=10.014696814119821 7.6478947699069968 19.358856163918972 9.65883721411228 11.867827668786047 33.451751478016376 202.85062488913536 412.81803526729345
leaf_count=28 28 38 26 17 154 496 1149
internal_value=0.00080716 0.000228268 0.0132164 0.02465 0.000664122 -0.00404266 0.00323766
internal_weight=707.669 676.127 31.5414 21.8825 668.479 236.302 432.177
internal_count=1936 1865 71 45 1837 650 1187
is_linear=0
shrinkage=0.05


Tree=90
num_leaves=10
num_cat=0
split_feature=6 8 6 8 6 8 1 1 8
split_gain=2.05343 9.21027 8.83236 6.49785 5.87439 9.34248 5.28831 12.2337 5.26701
threshold=0.043407605443646038 2.5685000000000007 0.042254032884255756 2.7885000000000004 0.046875732231972785 3.0535000000000001 0.23305000000000001 0.21660000000000004 2.9265000000000003
decision_type=2 2 2 2 2 2 2 2 2
left_child=1 -1 3 -3 5 -2 7 -6 -8
right_child=4 2 -4 -5 6 -7 8 -9 -10
leaf_value=-0.059642635486392676 0.044302304137952435 0.031741858881436283 -0.053424557811651147 -0.0017874425791427836 -0.00030843612578246836 -0.015076739976901772 0.041149015711552141 -0.063614617064083875 0.0069046879177277606
leaf_weight=6.9653730094432822 19.616811774671081 15.516864210367201 7.852445311844348 210.1161662042141 327.6783678047359 10.001593373715876 12.860027894377707 7.8133823275566092 88.513351708650589
leaf_count=29 37 32 31 668 879 35 19 26 180
internal_value=0.000767422 -0.00298599 -0.0012958 0.000518379 0.00270213 0.0242511 0.00124116 -0.0017828 0.0112489
internal_weight=706.934 240.451 233.485 225.633 466.484 29.6184 436.865 335.492 101.373
internal_count=1936 760 731 700 1176 72 1104 905 199
is_linear=0
shrinkage=0.05


Tree=91
num_leaves=10
num_cat=0
split_feature=2 0 2 8 8 1 1 1 3
split_gain=2.08858 5.79987 5.21041 5.05731 12.1878 9.68191 4.17625 3.82633 1.03061
threshold=0.13360000000000002 0.19750000000000004 0.13590000000000002 3.2375000000000003 3.2185000000000001 0.0072500000000000004 0.0038500000000000006 0.11435000000000002 0.07110000000000001
decision_type=2 2 2 2 2 2 2 2 2
left_child=1 3 -2 4 -1 -5 8 -8 -4
right_child=2 -3 6 5 -6 -7 7 -9 -10
leaf_value=-0.003208378046618643 0.052530967702699438 -0.063760450556475695 0.01359973544281454 0.032254031335248658 0.073610983997993332 -0.048319951167563685 -0.0048212629830518654 0.0037047992671819449 0.03913783742742493
leaf_weight=76.021876510232687 5.0317500829696646 4.1436095759272566 7.6519200503826132 5.0994169861078289 5.5394908636808387 13.866231724619864 201.50835362076759 379.2563931196928 8.1670804023742658
leaf_count=337 9 28 22 21 15 78 570 838 18
internal_value=0.000730151 -0.00578841 0.00186427 -0.00339887 0.00200904 -0.0266555 0.00143693 0.000746505 0.0267846
internal_weight=706.286 104.671 601.615 100.527 81.5614 18.9656 596.584 580.765 15.819
internal_count=1936 479 1457 451 352 99 1448 1408 40
is_linear=0
shrinkage=0.05


Tree=92
num_leaves=10
num_cat=0
split_feature=7 6 0 1 8 6 6 0 8
split_gain=2.03097 12.6721 10.1173 12.8868 8.92007 6.2959 5.08589 6.20187 3.15868
threshold=1.0000000180025095e-35 0.01769005669596857 0.43250000000000005 0.31465000000000004 3.3125000000000004 0.031140684077182863 0.022101097020999393 0.40750000000000003 3.0995000000000004
decision_type=2 2 2 2 2 2 2 2 2
left_child=1 -1 3 4 -2 -5 8 -8 -3
right_child=2 6 -4 5 -6 -7 7 -9 -10
leaf_value=-0.054450165160057996 -0.0011230882244357878 0.0089734720864497585 -0.060400881744810002 0.059479113348981344 -0.026476638252054336 0.014108993775151873 0.0017144314453752818 0.030055984425767512 0.052504903728416402
leaf_weight=9.3015837669372541 235.63597794249654 8.0150230228900927 7.2982066869735709 9.8749748170375806 40.681564137339592 33.881966665387154 331.81153737381101 20.494820430874825 8.6801032423973066
leaf_count=38 677 21 23 13 141 66 903 33 21
internal_value=0.000692788 0.00318807 -0.0021907 -0.000863411 -0.00485583 0.024348 0.00464099 0.00336315 0.0316063
internal_weight=705.676 378.303 327.373 320.074 276.318 43.7569 369.001 352.306 16.6951
internal_count=1936 1016 920 897 818 79 978 936 42
is_linear=0
shrinkage=0.05


Tree=93
num_leaves=5
num_cat=0
split_feature=4 4 3 5
split_gain=1.9907 3.45586 3.33121 6.4915
threshold=0.69395000000000018 0.66900000000000015 0.26385000000000008 0.64810000000000012
decision_type=2 2 2 2
left_child=1 2 3 -1
right_child=-2 -3 -4 -5
leaf_value=0.00020575287538304564 -0.021857318067823282 0.031044351103393781 -0.025376310189706187 0.030335671578108889
leaf_weight=655.35603795573115 9.6814465820789319 9.4244109690189344 12.161126881837843 18.378101631999016
leaf_count=1829 27 15 34 31
internal_value=0.000659167 0.00097268 0.000559486 0.00102764
internal_weight=705.001 695.32 685.895 673.734
internal_count=1936 1909 1894 1860
is_linear=0
shrinkage=0.05


Tree=94
num_leaves=6
num_cat=0
split_feature=6 6 7 0 0
split_gain=1.95015 9.64915 2.50725 8.97365 4.86464
threshold=0.011077451940924606 0.015213936966070466 1.0000000180025095e-35 0.43250000000000005 0.077500000000000013
decision_type=2 2 2 2 2
left_child=-1 -2 4 -4 -3
right_child=1 2 3 -5 -6
leaf_value=0.023387280910826182 -0.054454197103032759 -0.020286984589838814 -0.0010138758762203695 -0.056793248880764993 0.0051049611431060148
leaf_weight=9.2871608659625036 7.9476779252290717 19.932320110499859 308.75664594396949 7.3828570693731299 351.42335828766227
leaf_count=24 32 110 866 23 881
internal_value=0.000626787 0.000322836 0.000956077 -0.0023165 0.00374206
internal_weight=704.73 695.443 687.495 316.14 371.356
internal_count=1936 1912 1880 889 991
is_linear=0
shrinkage=0.05


Tree=95
num_leaves=11
num_cat=0
split_feature=8 6 6 0 8 8 0 1 2 1
split_gain=1.93279 3.49455 4.92139 3.0721 8.47387 15.7858 7.3021 5.60229 11.2698 6.45134
threshold=2.5165000000000002 0.1182779423995194 0.089974315787452311 0.077500000000000013 3.1045000000000003 3.2375000000000003 0.057500000000000009 0.010850000000000002 0.05365000000000001 0.015950000000000002
decision_type=2 2 2 2 2 2 2 2 2 2
left_child=1 2 -1 4 6 -6 -2 8 -5 -9
right_child=3 -3 -4 7 5 -7 -8 9 -10 -11
leaf_value=-0.0018358608982776534 0.0010053096102628654 -0.012279577678922501 0.04596260386625646 0.076498646083051125 0.045776944800462169 -0.061745763274869428 -0.063140860714992461 -0.039460409429708285 0.0029104139316101559 0.00052547900257716453
leaf_weight=10.007275268435484 7.3844097256660488 9.6564754247665388 11.659427583217619 7.2513770572841194 10.943530321121214 4.9610281288623801 11.113663148134945 10.259014047682284 18.416895113885403 602.7847228422761
leaf_count=28 39 26 17 23 39 37 77 59 65 1526
internal_value=0.000595555 0.0127365 0.0238858 3.05794e-05 -0.014524 0.0122379 -0.0375338 0.000814525 0.0236993 -0.000143667
internal_weight=704.438 31.3232 21.6667 673.115 34.4026 15.9046 18.4981 638.712 25.6683 613.044
internal_count=1936 71 45 1865 192 76 116 1673 88 1585
is_linear=0
shrinkage=0.05


Tree=96
num_leaves=8
num_cat=0
split_feature=3 3 6 6 6 0 6
split_gain=1.86777 5.0105 6.3856 4.89786 4.4463 4.38926 4.28845
threshold=0.23245000000000002 0.21755000000000002 0.20040585785479828 0.19175044843677408 0.17930298697553468 0.31150000000000005 0.16211714065434257
decision_type=2 2 2 2 2 2 2
left_child=1 2 4 6 -1 -5 -2
right_child=3 -3 -4 5 -6 -7 -8
leaf_value=0.00027445114662049541 -0.002476359807061174 -0.031432762078696677 0.031350518547262334 0.006944409691049664 -0.027630080837457379 -0.038440132396583546 0.036572640806043243
leaf_weight=604.74794014543295 10.897382691502573 12.584168687462805 16.267872214317322 17.194808155298237 14.620554253458975 7.7189331501722327 19.817300647497177
leaf_count=1712 25 35 27 38 44 24 31
internal_value=0.000563948 -0.000190587 0.000427938 0.0093563 -0.000384252 -0.00711692 0.0227183
internal_weight=703.849 648.221 635.636 55.6284 619.368 24.9137 30.7147
internal_count=1936 1818 1783 118 1756 62 56
is_linear=0
shrinkage=0.05


Tree=97
num_leaves=10
num_cat=0
split_feature=6 8 6 8 6 8 6 8 3
split_gain=1.84299 8.32267 8.02944 5.87152 5.49559 8.17821 4.95854 13.1868 5.55908
threshold=0.043407605443646038 2.5685000000000007 0.042254032884255756 2.7885000000000004 0.046875732231972785 3.0535000000000001 0.052501666807157434 3.1575000000000002 0.052000000000000011
decision_type=2 2 2 2 2 2 2 2 2
left_child=1 -1 3 -3 5 -2 7 -6 -8
right_child=4 2 -4 -5 6 -7 8 -9 -10
leaf_value=-0.057285873221833296 0.042035645564398906 0.030080870757899475 -0.05143018816001528 -0.0018916016189151697 -0.04407920071165175 -0.013765806248250471 0.010650850413238652 0.014432169559037087 -0.0017459281732185709
leaf_weight=6.8647159710526457 19.540289141237739 15.416880279779432 7.7598780542612067 209.35845742747188 20.172452159225941 9.889118127524851 139.69358137249947 18.424395278096199 256.44755404442549
leaf_count=29 37 32 31 668 72 35 306 40 686
internal_value=0.000536521 -0.00302679 -0.001425 0.000301325 0.00237434 0.0232848 0.000958819 -0.0161485 0.00262562
internal_weight=703.567 239.4 232.535 224.775 464.167 29.4294 434.738 38.5968 396.141
internal_count=1936 760 731 700 1176 72 1104 112 992
is_linear=0
shrinkage=0.05


Tree=98
num_leaves=11
num_cat=0
split_feature=8 6 6 0 8 8 0 1 2 1
split_gain=1.83617 3.24269 4.40036 2.75635 7.84334 14.401 7.00311 5.0174 9.71085 5.92772
threshold=2.5165000000000002 0.1182779423995194 0.089974315787452311 0.077500000000000013 3.1045000000000003 3.2375000000000003 0.057500000000000009 0.010850000000000002 0.05365000000000001 0.015950000000000002
decision_type=2 2 2 2 2 2 2 2 2 2
left_child=1 2 -1 4 6 -6 -2 8 -5 -9
right_child=3 -3 -4 7 5 -7 -8 9 -10 -11
leaf_value=-0.0010536234780010544 0.00095155118254017321 -0.011672754062131007 0.044312367533034643 0.070327372610572023 0.042875499160008906 -0.061066006633753001 -0.062370973608992644 -0.038335913513376799 0.0027522754087659397 0.00042163948702969947
leaf_weight=9.9988127574324661 7.3901912122964886 9.666244298219679 11.484988316893576 7.4736996851861504 11.115536980330942 4.7591709718108168 10.671007167547939 10.029783785343168 18.418930619955063 601.94122299551964
leaf_count=28 39 26 17 23 39 37 77 59 65 1526
internal_value=0.000510126 0.0123775 0.0231985 -4.01421e-05 -0.0139253 0.0117143 -0.036461 0.000698583 0.0222573 -0.00021357
internal_weight=702.95 31.15 21.4838 671.8 33.9359 15.8747 18.0612 637.864 25.8926 611.971
internal_count=1936 71 45 1865 192 76 116 1673 88 1585
is_linear=0
shrinkage=0.05


Tree=99
num_leaves=9
num_cat=0
split_feature=2 0 6 6 2 1 0 3
split_gain=1.83236 5.55682 4.88686 10.4581 4.78457 3.88748 3.38777 0.958442
threshold=0.13360000000000002 0.19750000000000004 0.053459740507508575 0.045768643189599757 0.13590000000000002 0.0038500000000000006 0.11050000000000001 0.07110000000000001
decision_type=2 2 2 2 2 2 2 2
left_child=1 2 3 -1 -2 7 -7 -6
right_child=4 -3 -4 -5 5 6 -8 -9
leaf_value=-0.0021828717206319281 0.050272808438977946 -0.063209957037902539 0.032118316504623552 -0.069363265842965052 0.012893697826122836 -0.016033662424077992 0.0013568292729223223 0.037619649231554239
leaf_weight=84.554504126310349 4.9957588091492644 4.0305950641632071 8.8598991334438306 6.2191629633307448 7.574252948164939 29.511441700160503 548.47424367070198 8.1217283159494382
leaf_count=392 9 28 20 39 22 109 1299 18
internal_value=0.000482949 -0.00565443 -0.00332607 -0.00678559 0.00154567 0.00113564 0.000468886 0.0256879
internal_weight=702.342 103.664 99.6336 90.7737 598.677 593.682 577.986 15.696
internal_count=1936 479 451 431 1457 1448 1408 40
is_linear=0
shrinkage=0.05


end of trees

feature_importances:
p_linear=192
model_disagreement=173
p_mc=169
opp_ga_per_game=153
p_xg=97
p_market=82
p_lineup=62
p_neural_v2=46
is_home=12

parameters:
[boosting: gbdt]
[objective: binary]
[metric: binary_logloss]
[tree_learner: serial]
[device_type: cpu]
[data_sample_strategy: bagging]
[data: ]
[valid: ]
[num_iterations: 100]
[learning_rate: 0.05]
[num_leaves: 15]
[num_threads: 0]
[seed: 42]
[deterministic: 0]
[force_col_wise: 0]
[force_row_wise: 0]
[histogram_pool_size: -1]
[max_depth: 4]
[min_data_in_leaf: 20]
[min_sum_hessian_in_leaf: 0.001]
[bagging_fraction: 1]
[pos_bagging_fraction: 1]
[neg_bagging_fraction: 1]
[bagging_freq: 0]
[bagging_seed: 400]
[bagging_by_query: 0]
[feature_fraction: 1]
[feature_fraction_bynode: 1]
[feature_fraction_seed: 30056]
[extra_trees: 0]
[extra_seed: 12879]
[early_stopping_round: 0]
[early_stopping_min_delta: 0]
[first_metric_only: 0]
[max_delta_step: 0]
[lambda_l1: 0]
[lambda_l2: 0]
[linear_lambda: 0]
[min_gain_to_split: 0]
[drop_rate: 0.1]
[max_drop: 50]
[skip_drop: 0.5]
[xgboost_dart_mode: 0]
[uniform_drop: 0]
[drop_seed: 17869]
[top_rate: 0.2]
[other_rate: 0.1]
[min_data_per_group: 100]
[max_cat_threshold: 32]
[cat_l2: 10]
[cat_smooth: 10]
[max_cat_to_onehot: 4]
[top_k: 20]
[monotone_constraints: ]
[monotone_constraints_method: basic]
[monotone_penalty: 0]
[feature_contri: ]
[forcedsplits_filename: ]
[refit_decay_rate: 0.9]
[cegb_tradeoff: 1]
[cegb_penalty_split: 0]
[cegb_penalty_feature_lazy: ]
[cegb_penalty_feature_coupled: ]
[path_smooth: 0]
[interaction_constraints: ]
[verbosity: -1]
[saved_feature_importance_type: 0]
[use_quantized_grad: 0]
[num_grad_quant_bins: 4]
[quant_train_renew_leaf: 0]
[stochastic_rounding: 1]
[linear_tree: 0]
[max_bin: 255]
[max_bin_by_feature: ]
[min_data_in_bin: 3]
[bin_construct_sample_cnt: 200000]
[data_random_seed: 175]
[is_enable_sparse: 1]
[enable_bundle: 1]
[use_missing: 1]
[zero_as_missing: 0]
[feature_pre_filter: 1]
[pre_partition: 0]
[two_round: 0]
[header: 0]
[label_column: ]
[weight_column: ]
[group_column: ]
[ignore_column: ]
[categorical_feature: ]
[forcedbins_filename: ]
[precise_float_parser: 0]
[parser_config_file: ]
[objective_seed: 16083]
[num_class: 1]
[is_unbalance: 0]
[scale_pos_weight: 5.36842]
[sigmoid: 1]
[boost_from_average: 1]
[reg_sqrt: 0]
[alpha: 0.9]
[fair_c: 1]
[poisson_max_delta_step: 0.7]
[tweedie_variance_power: 1.5]
[lambdarank_truncation_level: 30]
[lambdarank_norm: 1]
[label_gain: ]
[lambdarank_position_bias_regularization: 0]
[eval_at: ]
[multi_error_top_k: 1]
[auc_mu_weights: ]
[num_machines: 1]
[local_listen_port: 12400]
[time_out: 120]
[machine_list_filename: ]
[machines: ]
[gpu_platform_id: -1]
[gpu_device_id: -1]
[gpu_device_id_list: ]
[gpu_use_dp: 0]
[num_gpu: 1]

end of parameters

pandas_categorical:[]
